trial_id,sample,ok,iou_mean,dice_mean,boundary_f1_mean,box_iou_mean,runtime_s,error,flags_json
phase4__input_1__threshold=adaptive-mean-11-5,input_1,True,0.3252009066358025,0.4613183255118554,0.0,0.5074890046296296,610.5230044079944,,"{""colorspace"": ""CIELAB"", ""channel_weights"": ""1,0,0"", ""darken_only"": true, ""peak_reference"": true, ""ref_mode"": [""first""], ""ref_running_alpha"": 0.05, ""dynamic_target_fraction"": 0.2, ""dynamic_lag_scale"": 1, ""pre_delta_blur"": ""none"", ""blur"": ""gaussian:9"", ""threshold"": ""adaptive-mean:11:5"", ""threshold_offset"": -10, ""morph_kernel"": 21, ""morph_shape"": ""ellipse"", ""morph_close_iterations"": 1, ""morph_open_iterations"": 1, ""min_area"": 1600, ""lock_frames"": 0, ""camera_stable"": false, ""motion_model"": ""affine"", ""motion_per_frame_threshold"": 1.5, ""cumulative_motion_threshold"": 3, ""peak_on_shift"": ""reset"", ""write_mask_pngs"": ""true"", ""write_overlay_pngs"": ""false"", ""write_heatmap_pngs"": ""false"", ""backend"": ""cuda"", ""roi_mask"": ""/home/j-vaught/bench_vrifa/data/roi_masks/input_1.png""}"
phase4__input_1__threshold=adaptive-mean-31--5,input_1,True,0.6109190598030498,0.7487228111952267,0.24387392184822038,0.8214022865450881,625.1908756159246,,"{""colorspace"": ""CIELAB"", ""channel_weights"": ""1,0,0"", ""darken_only"": true, ""peak_reference"": true, ""ref_mode"": [""first""], ""ref_running_alpha"": 0.05, ""dynamic_target_fraction"": 0.2, ""dynamic_lag_scale"": 1, ""pre_delta_blur"": ""none"", ""blur"": ""gaussian:9"", ""threshold"": ""adaptive-mean:31:-5"", ""threshold_offset"": -10, ""morph_kernel"": 21, ""morph_shape"": ""ellipse"", ""morph_close_iterations"": 1, ""morph_open_iterations"": 1, ""min_area"": 1600, ""lock_frames"": 0, ""camera_stable"": false, ""motion_model"": ""affine"", ""motion_per_frame_threshold"": 1.5, ""cumulative_motion_threshold"": 3, ""peak_on_shift"": ""reset"", ""write_mask_pngs"": ""true"", ""write_overlay_pngs"": ""false"", ""write_heatmap_pngs"": ""false"", ""backend"": ""cuda"", ""roi_mask"": ""/home/j-vaught/bench_vrifa/data/roi_masks/input_1.png""}"
phase4__input_1__threshold=adaptive-mean-11--5,input_1,True,0.503021433242161,0.6480970992066907,0.22048894872450453,0.9396010138136168,637.088024456054,,"{""colorspace"": ""CIELAB"", ""channel_weights"": ""1,0,0"", ""darken_only"": true, ""peak_reference"": true, ""ref_mode"": [""first""], ""ref_running_alpha"": 0.05, ""dynamic_target_fraction"": 0.2, ""dynamic_lag_scale"": 1, ""pre_delta_blur"": ""none"", ""blur"": ""gaussian:9"", ""threshold"": ""adaptive-mean:11:-5"", ""threshold_offset"": -10, ""morph_kernel"": 21, ""morph_shape"": ""ellipse"", ""morph_close_iterations"": 1, ""morph_open_iterations"": 1, ""min_area"": 1600, ""lock_frames"": 0, ""camera_stable"": false, ""motion_model"": ""affine"", ""motion_per_frame_threshold"": 1.5, ""cumulative_motion_threshold"": 3, ""peak_on_shift"": ""reset"", ""write_mask_pngs"": ""true"", ""write_overlay_pngs"": ""false"", ""write_heatmap_pngs"": ""false"", ""backend"": ""cuda"", ""roi_mask"": ""/home/j-vaught/bench_vrifa/data/roi_masks/input_1.png""}"
phase4__input_1__threshold=manual-130,input_1,True,0.00035227246659545416,0.0007033061562187935,0.004874352943723751,0.00037053775695530247,642.1585593605414,,"{""colorspace"": ""CIELAB"", ""channel_weights"": ""1,0,0"", ""darken_only"": true, ""peak_reference"": true, ""ref_mode"": [""first""], ""ref_running_alpha"": 0.05, ""dynamic_target_fraction"": 0.2, ""dynamic_lag_scale"": 1, ""pre_delta_blur"": ""none"", ""blur"": ""gaussian:9"", ""threshold"": ""manual:130"", ""threshold_offset"": -10, ""morph_kernel"": 21, ""morph_shape"": ""ellipse"", ""morph_close_iterations"": 1, ""morph_open_iterations"": 1, ""min_area"": 1600, ""lock_frames"": 0, ""camera_stable"": false, ""motion_model"": ""affine"", ""motion_per_frame_threshold"": 1.5, ""cumulative_motion_threshold"": 3, ""peak_on_shift"": ""reset"", ""write_mask_pngs"": ""true"", ""write_overlay_pngs"": ""false"", ""write_heatmap_pngs"": ""false"", ""backend"": ""cuda"", ""roi_mask"": ""/home/j-vaught/bench_vrifa/data/roi_masks/input_1.png""}"
phase4__input_1__threshold=manual-50,input_1,True,0.913699761149638,0.9521481796307822,0.526824009103136,0.9775722457057002,664.8825998473912,,"{""colorspace"": ""CIELAB"", ""channel_weights"": ""1,0,0"", ""darken_only"": true, ""peak_reference"": true, ""ref_mode"": [""first""], ""ref_running_alpha"": 0.05, ""dynamic_target_fraction"": 0.2, ""dynamic_lag_scale"": 1, ""pre_delta_blur"": ""none"", ""blur"": ""gaussian:9"", ""threshold"": ""manual:50"", ""threshold_offset"": -10, ""morph_kernel"": 21, ""morph_shape"": ""ellipse"", ""morph_close_iterations"": 1, ""morph_open_iterations"": 1, ""min_area"": 1600, ""lock_frames"": 0, ""camera_stable"": false, ""motion_model"": ""affine"", ""motion_per_frame_threshold"": 1.5, ""cumulative_motion_threshold"": 3, ""peak_on_shift"": ""reset"", ""write_mask_pngs"": ""true"", ""write_overlay_pngs"": ""false"", ""write_heatmap_pngs"": ""false"", ""backend"": ""cuda"", ""roi_mask"": ""/home/j-vaught/bench_vrifa/data/roi_masks/input_1.png""}"
phase4__input_1__threshold=manual-90,input_1,True,0.5764758806599749,0.7155663604224192,0.08031298483408604,0.8976571826995239,668.6089461417869,,"{""colorspace"": ""CIELAB"", ""channel_weights"": ""1,0,0"", ""darken_only"": true, ""peak_reference"": true, ""ref_mode"": [""first""], ""ref_running_alpha"": 0.05, ""dynamic_target_fraction"": 0.2, ""dynamic_lag_scale"": 1, ""pre_delta_blur"": ""none"", ""blur"": ""gaussian:9"", ""threshold"": ""manual:90"", ""threshold_offset"": -10, ""morph_kernel"": 21, ""morph_shape"": ""ellipse"", ""morph_close_iterations"": 1, ""morph_open_iterations"": 1, ""min_area"": 1600, ""lock_frames"": 0, ""camera_stable"": false, ""motion_model"": ""affine"", ""motion_per_frame_threshold"": 1.5, ""cumulative_motion_threshold"": 3, ""peak_on_shift"": ""reset"", ""write_mask_pngs"": ""true"", ""write_overlay_pngs"": ""false"", ""write_heatmap_pngs"": ""false"", ""backend"": ""cuda"", ""roi_mask"": ""/home/j-vaught/bench_vrifa/data/roi_masks/input_1.png""}"
phase4__input_1__threshold=percentile-60,input_1,True,0.6987823061606452,0.763769174078269,0.25335066850777166,0.7893058124568755,701.1452249558643,,"{""colorspace"": ""CIELAB"", ""channel_weights"": ""1,0,0"", ""darken_only"": true, ""peak_reference"": true, ""ref_mode"": [""first""], ""ref_running_alpha"": 0.05, ""dynamic_target_fraction"": 0.2, ""dynamic_lag_scale"": 1, ""pre_delta_blur"": ""none"", ""blur"": ""gaussian:9"", ""threshold"": ""percentile:60"", ""threshold_offset"": -10, ""morph_kernel"": 21, ""morph_shape"": ""ellipse"", ""morph_close_iterations"": 1, ""morph_open_iterations"": 1, ""min_area"": 1600, ""lock_frames"": 0, ""camera_stable"": false, ""motion_model"": ""affine"", ""motion_per_frame_threshold"": 1.5, ""cumulative_motion_threshold"": 3, ""peak_on_shift"": ""reset"", ""write_mask_pngs"": ""true"", ""write_overlay_pngs"": ""false"", ""write_heatmap_pngs"": ""false"", ""backend"": ""cuda"", ""roi_mask"": ""/home/j-vaught/bench_vrifa/data/roi_masks/input_1.png""}"
phase4__input_1__threshold=percentile-80,input_1,True,0.527060217818628,0.6553466568218896,0.08236185663928701,0.7692275150739573,709.378661618568,,"{""colorspace"": ""CIELAB"", ""channel_weights"": ""1,0,0"", ""darken_only"": true, ""peak_reference"": true, ""ref_mode"": [""first""], ""ref_running_alpha"": 0.05, ""dynamic_target_fraction"": 0.2, ""dynamic_lag_scale"": 1, ""pre_delta_blur"": ""none"", ""blur"": ""gaussian:9"", ""threshold"": ""percentile:80"", ""threshold_offset"": -10, ""morph_kernel"": 21, ""morph_shape"": ""ellipse"", ""morph_close_iterations"": 1, ""morph_open_iterations"": 1, ""min_area"": 1600, ""lock_frames"": 0, ""camera_stable"": false, ""motion_model"": ""affine"", ""motion_per_frame_threshold"": 1.5, ""cumulative_motion_threshold"": 3, ""peak_on_shift"": ""reset"", ""write_mask_pngs"": ""true"", ""write_overlay_pngs"": ""false"", ""write_heatmap_pngs"": ""false"", ""backend"": ""cuda"", ""roi_mask"": ""/home/j-vaught/bench_vrifa/data/roi_masks/input_1.png""}"
phase4__input_1__threshold=percentile-95,input_1,True,0.42833626150300735,0.5654734866249508,0.16470506984777594,0.8526152151424572,714.3233429118991,,"{""colorspace"": ""CIELAB"", ""channel_weights"": ""1,0,0"", ""darken_only"": true, ""peak_reference"": true, ""ref_mode"": [""first""], ""ref_running_alpha"": 0.05, ""dynamic_target_fraction"": 0.2, ""dynamic_lag_scale"": 1, ""pre_delta_blur"": ""none"", ""blur"": ""gaussian:9"", ""threshold"": ""percentile:95"", ""threshold_offset"": -10, ""morph_kernel"": 21, ""morph_shape"": ""ellipse"", ""morph_close_iterations"": 1, ""morph_open_iterations"": 1, ""min_area"": 1600, ""lock_frames"": 0, ""camera_stable"": false, ""motion_model"": ""affine"", ""motion_per_frame_threshold"": 1.5, ""cumulative_motion_threshold"": 3, ""peak_on_shift"": ""reset"", ""write_mask_pngs"": ""true"", ""write_overlay_pngs"": ""false"", ""write_heatmap_pngs"": ""false"", ""backend"": ""cuda"", ""roi_mask"": ""/home/j-vaught/bench_vrifa/data/roi_masks/input_1.png""}"
phase4__input_1__threshold=triangle__threshold_offset=0,input_1,True,0.7123384890385853,0.7798671681161177,0.4004027492131369,0.7670482060542209,717.1389394551516,,"{""colorspace"": ""CIELAB"", ""channel_weights"": ""1,0,0"", ""darken_only"": true, ""peak_reference"": true, ""ref_mode"": [""first""], ""ref_running_alpha"": 0.05, ""dynamic_target_fraction"": 0.2, ""dynamic_lag_scale"": 1, ""pre_delta_blur"": ""none"", ""blur"": ""gaussian:9"", ""threshold"": ""triangle"", ""threshold_offset"": 0.0, ""morph_kernel"": 21, ""morph_shape"": ""ellipse"", ""morph_close_iterations"": 1, ""morph_open_iterations"": 1, ""min_area"": 1600, ""lock_frames"": 0, ""camera_stable"": false, ""motion_model"": ""affine"", ""motion_per_frame_threshold"": 1.5, ""cumulative_motion_threshold"": 3, ""peak_on_shift"": ""reset"", ""write_mask_pngs"": ""true"", ""write_overlay_pngs"": ""false"", ""write_heatmap_pngs"": ""false"", ""backend"": ""cuda"", ""roi_mask"": ""/home/j-vaught/bench_vrifa/data/roi_masks/input_1.png""}"
phase4__input_1__threshold=triangle__threshold_offset=-20,input_1,True,0.6657783936760273,0.7298654488940215,0.2475161726473612,0.7349096545193776,722.1907748905942,,"{""colorspace"": ""CIELAB"", ""channel_weights"": ""1,0,0"", ""darken_only"": true, ""peak_reference"": true, ""ref_mode"": [""first""], ""ref_running_alpha"": 0.05, ""dynamic_target_fraction"": 0.2, ""dynamic_lag_scale"": 1, ""pre_delta_blur"": ""none"", ""blur"": ""gaussian:9"", ""threshold"": ""triangle"", ""threshold_offset"": -20.0, ""morph_kernel"": 21, ""morph_shape"": ""ellipse"", ""morph_close_iterations"": 1, ""morph_open_iterations"": 1, ""min_area"": 1600, ""lock_frames"": 0, ""camera_stable"": false, ""motion_model"": ""affine"", ""motion_per_frame_threshold"": 1.5, ""cumulative_motion_threshold"": 3, ""peak_on_shift"": ""reset"", ""write_mask_pngs"": ""true"", ""write_overlay_pngs"": ""false"", ""write_heatmap_pngs"": ""false"", ""backend"": ""cuda"", ""roi_mask"": ""/home/j-vaught/bench_vrifa/data/roi_masks/input_1.png""}"
phase4__input_1__threshold=otsu__threshold_offset=-10,input_1,True,0.9362545348159852,0.9656145700182842,0.643258712215355,0.9108172996246584,723.4452562257648,,"{""colorspace"": ""CIELAB"", ""channel_weights"": ""1,0,0"", ""darken_only"": true, ""peak_reference"": true, ""ref_mode"": [""first""], ""ref_running_alpha"": 0.05, ""dynamic_target_fraction"": 0.2, ""dynamic_lag_scale"": 1, ""pre_delta_blur"": ""none"", ""blur"": ""gaussian:9"", ""threshold"": ""otsu"", ""threshold_offset"": -10.0, ""morph_kernel"": 21, ""morph_shape"": ""ellipse"", ""morph_close_iterations"": 1, ""morph_open_iterations"": 1, ""min_area"": 1600, ""lock_frames"": 0, ""camera_stable"": false, ""motion_model"": ""affine"", ""motion_per_frame_threshold"": 1.5, ""cumulative_motion_threshold"": 3, ""peak_on_shift"": ""reset"", ""write_mask_pngs"": ""true"", ""write_overlay_pngs"": ""false"", ""write_heatmap_pngs"": ""false"", ""backend"": ""cuda"", ""roi_mask"": ""/home/j-vaught/bench_vrifa/data/roi_masks/input_1.png""}"
phase4__input_1__threshold=otsu__threshold_offset=10,input_1,True,0.879334902966723,0.9315971239375072,0.3961415777226544,0.9700674652673731,722.3454578602687,,"{""colorspace"": ""CIELAB"", ""channel_weights"": ""1,0,0"", ""darken_only"": true, ""peak_reference"": true, ""ref_mode"": [""first""], ""ref_running_alpha"": 0.05, ""dynamic_target_fraction"": 0.2, ""dynamic_lag_scale"": 1, ""pre_delta_blur"": ""none"", ""blur"": ""gaussian:9"", ""threshold"": ""otsu"", ""threshold_offset"": 10.0, ""morph_kernel"": 21, ""morph_shape"": ""ellipse"", ""morph_close_iterations"": 1, ""morph_open_iterations"": 1, ""min_area"": 1600, ""lock_frames"": 0, ""camera_stable"": false, ""motion_model"": ""affine"", ""motion_per_frame_threshold"": 1.5, ""cumulative_motion_threshold"": 3, ""peak_on_shift"": ""reset"", ""write_mask_pngs"": ""true"", ""write_overlay_pngs"": ""false"", ""write_heatmap_pngs"": ""false"", ""backend"": ""cuda"", ""roi_mask"": ""/home/j-vaught/bench_vrifa/data/roi_masks/input_1.png""}"
phase4__input_1__threshold=otsu__threshold_offset=-50,input_1,True,0.6657783936760273,0.7298654488940215,0.2475161726473612,0.7349096545193776,727.1244520377368,,"{""colorspace"": ""CIELAB"", ""channel_weights"": ""1,0,0"", ""darken_only"": true, ""peak_reference"": true, ""ref_mode"": [""first""], ""ref_running_alpha"": 0.05, ""dynamic_target_fraction"": 0.2, ""dynamic_lag_scale"": 1, ""pre_delta_blur"": ""none"", ""blur"": ""gaussian:9"", ""threshold"": ""otsu"", ""threshold_offset"": -50.0, ""morph_kernel"": 21, ""morph_shape"": ""ellipse"", ""morph_close_iterations"": 1, ""morph_open_iterations"": 1, ""min_area"": 1600, ""lock_frames"": 0, ""camera_stable"": false, ""motion_model"": ""affine"", ""motion_per_frame_threshold"": 1.5, ""cumulative_motion_threshold"": 3, ""peak_on_shift"": ""reset"", ""write_mask_pngs"": ""true"", ""write_overlay_pngs"": ""false"", ""write_heatmap_pngs"": ""false"", ""backend"": ""cuda"", ""roi_mask"": ""/home/j-vaught/bench_vrifa/data/roi_masks/input_1.png""}"
phase4__input_1__threshold=triangle__threshold_offset=20,input_1,True,0.9347064122674323,0.9649726274521304,0.7003033017031168,0.9757411720620965,729.8077870253474,,"{""colorspace"": ""CIELAB"", ""channel_weights"": ""1,0,0"", ""darken_only"": true, ""peak_reference"": true, ""ref_mode"": [""first""], ""ref_running_alpha"": 0.05, ""dynamic_target_fraction"": 0.2, ""dynamic_lag_scale"": 1, ""pre_delta_blur"": ""none"", ""blur"": ""gaussian:9"", ""threshold"": ""triangle"", ""threshold_offset"": 20.0, ""morph_kernel"": 21, ""morph_shape"": ""ellipse"", ""morph_close_iterations"": 1, ""morph_open_iterations"": 1, ""min_area"": 1600, ""lock_frames"": 0, ""camera_stable"": false, ""motion_model"": ""affine"", ""motion_per_frame_threshold"": 1.5, ""cumulative_motion_threshold"": 3, ""peak_on_shift"": ""reset"", ""write_mask_pngs"": ""true"", ""write_overlay_pngs"": ""false"", ""write_heatmap_pngs"": ""false"", ""backend"": ""cuda"", ""roi_mask"": ""/home/j-vaught/bench_vrifa/data/roi_masks/input_1.png""}"
phase4__input_1__threshold=otsu__threshold_offset=-30,input_1,True,0.7760326872515734,0.826136955287577,0.5763981648962473,0.8049562766316061,736.590614458546,,"{""colorspace"": ""CIELAB"", ""channel_weights"": ""1,0,0"", ""darken_only"": true, ""peak_reference"": true, ""ref_mode"": [""first""], ""ref_running_alpha"": 0.05, ""dynamic_target_fraction"": 0.2, ""dynamic_lag_scale"": 1, ""pre_delta_blur"": ""none"", ""blur"": ""gaussian:9"", ""threshold"": ""otsu"", ""threshold_offset"": -30.0, ""morph_kernel"": 21, ""morph_shape"": ""ellipse"", ""morph_close_iterations"": 1, ""morph_open_iterations"": 1, ""min_area"": 1600, ""lock_frames"": 0, ""camera_stable"": false, ""motion_model"": ""affine"", ""motion_per_frame_threshold"": 1.5, ""cumulative_motion_threshold"": 3, ""peak_on_shift"": ""reset"", ""write_mask_pngs"": ""true"", ""write_overlay_pngs"": ""false"", ""write_heatmap_pngs"": ""false"", ""backend"": ""cuda"", ""roi_mask"": ""/home/j-vaught/bench_vrifa/data/roi_masks/input_1.png""}"
phase4__input_2__threshold=otsu__threshold_offset=-50,input_2,True,0.9627260600020338,0.9808007479747995,0.4470124185495088,0.967851747278007,98.40253712143749,,"{""colorspace"": ""CIELAB"", ""channel_weights"": ""1,0,0"", ""darken_only"": true, ""peak_reference"": true, ""ref_mode"": [""first""], ""ref_running_alpha"": 0.05, ""dynamic_target_fraction"": 0.2, ""dynamic_lag_scale"": 1, ""pre_delta_blur"": ""none"", ""blur"": ""gaussian:9"", ""threshold"": ""otsu"", ""threshold_offset"": -50.0, ""morph_kernel"": 21, ""morph_shape"": ""ellipse"", ""morph_close_iterations"": 1, ""morph_open_iterations"": 1, ""min_area"": 100, ""lock_frames"": 10, ""camera_stable"": false, ""motion_model"": ""affine"", ""motion_per_frame_threshold"": 1.5, ""cumulative_motion_threshold"": 3, ""peak_on_shift"": ""reset"", ""write_mask_pngs"": ""true"", ""write_overlay_pngs"": ""false"", ""write_heatmap_pngs"": ""false"", ""backend"": ""cuda"", ""roi_margin"": 0.0}"
phase4__input_2__threshold=otsu__threshold_offset=-30,input_2,True,0.9600121670338652,0.9793889268339676,0.515795845628954,0.9707027874908402,100.9713725913316,,"{""colorspace"": ""CIELAB"", ""channel_weights"": ""1,0,0"", ""darken_only"": true, ""peak_reference"": true, ""ref_mode"": [""first""], ""ref_running_alpha"": 0.05, ""dynamic_target_fraction"": 0.2, ""dynamic_lag_scale"": 1, ""pre_delta_blur"": ""none"", ""blur"": ""gaussian:9"", ""threshold"": ""otsu"", ""threshold_offset"": -30.0, ""morph_kernel"": 21, ""morph_shape"": ""ellipse"", ""morph_close_iterations"": 1, ""morph_open_iterations"": 1, ""min_area"": 100, ""lock_frames"": 10, ""camera_stable"": false, ""motion_model"": ""affine"", ""motion_per_frame_threshold"": 1.5, ""cumulative_motion_threshold"": 3, ""peak_on_shift"": ""reset"", ""write_mask_pngs"": ""true"", ""write_overlay_pngs"": ""false"", ""write_heatmap_pngs"": ""false"", ""backend"": ""cuda"", ""roi_margin"": 0.0}"
phase4__input_2__threshold=otsu__threshold_offset=-10,input_2,True,0.9513243409629553,0.9748592569218426,0.4621131843981444,0.9624794290753892,100.39290907233953,,"{""colorspace"": ""CIELAB"", ""channel_weights"": ""1,0,0"", ""darken_only"": true, ""peak_reference"": true, ""ref_mode"": [""first""], ""ref_running_alpha"": 0.05, ""dynamic_target_fraction"": 0.2, ""dynamic_lag_scale"": 1, ""pre_delta_blur"": ""none"", ""blur"": ""gaussian:9"", ""threshold"": ""otsu"", ""threshold_offset"": -10.0, ""morph_kernel"": 21, ""morph_shape"": ""ellipse"", ""morph_close_iterations"": 1, ""morph_open_iterations"": 1, ""min_area"": 100, ""lock_frames"": 10, ""camera_stable"": false, ""motion_model"": ""affine"", ""motion_per_frame_threshold"": 1.5, ""cumulative_motion_threshold"": 3, ""peak_on_shift"": ""reset"", ""write_mask_pngs"": ""true"", ""write_overlay_pngs"": ""false"", ""write_heatmap_pngs"": ""false"", ""backend"": ""cuda"", ""roi_margin"": 0.0}"
phase4__input_2__threshold=otsu__threshold_offset=10,input_2,True,0.9263401849603697,0.9616651572711123,0.34248999242384925,0.950724730997659,101.19794746581465,,"{""colorspace"": ""CIELAB"", ""channel_weights"": ""1,0,0"", ""darken_only"": true, ""peak_reference"": true, ""ref_mode"": [""first""], ""ref_running_alpha"": 0.05, ""dynamic_target_fraction"": 0.2, ""dynamic_lag_scale"": 1, ""pre_delta_blur"": ""none"", ""blur"": ""gaussian:9"", ""threshold"": ""otsu"", ""threshold_offset"": 10.0, ""morph_kernel"": 21, ""morph_shape"": ""ellipse"", ""morph_close_iterations"": 1, ""morph_open_iterations"": 1, ""min_area"": 100, ""lock_frames"": 10, ""camera_stable"": false, ""motion_model"": ""affine"", ""motion_per_frame_threshold"": 1.5, ""cumulative_motion_threshold"": 3, ""peak_on_shift"": ""reset"", ""write_mask_pngs"": ""true"", ""write_overlay_pngs"": ""false"", ""write_heatmap_pngs"": ""false"", ""backend"": ""cuda"", ""roi_margin"": 0.0}"
phase4__input_2__threshold=manual-50,input_2,True,0.698099001972032,0.807723092735961,0.0005497443068151049,0.7460449757012583,91.5912597188726,,"{""colorspace"": ""CIELAB"", ""channel_weights"": ""1,0,0"", ""darken_only"": true, ""peak_reference"": true, ""ref_mode"": [""first""], ""ref_running_alpha"": 0.05, ""dynamic_target_fraction"": 0.2, ""dynamic_lag_scale"": 1, ""pre_delta_blur"": ""none"", ""blur"": ""gaussian:9"", ""threshold"": ""manual:50"", ""threshold_offset"": -50, ""morph_kernel"": 21, ""morph_shape"": ""ellipse"", ""morph_close_iterations"": 1, ""morph_open_iterations"": 1, ""min_area"": 100, ""lock_frames"": 10, ""camera_stable"": false, ""motion_model"": ""affine"", ""motion_per_frame_threshold"": 1.5, ""cumulative_motion_threshold"": 3, ""peak_on_shift"": ""reset"", ""write_mask_pngs"": ""true"", ""write_overlay_pngs"": ""false"", ""write_heatmap_pngs"": ""false"", ""backend"": ""cuda"", ""roi_margin"": 0.0}"
phase4__input_2__threshold=triangle__threshold_offset=-20,input_2,True,0.698099001972032,0.807723092735961,0.0005497443068151049,0.7460449757012583,101.39172814507037,,"{""colorspace"": ""CIELAB"", ""channel_weights"": ""1,0,0"", ""darken_only"": true, ""peak_reference"": true, ""ref_mode"": [""first""], ""ref_running_alpha"": 0.05, ""dynamic_target_fraction"": 0.2, ""dynamic_lag_scale"": 1, ""pre_delta_blur"": ""none"", ""blur"": ""gaussian:9"", ""threshold"": ""triangle"", ""threshold_offset"": -20.0, ""morph_kernel"": 21, ""morph_shape"": ""ellipse"", ""morph_close_iterations"": 1, ""morph_open_iterations"": 1, ""min_area"": 100, ""lock_frames"": 10, ""camera_stable"": false, ""motion_model"": ""affine"", ""motion_per_frame_threshold"": 1.5, ""cumulative_motion_threshold"": 3, ""peak_on_shift"": ""reset"", ""write_mask_pngs"": ""true"", ""write_overlay_pngs"": ""false"", ""write_heatmap_pngs"": ""false"", ""backend"": ""cuda"", ""roi_margin"": 0.0}"
phase4__input_2__threshold=triangle__threshold_offset=0,input_2,True,0.9582456262697783,0.9784828279162561,0.2867695892018224,0.9283518579311298,99.07041726727039,,"{""colorspace"": ""CIELAB"", ""channel_weights"": ""1,0,0"", ""darken_only"": true, ""peak_reference"": true, ""ref_mode"": [""first""], ""ref_running_alpha"": 0.05, ""dynamic_target_fraction"": 0.2, ""dynamic_lag_scale"": 1, ""pre_delta_blur"": ""none"", ""blur"": ""gaussian:9"", ""threshold"": ""triangle"", ""threshold_offset"": 0.0, ""morph_kernel"": 21, ""morph_shape"": ""ellipse"", ""morph_close_iterations"": 1, ""morph_open_iterations"": 1, ""min_area"": 100, ""lock_frames"": 10, ""camera_stable"": false, ""motion_model"": ""affine"", ""motion_per_frame_threshold"": 1.5, ""cumulative_motion_threshold"": 3, ""peak_on_shift"": ""reset"", ""write_mask_pngs"": ""true"", ""write_overlay_pngs"": ""false"", ""write_heatmap_pngs"": ""false"", ""backend"": ""cuda"", ""roi_margin"": 0.0}"
phase4__input_2__threshold=manual-130,input_2,True,0.9146287318554782,0.955359112989043,0.33184081303125823,0.9522150155777218,93.19369334634393,,"{""colorspace"": ""CIELAB"", ""channel_weights"": ""1,0,0"", ""darken_only"": true, ""peak_reference"": true, ""ref_mode"": [""first""], ""ref_running_alpha"": 0.05, ""dynamic_target_fraction"": 0.2, ""dynamic_lag_scale"": 1, ""pre_delta_blur"": ""none"", ""blur"": ""gaussian:9"", ""threshold"": ""manual:130"", ""threshold_offset"": -50, ""morph_kernel"": 21, ""morph_shape"": ""ellipse"", ""morph_close_iterations"": 1, ""morph_open_iterations"": 1, ""min_area"": 100, ""lock_frames"": 10, ""camera_stable"": false, ""motion_model"": ""affine"", ""motion_per_frame_threshold"": 1.5, ""cumulative_motion_threshold"": 3, ""peak_on_shift"": ""reset"", ""write_mask_pngs"": ""true"", ""write_overlay_pngs"": ""false"", ""write_heatmap_pngs"": ""false"", ""backend"": ""cuda"", ""roi_margin"": 0.0}"
phase4__input_2__threshold=manual-90,input_2,True,0.9604191293241501,0.9795978291445744,0.5186687462451628,0.9715489720606367,95.9349683104083,,"{""colorspace"": ""CIELAB"", ""channel_weights"": ""1,0,0"", ""darken_only"": true, ""peak_reference"": true, ""ref_mode"": [""first""], ""ref_running_alpha"": 0.05, ""dynamic_target_fraction"": 0.2, ""dynamic_lag_scale"": 1, ""pre_delta_blur"": ""none"", ""blur"": ""gaussian:9"", ""threshold"": ""manual:90"", ""threshold_offset"": -50, ""morph_kernel"": 21, ""morph_shape"": ""ellipse"", ""morph_close_iterations"": 1, ""morph_open_iterations"": 1, ""min_area"": 100, ""lock_frames"": 10, ""camera_stable"": false, ""motion_model"": ""affine"", ""motion_per_frame_threshold"": 1.5, ""cumulative_motion_threshold"": 3, ""peak_on_shift"": ""reset"", ""write_mask_pngs"": ""true"", ""write_overlay_pngs"": ""false"", ""write_heatmap_pngs"": ""false"", ""backend"": ""cuda"", ""roi_margin"": 0.0}"
phase4__input_2__threshold=triangle__threshold_offset=20,input_2,True,0.9628227855066667,0.9808460753044683,0.4996550406334254,0.9701336740325999,103.69012701325119,,"{""colorspace"": ""CIELAB"", ""channel_weights"": ""1,0,0"", ""darken_only"": true, ""peak_reference"": true, ""ref_mode"": [""first""], ""ref_running_alpha"": 0.05, ""dynamic_target_fraction"": 0.2, ""dynamic_lag_scale"": 1, ""pre_delta_blur"": ""none"", ""blur"": ""gaussian:9"", ""threshold"": ""triangle"", ""threshold_offset"": 20.0, ""morph_kernel"": 21, ""morph_shape"": ""ellipse"", ""morph_close_iterations"": 1, ""morph_open_iterations"": 1, ""min_area"": 100, ""lock_frames"": 10, ""camera_stable"": false, ""motion_model"": ""affine"", ""motion_per_frame_threshold"": 1.5, ""cumulative_motion_threshold"": 3, ""peak_on_shift"": ""reset"", ""write_mask_pngs"": ""true"", ""write_overlay_pngs"": ""false"", ""write_heatmap_pngs"": ""false"", ""backend"": ""cuda"", ""roi_margin"": 0.0}"
phase4__input_2__threshold=percentile-60,input_2,True,0.8486368026827668,0.895198042473171,0.40512777361593744,0.8648322529168203,102.16196878068149,,"{""colorspace"": ""CIELAB"", ""channel_weights"": ""1,0,0"", ""darken_only"": true, ""peak_reference"": true, ""ref_mode"": [""first""], ""ref_running_alpha"": 0.05, ""dynamic_target_fraction"": 0.2, ""dynamic_lag_scale"": 1, ""pre_delta_blur"": ""none"", ""blur"": ""gaussian:9"", ""threshold"": ""percentile:60"", ""threshold_offset"": -50, ""morph_kernel"": 21, ""morph_shape"": ""ellipse"", ""morph_close_iterations"": 1, ""morph_open_iterations"": 1, ""min_area"": 100, ""lock_frames"": 10, ""camera_stable"": false, ""motion_model"": ""affine"", ""motion_per_frame_threshold"": 1.5, ""cumulative_motion_threshold"": 3, ""peak_on_shift"": ""reset"", ""write_mask_pngs"": ""true"", ""write_overlay_pngs"": ""false"", ""write_heatmap_pngs"": ""false"", ""backend"": ""cuda"", ""roi_margin"": 0.0}"
phase4__input_2__threshold=percentile-80,input_2,True,0.9201093039751612,0.9583396549215577,0.330129940860265,0.9490620009466644,100.8376588113606,,"{""colorspace"": ""CIELAB"", ""channel_weights"": ""1,0,0"", ""darken_only"": true, ""peak_reference"": true, ""ref_mode"": [""first""], ""ref_running_alpha"": 0.05, ""dynamic_target_fraction"": 0.2, ""dynamic_lag_scale"": 1, ""pre_delta_blur"": ""none"", ""blur"": ""gaussian:9"", ""threshold"": ""percentile:80"", ""threshold_offset"": -50, ""morph_kernel"": 21, ""morph_shape"": ""ellipse"", ""morph_close_iterations"": 1, ""morph_open_iterations"": 1, ""min_area"": 100, ""lock_frames"": 10, ""camera_stable"": false, ""motion_model"": ""affine"", ""motion_per_frame_threshold"": 1.5, ""cumulative_motion_threshold"": 3, ""peak_on_shift"": ""reset"", ""write_mask_pngs"": ""true"", ""write_overlay_pngs"": ""false"", ""write_heatmap_pngs"": ""false"", ""backend"": ""cuda"", ""roi_margin"": 0.0}"
phase4__input_2__threshold=adaptive-mean-11--5,input_2,True,0.09463957336072303,0.1700825440119253,0.06122621280854895,0.730906139882333,83.80547849368304,,"{""colorspace"": ""CIELAB"", ""channel_weights"": ""1,0,0"", ""darken_only"": true, ""peak_reference"": true, ""ref_mode"": [""first""], ""ref_running_alpha"": 0.05, ""dynamic_target_fraction"": 0.2, ""dynamic_lag_scale"": 1, ""pre_delta_blur"": ""none"", ""blur"": ""gaussian:9"", ""threshold"": ""adaptive-mean:11:-5"", ""threshold_offset"": -50, ""morph_kernel"": 21, ""morph_shape"": ""ellipse"", ""morph_close_iterations"": 1, ""morph_open_iterations"": 1, ""min_area"": 100, ""lock_frames"": 10, ""camera_stable"": false, ""motion_model"": ""affine"", ""motion_per_frame_threshold"": 1.5, ""cumulative_motion_threshold"": 3, ""peak_on_shift"": ""reset"", ""write_mask_pngs"": ""true"", ""write_overlay_pngs"": ""false"", ""write_heatmap_pngs"": ""false"", ""backend"": ""cuda"", ""roi_margin"": 0.0}"
phase4__input_2__threshold=adaptive-mean-11-5,input_2,True,0.6273992800245098,0.7563098108998605,0.0,0.6798992800245098,83.43865467049181,,"{""colorspace"": ""CIELAB"", ""channel_weights"": ""1,0,0"", ""darken_only"": true, ""peak_reference"": true, ""ref_mode"": [""first""], ""ref_running_alpha"": 0.05, ""dynamic_target_fraction"": 0.2, ""dynamic_lag_scale"": 1, ""pre_delta_blur"": ""none"", ""blur"": ""gaussian:9"", ""threshold"": ""adaptive-mean:11:5"", ""threshold_offset"": -50, ""morph_kernel"": 21, ""morph_shape"": ""ellipse"", ""morph_close_iterations"": 1, ""morph_open_iterations"": 1, ""min_area"": 100, ""lock_frames"": 10, ""camera_stable"": false, ""motion_model"": ""affine"", ""motion_per_frame_threshold"": 1.5, ""cumulative_motion_threshold"": 3, ""peak_on_shift"": ""reset"", ""write_mask_pngs"": ""true"", ""write_overlay_pngs"": ""false"", ""write_heatmap_pngs"": ""false"", ""backend"": ""cuda"", ""roi_margin"": 0.0}"
phase4__input_2__threshold=percentile-95,input_2,True,0.5545024145237558,0.7081119501879002,0.09454587351308576,0.9070956461072666,94.16286802757531,,"{""colorspace"": ""CIELAB"", ""channel_weights"": ""1,0,0"", ""darken_only"": true, ""peak_reference"": true, ""ref_mode"": [""first""], ""ref_running_alpha"": 0.05, ""dynamic_target_fraction"": 0.2, ""dynamic_lag_scale"": 1, ""pre_delta_blur"": ""none"", ""blur"": ""gaussian:9"", ""threshold"": ""percentile:95"", ""threshold_offset"": -50, ""morph_kernel"": 21, ""morph_shape"": ""ellipse"", ""morph_close_iterations"": 1, ""morph_open_iterations"": 1, ""min_area"": 100, ""lock_frames"": 10, ""camera_stable"": false, ""motion_model"": ""affine"", ""motion_per_frame_threshold"": 1.5, ""cumulative_motion_threshold"": 3, ""peak_on_shift"": ""reset"", ""write_mask_pngs"": ""true"", ""write_overlay_pngs"": ""false"", ""write_heatmap_pngs"": ""false"", ""backend"": ""cuda"", ""roi_margin"": 0.0}"
phase4__input_2__threshold=adaptive-gaussian-11--5,input_2,True,0.0024122413480175023,0.004807134914435874,0.0,0.02301448426797676,79.5498773008585,,"{""colorspace"": ""CIELAB"", ""channel_weights"": ""1,0,0"", ""darken_only"": true, ""peak_reference"": true, ""ref_mode"": [""first""], ""ref_running_alpha"": 0.05, ""dynamic_target_fraction"": 0.2, ""dynamic_lag_scale"": 1, ""pre_delta_blur"": ""none"", ""blur"": ""gaussian:9"", ""threshold"": ""adaptive-gaussian:11:-5"", ""threshold_offset"": -50, ""morph_kernel"": 21, ""morph_shape"": ""ellipse"", ""morph_close_iterations"": 1, ""morph_open_iterations"": 1, ""min_area"": 100, ""lock_frames"": 10, ""camera_stable"": false, ""motion_model"": ""affine"", ""motion_per_frame_threshold"": 1.5, ""cumulative_motion_threshold"": 3, ""peak_on_shift"": ""reset"", ""write_mask_pngs"": ""true"", ""write_overlay_pngs"": ""false"", ""write_heatmap_pngs"": ""false"", ""backend"": ""cuda"", ""roi_margin"": 0.0}"
phase4__input_2__threshold=adaptive-mean-31-5,input_2,True,0.6253106778242327,0.7544078444967859,0.025614626194756816,0.6798992800245098,80.84570606891066,,"{""colorspace"": ""CIELAB"", ""channel_weights"": ""1,0,0"", ""darken_only"": true, ""peak_reference"": true, ""ref_mode"": [""first""], ""ref_running_alpha"": 0.05, ""dynamic_target_fraction"": 0.2, ""dynamic_lag_scale"": 1, ""pre_delta_blur"": ""none"", ""blur"": ""gaussian:9"", ""threshold"": ""adaptive-mean:31:5"", ""threshold_offset"": -50, ""morph_kernel"": 21, ""morph_shape"": ""ellipse"", ""morph_close_iterations"": 1, ""morph_open_iterations"": 1, ""min_area"": 100, ""lock_frames"": 10, ""camera_stable"": false, ""motion_model"": ""affine"", ""motion_per_frame_threshold"": 1.5, ""cumulative_motion_threshold"": 3, ""peak_on_shift"": ""reset"", ""write_mask_pngs"": ""true"", ""write_overlay_pngs"": ""false"", ""write_heatmap_pngs"": ""false"", ""backend"": ""cuda"", ""roi_margin"": 0.0}"
phase4__input_2__threshold=adaptive-mean-31--5,input_2,True,0.34502782155667144,0.5083694545830995,0.14238444268014178,0.9572669929961884,89.68257929664105,,"{""colorspace"": ""CIELAB"", ""channel_weights"": ""1,0,0"", ""darken_only"": true, ""peak_reference"": true, ""ref_mode"": [""first""], ""ref_running_alpha"": 0.05, ""dynamic_target_fraction"": 0.2, ""dynamic_lag_scale"": 1, ""pre_delta_blur"": ""none"", ""blur"": ""gaussian:9"", ""threshold"": ""adaptive-mean:31:-5"", ""threshold_offset"": -50, ""morph_kernel"": 21, ""morph_shape"": ""ellipse"", ""morph_close_iterations"": 1, ""morph_open_iterations"": 1, ""min_area"": 100, ""lock_frames"": 10, ""camera_stable"": false, ""motion_model"": ""affine"", ""motion_per_frame_threshold"": 1.5, ""cumulative_motion_threshold"": 3, ""peak_on_shift"": ""reset"", ""write_mask_pngs"": ""true"", ""write_overlay_pngs"": ""false"", ""write_heatmap_pngs"": ""false"", ""backend"": ""cuda"", ""roi_margin"": 0.0}"
phase4__input_2__threshold=adaptive-gaussian-11-5,input_2,True,0.6273992800245098,0.7563098108998605,0.0,0.6798992800245098,82.62111449800432,,"{""colorspace"": ""CIELAB"", ""channel_weights"": ""1,0,0"", ""darken_only"": true, ""peak_reference"": true, ""ref_mode"": [""first""], ""ref_running_alpha"": 0.05, ""dynamic_target_fraction"": 0.2, ""dynamic_lag_scale"": 1, ""pre_delta_blur"": ""none"", ""blur"": ""gaussian:9"", ""threshold"": ""adaptive-gaussian:11:5"", ""threshold_offset"": -50, ""morph_kernel"": 21, ""morph_shape"": ""ellipse"", ""morph_close_iterations"": 1, ""morph_open_iterations"": 1, ""min_area"": 100, ""lock_frames"": 10, ""camera_stable"": false, ""motion_model"": ""affine"", ""motion_per_frame_threshold"": 1.5, ""cumulative_motion_threshold"": 3, ""peak_on_shift"": ""reset"", ""write_mask_pngs"": ""true"", ""write_overlay_pngs"": ""false"", ""write_heatmap_pngs"": ""false"", ""backend"": ""cuda"", ""roi_margin"": 0.0}"
phase4__input_2__threshold=adaptive-gaussian-31-5,input_2,True,0.6273673981311274,0.756273006674488,0.0,0.6798992800245098,84.80213534738868,,"{""colorspace"": ""CIELAB"", ""channel_weights"": ""1,0,0"", ""darken_only"": true, ""peak_reference"": true, ""ref_mode"": [""first""], ""ref_running_alpha"": 0.05, ""dynamic_target_fraction"": 0.2, ""dynamic_lag_scale"": 1, ""pre_delta_blur"": ""none"", ""blur"": ""gaussian:9"", ""threshold"": ""adaptive-gaussian:31:5"", ""threshold_offset"": -50, ""morph_kernel"": 21, ""morph_shape"": ""ellipse"", ""morph_close_iterations"": 1, ""morph_open_iterations"": 1, ""min_area"": 100, ""lock_frames"": 10, ""camera_stable"": false, ""motion_model"": ""affine"", ""motion_per_frame_threshold"": 1.5, ""cumulative_motion_threshold"": 3, ""peak_on_shift"": ""reset"", ""write_mask_pngs"": ""true"", ""write_overlay_pngs"": ""false"", ""write_heatmap_pngs"": ""false"", ""backend"": ""cuda"", ""roi_margin"": 0.0}"
phase4__input_2__threshold=adaptive-gaussian-31--5,input_2,True,0.22633771990466603,0.36250811385807,0.12130463698361378,0.9162662313164851,91.011717854999,,"{""colorspace"": ""CIELAB"", ""channel_weights"": ""1,0,0"", ""darken_only"": true, ""peak_reference"": true, ""ref_mode"": [""first""], ""ref_running_alpha"": 0.05, ""dynamic_target_fraction"": 0.2, ""dynamic_lag_scale"": 1, ""pre_delta_blur"": ""none"", ""blur"": ""gaussian:9"", ""threshold"": ""adaptive-gaussian:31:-5"", ""threshold_offset"": -50, ""morph_kernel"": 21, ""morph_shape"": ""ellipse"", ""morph_close_iterations"": 1, ""morph_open_iterations"": 1, ""min_area"": 100, ""lock_frames"": 10, ""camera_stable"": false, ""motion_model"": ""affine"", ""motion_per_frame_threshold"": 1.5, ""cumulative_motion_threshold"": 3, ""peak_on_shift"": ""reset"", ""write_mask_pngs"": ""true"", ""write_overlay_pngs"": ""false"", ""write_heatmap_pngs"": ""false"", ""backend"": ""cuda"", ""roi_margin"": 0.0}"
phase4__input_3__threshold=otsu__threshold_offset=-50,input_3,True,0.974433781892919,0.9870318763005109,0.4420189972620343,0.9579002857418188,198.7446809047833,,"{""colorspace"": ""CIELAB"", ""channel_weights"": ""1,0,0"", ""darken_only"": true, ""peak_reference"": true, ""ref_mode"": [""first""], ""ref_running_alpha"": 0.05, ""dynamic_target_fraction"": 0.2, ""dynamic_lag_scale"": 1, ""pre_delta_blur"": ""none"", ""blur"": ""gaussian:9"", ""threshold"": ""otsu"", ""threshold_offset"": -50.0, ""morph_kernel"": 21, ""morph_shape"": ""ellipse"", ""morph_close_iterations"": 1, ""morph_open_iterations"": 1, ""min_area"": 1600, ""lock_frames"": 3, ""camera_stable"": false, ""motion_model"": ""affine"", ""motion_per_frame_threshold"": 1.5, ""cumulative_motion_threshold"": 3, ""peak_on_shift"": ""reset"", ""write_mask_pngs"": ""true"", ""write_overlay_pngs"": ""false"", ""write_heatmap_pngs"": ""false"", ""backend"": ""cuda"", ""roi_margin"": 0.0}"
phase4__input_3__threshold=otsu__threshold_offset=-30,input_3,True,0.9726688084511821,0.9861001199108573,0.44355591032495,0.958085271903054,209.81824103277177,,"{""colorspace"": ""CIELAB"", ""channel_weights"": ""1,0,0"", ""darken_only"": true, ""peak_reference"": true, ""ref_mode"": [""first""], ""ref_running_alpha"": 0.05, ""dynamic_target_fraction"": 0.2, ""dynamic_lag_scale"": 1, ""pre_delta_blur"": ""none"", ""blur"": ""gaussian:9"", ""threshold"": ""otsu"", ""threshold_offset"": -30.0, ""morph_kernel"": 21, ""morph_shape"": ""ellipse"", ""morph_close_iterations"": 1, ""morph_open_iterations"": 1, ""min_area"": 1600, ""lock_frames"": 3, ""camera_stable"": false, ""motion_model"": ""affine"", ""motion_per_frame_threshold"": 1.5, ""cumulative_motion_threshold"": 3, ""peak_on_shift"": ""reset"", ""write_mask_pngs"": ""true"", ""write_overlay_pngs"": ""false"", ""write_heatmap_pngs"": ""false"", ""backend"": ""cuda"", ""roi_margin"": 0.0}"
phase4__input_3__threshold=manual-50,input_3,True,0.5981669204354816,0.7281318459950714,0.0,0.6676626394190751,189.31978688854724,,"{""colorspace"": ""CIELAB"", ""channel_weights"": ""1,0,0"", ""darken_only"": true, ""peak_reference"": true, ""ref_mode"": [""first""], ""ref_running_alpha"": 0.05, ""dynamic_target_fraction"": 0.2, ""dynamic_lag_scale"": 1, ""pre_delta_blur"": ""none"", ""blur"": ""gaussian:9"", ""threshold"": ""manual:50"", ""threshold_offset"": -50, ""morph_kernel"": 21, ""morph_shape"": ""ellipse"", ""morph_close_iterations"": 1, ""morph_open_iterations"": 1, ""min_area"": 1600, ""lock_frames"": 3, ""camera_stable"": false, ""motion_model"": ""affine"", ""motion_per_frame_threshold"": 1.5, ""cumulative_motion_threshold"": 3, ""peak_on_shift"": ""reset"", ""write_mask_pngs"": ""true"", ""write_overlay_pngs"": ""false"", ""write_heatmap_pngs"": ""false"", ""backend"": ""cuda"", ""roi_margin"": 0.0}"
phase4__input_3__threshold=manual-90,input_3,True,0.9738377211467819,0.9867166431446618,0.44748315008272066,0.9583762182276546,192.04997954890132,,"{""colorspace"": ""CIELAB"", ""channel_weights"": ""1,0,0"", ""darken_only"": true, ""peak_reference"": true, ""ref_mode"": [""first""], ""ref_running_alpha"": 0.05, ""dynamic_target_fraction"": 0.2, ""dynamic_lag_scale"": 1, ""pre_delta_blur"": ""none"", ""blur"": ""gaussian:9"", ""threshold"": ""manual:90"", ""threshold_offset"": -50, ""morph_kernel"": 21, ""morph_shape"": ""ellipse"", ""morph_close_iterations"": 1, ""morph_open_iterations"": 1, ""min_area"": 1600, ""lock_frames"": 3, ""camera_stable"": false, ""motion_model"": ""affine"", ""motion_per_frame_threshold"": 1.5, ""cumulative_motion_threshold"": 3, ""peak_on_shift"": ""reset"", ""write_mask_pngs"": ""true"", ""write_overlay_pngs"": ""false"", ""write_heatmap_pngs"": ""false"", ""backend"": ""cuda"", ""roi_margin"": 0.0}"
phase4__input_3__threshold=manual-130,input_3,True,0.9445080750061721,0.9712000100868696,0.3217563437750602,0.9553087778549234,189.99514384102076,,"{""colorspace"": ""CIELAB"", ""channel_weights"": ""1,0,0"", ""darken_only"": true, ""peak_reference"": true, ""ref_mode"": [""first""], ""ref_running_alpha"": 0.05, ""dynamic_target_fraction"": 0.2, ""dynamic_lag_scale"": 1, ""pre_delta_blur"": ""none"", ""blur"": ""gaussian:9"", ""threshold"": ""manual:130"", ""threshold_offset"": -50, ""morph_kernel"": 21, ""morph_shape"": ""ellipse"", ""morph_close_iterations"": 1, ""morph_open_iterations"": 1, ""min_area"": 1600, ""lock_frames"": 3, ""camera_stable"": false, ""motion_model"": ""affine"", ""motion_per_frame_threshold"": 1.5, ""cumulative_motion_threshold"": 3, ""peak_on_shift"": ""reset"", ""write_mask_pngs"": ""true"", ""write_overlay_pngs"": ""false"", ""write_heatmap_pngs"": ""false"", ""backend"": ""cuda"", ""roi_margin"": 0.0}"
phase4__input_3__threshold=otsu__threshold_offset=-10,input_3,True,0.9606802450015905,0.9798528118912259,0.37214944565921604,0.9539114141492157,203.75609775073826,,"{""colorspace"": ""CIELAB"", ""channel_weights"": ""1,0,0"", ""darken_only"": true, ""peak_reference"": true, ""ref_mode"": [""first""], ""ref_running_alpha"": 0.05, ""dynamic_target_fraction"": 0.2, ""dynamic_lag_scale"": 1, ""pre_delta_blur"": ""none"", ""blur"": ""gaussian:9"", ""threshold"": ""otsu"", ""threshold_offset"": -10.0, ""morph_kernel"": 21, ""morph_shape"": ""ellipse"", ""morph_close_iterations"": 1, ""morph_open_iterations"": 1, ""min_area"": 1600, ""lock_frames"": 3, ""camera_stable"": false, ""motion_model"": ""affine"", ""motion_per_frame_threshold"": 1.5, ""cumulative_motion_threshold"": 3, ""peak_on_shift"": ""reset"", ""write_mask_pngs"": ""true"", ""write_overlay_pngs"": ""false"", ""write_heatmap_pngs"": ""false"", ""backend"": ""cuda"", ""roi_margin"": 0.0}"
phase4__input_3__threshold=otsu__threshold_offset=10,input_3,True,0.9268448123642667,0.9617716428347924,0.24061949852328302,0.9461311831841706,204.6310877390206,,"{""colorspace"": ""CIELAB"", ""channel_weights"": ""1,0,0"", ""darken_only"": true, ""peak_reference"": true, ""ref_mode"": [""first""], ""ref_running_alpha"": 0.05, ""dynamic_target_fraction"": 0.2, ""dynamic_lag_scale"": 1, ""pre_delta_blur"": ""none"", ""blur"": ""gaussian:9"", ""threshold"": ""otsu"", ""threshold_offset"": 10.0, ""morph_kernel"": 21, ""morph_shape"": ""ellipse"", ""morph_close_iterations"": 1, ""morph_open_iterations"": 1, ""min_area"": 1600, ""lock_frames"": 3, ""camera_stable"": false, ""motion_model"": ""affine"", ""motion_per_frame_threshold"": 1.5, ""cumulative_motion_threshold"": 3, ""peak_on_shift"": ""reset"", ""write_mask_pngs"": ""true"", ""write_overlay_pngs"": ""false"", ""write_heatmap_pngs"": ""false"", ""backend"": ""cuda"", ""roi_margin"": 0.0}"
phase4__input_3__threshold=triangle__threshold_offset=-20,input_3,True,0.5981669204354816,0.7281318459950714,0.0,0.6676626394190751,205.07819092832506,,"{""colorspace"": ""CIELAB"", ""channel_weights"": ""1,0,0"", ""darken_only"": true, ""peak_reference"": true, ""ref_mode"": [""first""], ""ref_running_alpha"": 0.05, ""dynamic_target_fraction"": 0.2, ""dynamic_lag_scale"": 1, ""pre_delta_blur"": ""none"", ""blur"": ""gaussian:9"", ""threshold"": ""triangle"", ""threshold_offset"": -20.0, ""morph_kernel"": 21, ""morph_shape"": ""ellipse"", ""morph_close_iterations"": 1, ""morph_open_iterations"": 1, ""min_area"": 1600, ""lock_frames"": 3, ""camera_stable"": false, ""motion_model"": ""affine"", ""motion_per_frame_threshold"": 1.5, ""cumulative_motion_threshold"": 3, ""peak_on_shift"": ""reset"", ""write_mask_pngs"": ""true"", ""write_overlay_pngs"": ""false"", ""write_heatmap_pngs"": ""false"", ""backend"": ""cuda"", ""roi_margin"": 0.0}"
phase4__input_3__threshold=triangle__threshold_offset=0,input_3,True,0.8377221202944616,0.9079830496966608,0.1473588057037197,0.8804704150184728,206.63435637764633,,"{""colorspace"": ""CIELAB"", ""channel_weights"": ""1,0,0"", ""darken_only"": true, ""peak_reference"": true, ""ref_mode"": [""first""], ""ref_running_alpha"": 0.05, ""dynamic_target_fraction"": 0.2, ""dynamic_lag_scale"": 1, ""pre_delta_blur"": ""none"", ""blur"": ""gaussian:9"", ""threshold"": ""triangle"", ""threshold_offset"": 0.0, ""morph_kernel"": 21, ""morph_shape"": ""ellipse"", ""morph_close_iterations"": 1, ""morph_open_iterations"": 1, ""min_area"": 1600, ""lock_frames"": 3, ""camera_stable"": false, ""motion_model"": ""affine"", ""motion_per_frame_threshold"": 1.5, ""cumulative_motion_threshold"": 3, ""peak_on_shift"": ""reset"", ""write_mask_pngs"": ""true"", ""write_overlay_pngs"": ""false"", ""write_heatmap_pngs"": ""false"", ""backend"": ""cuda"", ""roi_margin"": 0.0}"
phase4__input_3__threshold=triangle__threshold_offset=20,input_3,True,0.9402990615453529,0.9688471901245943,0.33403217919550143,0.9375690086069819,206.03526708111167,,"{""colorspace"": ""CIELAB"", ""channel_weights"": ""1,0,0"", ""darken_only"": true, ""peak_reference"": true, ""ref_mode"": [""first""], ""ref_running_alpha"": 0.05, ""dynamic_target_fraction"": 0.2, ""dynamic_lag_scale"": 1, ""pre_delta_blur"": ""none"", ""blur"": ""gaussian:9"", ""threshold"": ""triangle"", ""threshold_offset"": 20.0, ""morph_kernel"": 21, ""morph_shape"": ""ellipse"", ""morph_close_iterations"": 1, ""morph_open_iterations"": 1, ""min_area"": 1600, ""lock_frames"": 3, ""camera_stable"": false, ""motion_model"": ""affine"", ""motion_per_frame_threshold"": 1.5, ""cumulative_motion_threshold"": 3, ""peak_on_shift"": ""reset"", ""write_mask_pngs"": ""true"", ""write_overlay_pngs"": ""false"", ""write_heatmap_pngs"": ""false"", ""backend"": ""cuda"", ""roi_margin"": 0.0}"
phase4__input_3__threshold=percentile-60,input_3,True,0.6001088702138668,0.7294030413374009,0.0,0.6676626394190751,208.42676657810807,,"{""colorspace"": ""CIELAB"", ""channel_weights"": ""1,0,0"", ""darken_only"": true, ""peak_reference"": true, ""ref_mode"": [""first""], ""ref_running_alpha"": 0.05, ""dynamic_target_fraction"": 0.2, ""dynamic_lag_scale"": 1, ""pre_delta_blur"": ""none"", ""blur"": ""gaussian:9"", ""threshold"": ""percentile:60"", ""threshold_offset"": -50, ""morph_kernel"": 21, ""morph_shape"": ""ellipse"", ""morph_close_iterations"": 1, ""morph_open_iterations"": 1, ""min_area"": 1600, ""lock_frames"": 3, ""camera_stable"": false, ""motion_model"": ""affine"", ""motion_per_frame_threshold"": 1.5, ""cumulative_motion_threshold"": 3, ""peak_on_shift"": ""reset"", ""write_mask_pngs"": ""true"", ""write_overlay_pngs"": ""false"", ""write_heatmap_pngs"": ""false"", ""backend"": ""cuda"", ""roi_margin"": 0.0}"
phase4__input_1__threshold=adaptive-mean-31-5,input_1,True,0.3247980769084114,0.46085062132325233,0.009060675796975597,0.5074890046296296,543.2200464382768,,"{""colorspace"": ""CIELAB"", ""channel_weights"": ""1,0,0"", ""darken_only"": true, ""peak_reference"": true, ""ref_mode"": [""first""], ""ref_running_alpha"": 0.05, ""dynamic_target_fraction"": 0.2, ""dynamic_lag_scale"": 1, ""pre_delta_blur"": ""none"", ""blur"": ""gaussian:9"", ""threshold"": ""adaptive-mean:31:5"", ""threshold_offset"": -10, ""morph_kernel"": 21, ""morph_shape"": ""ellipse"", ""morph_close_iterations"": 1, ""morph_open_iterations"": 1, ""min_area"": 1600, ""lock_frames"": 0, ""camera_stable"": false, ""motion_model"": ""affine"", ""motion_per_frame_threshold"": 1.5, ""cumulative_motion_threshold"": 3, ""peak_on_shift"": ""reset"", ""write_mask_pngs"": ""true"", ""write_overlay_pngs"": ""false"", ""write_heatmap_pngs"": ""false"", ""backend"": ""cuda"", ""roi_mask"": ""/home/j-vaught/bench_vrifa/data/roi_masks/input_1.png""}"
phase4__input_1__threshold=adaptive-gaussian-11-5,input_1,True,0.3252009066358025,0.4613183255118554,0.0,0.5074890046296296,558.4203728092834,,"{""colorspace"": ""CIELAB"", ""channel_weights"": ""1,0,0"", ""darken_only"": true, ""peak_reference"": true, ""ref_mode"": [""first""], ""ref_running_alpha"": 0.05, ""dynamic_target_fraction"": 0.2, ""dynamic_lag_scale"": 1, ""pre_delta_blur"": ""none"", ""blur"": ""gaussian:9"", ""threshold"": ""adaptive-gaussian:11:5"", ""threshold_offset"": -10, ""morph_kernel"": 21, ""morph_shape"": ""ellipse"", ""morph_close_iterations"": 1, ""morph_open_iterations"": 1, ""min_area"": 1600, ""lock_frames"": 0, ""camera_stable"": false, ""motion_model"": ""affine"", ""motion_per_frame_threshold"": 1.5, ""cumulative_motion_threshold"": 3, ""peak_on_shift"": ""reset"", ""write_mask_pngs"": ""true"", ""write_overlay_pngs"": ""false"", ""write_heatmap_pngs"": ""false"", ""backend"": ""cuda"", ""roi_mask"": ""/home/j-vaught/bench_vrifa/data/roi_masks/input_1.png""}"
phase4__input_1__threshold=adaptive-gaussian-11--5,input_1,True,0.2506273656369421,0.38173568521963386,0.07095418500503828,0.6943918830802467,581.0965669769794,,"{""colorspace"": ""CIELAB"", ""channel_weights"": ""1,0,0"", ""darken_only"": true, ""peak_reference"": true, ""ref_mode"": [""first""], ""ref_running_alpha"": 0.05, ""dynamic_target_fraction"": 0.2, ""dynamic_lag_scale"": 1, ""pre_delta_blur"": ""none"", ""blur"": ""gaussian:9"", ""threshold"": ""adaptive-gaussian:11:-5"", ""threshold_offset"": -10, ""morph_kernel"": 21, ""morph_shape"": ""ellipse"", ""morph_close_iterations"": 1, ""morph_open_iterations"": 1, ""min_area"": 1600, ""lock_frames"": 0, ""camera_stable"": false, ""motion_model"": ""affine"", ""motion_per_frame_threshold"": 1.5, ""cumulative_motion_threshold"": 3, ""peak_on_shift"": ""reset"", ""write_mask_pngs"": ""true"", ""write_overlay_pngs"": ""false"", ""write_heatmap_pngs"": ""false"", ""backend"": ""cuda"", ""roi_mask"": ""/home/j-vaught/bench_vrifa/data/roi_masks/input_1.png""}"
phase4__input_1__threshold=adaptive-gaussian-31--5,input_1,True,0.5627281619678361,0.7007159517963106,0.24138921029824467,0.9497744691408523,596.8853374309838,,"{""colorspace"": ""CIELAB"", ""channel_weights"": ""1,0,0"", ""darken_only"": true, ""peak_reference"": true, ""ref_mode"": [""first""], ""ref_running_alpha"": 0.05, ""dynamic_target_fraction"": 0.2, ""dynamic_lag_scale"": 1, ""pre_delta_blur"": ""none"", ""blur"": ""gaussian:9"", ""threshold"": ""adaptive-gaussian:31:-5"", ""threshold_offset"": -10, ""morph_kernel"": 21, ""morph_shape"": ""ellipse"", ""morph_close_iterations"": 1, ""morph_open_iterations"": 1, ""min_area"": 1600, ""lock_frames"": 0, ""camera_stable"": false, ""motion_model"": ""affine"", ""motion_per_frame_threshold"": 1.5, ""cumulative_motion_threshold"": 3, ""peak_on_shift"": ""reset"", ""write_mask_pngs"": ""true"", ""write_overlay_pngs"": ""false"", ""write_heatmap_pngs"": ""false"", ""backend"": ""cuda"", ""roi_mask"": ""/home/j-vaught/bench_vrifa/data/roi_masks/input_1.png""}"
phase4__input_3__threshold=percentile-80,input_3,True,0.607327253393806,0.7349839474125069,0.014287000171583164,0.6726341251693768,200.4408355979249,,"{""colorspace"": ""CIELAB"", ""channel_weights"": ""1,0,0"", ""darken_only"": true, ""peak_reference"": true, ""ref_mode"": [""first""], ""ref_running_alpha"": 0.05, ""dynamic_target_fraction"": 0.2, ""dynamic_lag_scale"": 1, ""pre_delta_blur"": ""none"", ""blur"": ""gaussian:9"", ""threshold"": ""percentile:80"", ""threshold_offset"": -50, ""morph_kernel"": 21, ""morph_shape"": ""ellipse"", ""morph_close_iterations"": 1, ""morph_open_iterations"": 1, ""min_area"": 1600, ""lock_frames"": 3, ""camera_stable"": false, ""motion_model"": ""affine"", ""motion_per_frame_threshold"": 1.5, ""cumulative_motion_threshold"": 3, ""peak_on_shift"": ""reset"", ""write_mask_pngs"": ""true"", ""write_overlay_pngs"": ""false"", ""write_heatmap_pngs"": ""false"", ""backend"": ""cuda"", ""roi_margin"": 0.0}"
phase4__input_1__threshold=adaptive-gaussian-31-5,input_1,True,0.3252009066358025,0.4613183255118554,0.0,0.5074890046296296,592.213103171438,,"{""colorspace"": ""CIELAB"", ""channel_weights"": ""1,0,0"", ""darken_only"": true, ""peak_reference"": true, ""ref_mode"": [""first""], ""ref_running_alpha"": 0.05, ""dynamic_target_fraction"": 0.2, ""dynamic_lag_scale"": 1, ""pre_delta_blur"": ""none"", ""blur"": ""gaussian:9"", ""threshold"": ""adaptive-gaussian:31:5"", ""threshold_offset"": -10, ""morph_kernel"": 21, ""morph_shape"": ""ellipse"", ""morph_close_iterations"": 1, ""morph_open_iterations"": 1, ""min_area"": 1600, ""lock_frames"": 0, ""camera_stable"": false, ""motion_model"": ""affine"", ""motion_per_frame_threshold"": 1.5, ""cumulative_motion_threshold"": 3, ""peak_on_shift"": ""reset"", ""write_mask_pngs"": ""true"", ""write_overlay_pngs"": ""false"", ""write_heatmap_pngs"": ""false"", ""backend"": ""cuda"", ""roi_mask"": ""/home/j-vaught/bench_vrifa/data/roi_masks/input_1.png""}"
phase4__input_3__threshold=adaptive-mean-11-5,input_3,True,0.5397666781556373,0.6822580591519308,0.0,0.6083382161458333,171.73669173941016,,"{""colorspace"": ""CIELAB"", ""channel_weights"": ""1,0,0"", ""darken_only"": true, ""peak_reference"": true, ""ref_mode"": [""first""], ""ref_running_alpha"": 0.05, ""dynamic_target_fraction"": 0.2, ""dynamic_lag_scale"": 1, ""pre_delta_blur"": ""none"", ""blur"": ""gaussian:9"", ""threshold"": ""adaptive-mean:11:5"", ""threshold_offset"": -50, ""morph_kernel"": 21, ""morph_shape"": ""ellipse"", ""morph_close_iterations"": 1, ""morph_open_iterations"": 1, ""min_area"": 1600, ""lock_frames"": 3, ""camera_stable"": false, ""motion_model"": ""affine"", ""motion_per_frame_threshold"": 1.5, ""cumulative_motion_threshold"": 3, ""peak_on_shift"": ""reset"", ""write_mask_pngs"": ""true"", ""write_overlay_pngs"": ""false"", ""write_heatmap_pngs"": ""false"", ""backend"": ""cuda"", ""roi_margin"": 0.0}"
phase4__input_3__threshold=adaptive-mean-11--5,input_3,True,0.09669274786359293,0.17632593253568568,0.1712749278287769,0.8311376786087157,173.46466406993568,,"{""colorspace"": ""CIELAB"", ""channel_weights"": ""1,0,0"", ""darken_only"": true, ""peak_reference"": true, ""ref_mode"": [""first""], ""ref_running_alpha"": 0.05, ""dynamic_target_fraction"": 0.2, ""dynamic_lag_scale"": 1, ""pre_delta_blur"": ""none"", ""blur"": ""gaussian:9"", ""threshold"": ""adaptive-mean:11:-5"", ""threshold_offset"": -50, ""morph_kernel"": 21, ""morph_shape"": ""ellipse"", ""morph_close_iterations"": 1, ""morph_open_iterations"": 1, ""min_area"": 1600, ""lock_frames"": 3, ""camera_stable"": false, ""motion_model"": ""affine"", ""motion_per_frame_threshold"": 1.5, ""cumulative_motion_threshold"": 3, ""peak_on_shift"": ""reset"", ""write_mask_pngs"": ""true"", ""write_overlay_pngs"": ""false"", ""write_heatmap_pngs"": ""false"", ""backend"": ""cuda"", ""roi_margin"": 0.0}"
phase4__input_3__threshold=adaptive-gaussian-11--5,input_3,True,0.0038561872235890167,0.00767966684265417,0.006399891168528143,0.12910097085841873,171.11484519392252,,"{""colorspace"": ""CIELAB"", ""channel_weights"": ""1,0,0"", ""darken_only"": true, ""peak_reference"": true, ""ref_mode"": [""first""], ""ref_running_alpha"": 0.05, ""dynamic_target_fraction"": 0.2, ""dynamic_lag_scale"": 1, ""pre_delta_blur"": ""none"", ""blur"": ""gaussian:9"", ""threshold"": ""adaptive-gaussian:11:-5"", ""threshold_offset"": -50, ""morph_kernel"": 21, ""morph_shape"": ""ellipse"", ""morph_close_iterations"": 1, ""morph_open_iterations"": 1, ""min_area"": 1600, ""lock_frames"": 3, ""camera_stable"": false, ""motion_model"": ""affine"", ""motion_per_frame_threshold"": 1.5, ""cumulative_motion_threshold"": 3, ""peak_on_shift"": ""reset"", ""write_mask_pngs"": ""true"", ""write_overlay_pngs"": ""false"", ""write_heatmap_pngs"": ""false"", ""backend"": ""cuda"", ""roi_margin"": 0.0}"
phase4__input_3__threshold=adaptive-mean-31-5,input_3,True,0.5396507161402229,0.6821074353270185,0.0062284382370848415,0.6083382161458333,173.70296402927488,,"{""colorspace"": ""CIELAB"", ""channel_weights"": ""1,0,0"", ""darken_only"": true, ""peak_reference"": true, ""ref_mode"": [""first""], ""ref_running_alpha"": 0.05, ""dynamic_target_fraction"": 0.2, ""dynamic_lag_scale"": 1, ""pre_delta_blur"": ""none"", ""blur"": ""gaussian:9"", ""threshold"": ""adaptive-mean:31:5"", ""threshold_offset"": -50, ""morph_kernel"": 21, ""morph_shape"": ""ellipse"", ""morph_close_iterations"": 1, ""morph_open_iterations"": 1, ""min_area"": 1600, ""lock_frames"": 3, ""camera_stable"": false, ""motion_model"": ""affine"", ""motion_per_frame_threshold"": 1.5, ""cumulative_motion_threshold"": 3, ""peak_on_shift"": ""reset"", ""write_mask_pngs"": ""true"", ""write_overlay_pngs"": ""false"", ""write_heatmap_pngs"": ""false"", ""backend"": ""cuda"", ""roi_margin"": 0.0}"
phase4__input_3__threshold=adaptive-gaussian-11-5,input_3,True,0.5397666781556373,0.6822580591519308,0.0,0.6083382161458333,187.17950849514455,,"{""colorspace"": ""CIELAB"", ""channel_weights"": ""1,0,0"", ""darken_only"": true, ""peak_reference"": true, ""ref_mode"": [""first""], ""ref_running_alpha"": 0.05, ""dynamic_target_fraction"": 0.2, ""dynamic_lag_scale"": 1, ""pre_delta_blur"": ""none"", ""blur"": ""gaussian:9"", ""threshold"": ""adaptive-gaussian:11:5"", ""threshold_offset"": -50, ""morph_kernel"": 21, ""morph_shape"": ""ellipse"", ""morph_close_iterations"": 1, ""morph_open_iterations"": 1, ""min_area"": 1600, ""lock_frames"": 3, ""camera_stable"": false, ""motion_model"": ""affine"", ""motion_per_frame_threshold"": 1.5, ""cumulative_motion_threshold"": 3, ""peak_on_shift"": ""reset"", ""write_mask_pngs"": ""true"", ""write_overlay_pngs"": ""false"", ""write_heatmap_pngs"": ""false"", ""backend"": ""cuda"", ""roi_margin"": 0.0}"
phase4__input_3__threshold=percentile-95,input_3,True,0.7560800760455975,0.8604381185251985,0.028686456008039502,0.8424376211449399,209.19659302011132,,"{""colorspace"": ""CIELAB"", ""channel_weights"": ""1,0,0"", ""darken_only"": true, ""peak_reference"": true, ""ref_mode"": [""first""], ""ref_running_alpha"": 0.05, ""dynamic_target_fraction"": 0.2, ""dynamic_lag_scale"": 1, ""pre_delta_blur"": ""none"", ""blur"": ""gaussian:9"", ""threshold"": ""percentile:95"", ""threshold_offset"": -50, ""morph_kernel"": 21, ""morph_shape"": ""ellipse"", ""morph_close_iterations"": 1, ""morph_open_iterations"": 1, ""min_area"": 1600, ""lock_frames"": 3, ""camera_stable"": false, ""motion_model"": ""affine"", ""motion_per_frame_threshold"": 1.5, ""cumulative_motion_threshold"": 3, ""peak_on_shift"": ""reset"", ""write_mask_pngs"": ""true"", ""write_overlay_pngs"": ""false"", ""write_heatmap_pngs"": ""false"", ""backend"": ""cuda"", ""roi_margin"": 0.0}"
phase4__input_3__threshold=adaptive-mean-31--5,input_3,True,0.3849111941161769,0.5555856131858531,0.08900672653265959,0.9471963163805398,202.82078690920025,,"{""colorspace"": ""CIELAB"", ""channel_weights"": ""1,0,0"", ""darken_only"": true, ""peak_reference"": true, ""ref_mode"": [""first""], ""ref_running_alpha"": 0.05, ""dynamic_target_fraction"": 0.2, ""dynamic_lag_scale"": 1, ""pre_delta_blur"": ""none"", ""blur"": ""gaussian:9"", ""threshold"": ""adaptive-mean:31:-5"", ""threshold_offset"": -50, ""morph_kernel"": 21, ""morph_shape"": ""ellipse"", ""morph_close_iterations"": 1, ""morph_open_iterations"": 1, ""min_area"": 1600, ""lock_frames"": 3, ""camera_stable"": false, ""motion_model"": ""affine"", ""motion_per_frame_threshold"": 1.5, ""cumulative_motion_threshold"": 3, ""peak_on_shift"": ""reset"", ""write_mask_pngs"": ""true"", ""write_overlay_pngs"": ""false"", ""write_heatmap_pngs"": ""false"", ""backend"": ""cuda"", ""roi_margin"": 0.0}"
phase4__input_3__threshold=adaptive-gaussian-31-5,input_3,True,0.5397666781556373,0.6822580591519308,0.0,0.6083382161458333,194.2673647282645,,"{""colorspace"": ""CIELAB"", ""channel_weights"": ""1,0,0"", ""darken_only"": true, ""peak_reference"": true, ""ref_mode"": [""first""], ""ref_running_alpha"": 0.05, ""dynamic_target_fraction"": 0.2, ""dynamic_lag_scale"": 1, ""pre_delta_blur"": ""none"", ""blur"": ""gaussian:9"", ""threshold"": ""adaptive-gaussian:31:5"", ""threshold_offset"": -50, ""morph_kernel"": 21, ""morph_shape"": ""ellipse"", ""morph_close_iterations"": 1, ""morph_open_iterations"": 1, ""min_area"": 1600, ""lock_frames"": 3, ""camera_stable"": false, ""motion_model"": ""affine"", ""motion_per_frame_threshold"": 1.5, ""cumulative_motion_threshold"": 3, ""peak_on_shift"": ""reset"", ""write_mask_pngs"": ""true"", ""write_overlay_pngs"": ""false"", ""write_heatmap_pngs"": ""false"", ""backend"": ""cuda"", ""roi_margin"": 0.0}"
phase4__input_3__threshold=adaptive-gaussian-31--5,input_3,True,0.19561398162786356,0.32709351261410496,0.15075102193953785,0.8941293522559665,196.1846063658595,,"{""colorspace"": ""CIELAB"", ""channel_weights"": ""1,0,0"", ""darken_only"": true, ""peak_reference"": true, ""ref_mode"": [""first""], ""ref_running_alpha"": 0.05, ""dynamic_target_fraction"": 0.2, ""dynamic_lag_scale"": 1, ""pre_delta_blur"": ""none"", ""blur"": ""gaussian:9"", ""threshold"": ""adaptive-gaussian:31:-5"", ""threshold_offset"": -50, ""morph_kernel"": 21, ""morph_shape"": ""ellipse"", ""morph_close_iterations"": 1, ""morph_open_iterations"": 1, ""min_area"": 1600, ""lock_frames"": 3, ""camera_stable"": false, ""motion_model"": ""affine"", ""motion_per_frame_threshold"": 1.5, ""cumulative_motion_threshold"": 3, ""peak_on_shift"": ""reset"", ""write_mask_pngs"": ""true"", ""write_overlay_pngs"": ""false"", ""write_heatmap_pngs"": ""false"", ""backend"": ""cuda"", ""roi_margin"": 0.0}"
phase4__input_4__threshold=otsu__threshold_offset=-50,input_4,True,0.9202602092128924,0.9583225329265822,0.27717331191785877,0.7826244149468937,445.61960302386433,,"{""colorspace"": ""CIELAB"", ""channel_weights"": ""1,0,0"", ""darken_only"": true, ""peak_reference"": true, ""ref_mode"": [""first""], ""ref_running_alpha"": 0.05, ""dynamic_target_fraction"": 0.2, ""dynamic_lag_scale"": 1, ""pre_delta_blur"": ""none"", ""blur"": ""gaussian:9"", ""threshold"": ""otsu"", ""threshold_offset"": -50.0, ""morph_kernel"": 13, ""morph_shape"": ""ellipse"", ""morph_close_iterations"": 1, ""morph_open_iterations"": 1, ""min_area"": 400, ""lock_frames"": 0, ""camera_stable"": false, ""motion_model"": ""affine"", ""motion_per_frame_threshold"": 1.5, ""cumulative_motion_threshold"": 3, ""peak_on_shift"": ""reset"", ""write_mask_pngs"": ""true"", ""write_overlay_pngs"": ""false"", ""write_heatmap_pngs"": ""false"", ""backend"": ""cuda"", ""roi_margin"": 0.0}"
phase4__input_4__threshold=otsu__threshold_offset=-30,input_4,True,0.9330690520387085,0.9652874253307875,0.34694708403570373,0.9130431688068061,450.5976604083553,,"{""colorspace"": ""CIELAB"", ""channel_weights"": ""1,0,0"", ""darken_only"": true, ""peak_reference"": true, ""ref_mode"": [""first""], ""ref_running_alpha"": 0.05, ""dynamic_target_fraction"": 0.2, ""dynamic_lag_scale"": 1, ""pre_delta_blur"": ""none"", ""blur"": ""gaussian:9"", ""threshold"": ""otsu"", ""threshold_offset"": -30.0, ""morph_kernel"": 13, ""morph_shape"": ""ellipse"", ""morph_close_iterations"": 1, ""morph_open_iterations"": 1, ""min_area"": 400, ""lock_frames"": 0, ""camera_stable"": false, ""motion_model"": ""affine"", ""motion_per_frame_threshold"": 1.5, ""cumulative_motion_threshold"": 3, ""peak_on_shift"": ""reset"", ""write_mask_pngs"": ""true"", ""write_overlay_pngs"": ""false"", ""write_heatmap_pngs"": ""false"", ""backend"": ""cuda"", ""roi_margin"": 0.0}"
phase4__input_4__threshold=otsu__threshold_offset=-10,input_4,True,0.8799120030199268,0.9348281277663573,0.3341490097954807,0.9183341283578708,479.1284165903926,,"{""colorspace"": ""CIELAB"", ""channel_weights"": ""1,0,0"", ""darken_only"": true, ""peak_reference"": true, ""ref_mode"": [""first""], ""ref_running_alpha"": 0.05, ""dynamic_target_fraction"": 0.2, ""dynamic_lag_scale"": 1, ""pre_delta_blur"": ""none"", ""blur"": ""gaussian:9"", ""threshold"": ""otsu"", ""threshold_offset"": -10.0, ""morph_kernel"": 13, ""morph_shape"": ""ellipse"", ""morph_close_iterations"": 1, ""morph_open_iterations"": 1, ""min_area"": 400, ""lock_frames"": 0, ""camera_stable"": false, ""motion_model"": ""affine"", ""motion_per_frame_threshold"": 1.5, ""cumulative_motion_threshold"": 3, ""peak_on_shift"": ""reset"", ""write_mask_pngs"": ""true"", ""write_overlay_pngs"": ""false"", ""write_heatmap_pngs"": ""false"", ""backend"": ""cuda"", ""roi_margin"": 0.0}"
phase4__input_4__threshold=otsu__threshold_offset=10,input_4,True,0.8266252715441451,0.8998930492278342,0.3191743579020072,0.8854056935919539,479.03453400172293,,"{""colorspace"": ""CIELAB"", ""channel_weights"": ""1,0,0"", ""darken_only"": true, ""peak_reference"": true, ""ref_mode"": [""first""], ""ref_running_alpha"": 0.05, ""dynamic_target_fraction"": 0.2, ""dynamic_lag_scale"": 1, ""pre_delta_blur"": ""none"", ""blur"": ""gaussian:9"", ""threshold"": ""otsu"", ""threshold_offset"": 10.0, ""morph_kernel"": 13, ""morph_shape"": ""ellipse"", ""morph_close_iterations"": 1, ""morph_open_iterations"": 1, ""min_area"": 400, ""lock_frames"": 0, ""camera_stable"": false, ""motion_model"": ""affine"", ""motion_per_frame_threshold"": 1.5, ""cumulative_motion_threshold"": 3, ""peak_on_shift"": ""reset"", ""write_mask_pngs"": ""true"", ""write_overlay_pngs"": ""false"", ""write_heatmap_pngs"": ""false"", ""backend"": ""cuda"", ""roi_margin"": 0.0}"
phase4__input_4__threshold=adaptive-mean-11-5,input_4,True,0.6003463521939281,0.722942076984379,0.0,0.6863407581143289,393.90469449386,,"{""colorspace"": ""CIELAB"", ""channel_weights"": ""1,0,0"", ""darken_only"": true, ""peak_reference"": true, ""ref_mode"": [""first""], ""ref_running_alpha"": 0.05, ""dynamic_target_fraction"": 0.2, ""dynamic_lag_scale"": 1, ""pre_delta_blur"": ""none"", ""blur"": ""gaussian:9"", ""threshold"": ""adaptive-mean:11:5"", ""threshold_offset"": -30, ""morph_kernel"": 13, ""morph_shape"": ""ellipse"", ""morph_close_iterations"": 1, ""morph_open_iterations"": 1, ""min_area"": 400, ""lock_frames"": 0, ""camera_stable"": false, ""motion_model"": ""affine"", ""motion_per_frame_threshold"": 1.5, ""cumulative_motion_threshold"": 3, ""peak_on_shift"": ""reset"", ""write_mask_pngs"": ""true"", ""write_overlay_pngs"": ""false"", ""write_heatmap_pngs"": ""false"", ""backend"": ""cuda"", ""roi_margin"": 0.0}"
phase4__input_4__threshold=adaptive-mean-11--5,input_4,True,0.08510045374905692,0.15535311888191297,0.17594502945413726,0.8750148173119093,403.115314100869,,"{""colorspace"": ""CIELAB"", ""channel_weights"": ""1,0,0"", ""darken_only"": true, ""peak_reference"": true, ""ref_mode"": [""first""], ""ref_running_alpha"": 0.05, ""dynamic_target_fraction"": 0.2, ""dynamic_lag_scale"": 1, ""pre_delta_blur"": ""none"", ""blur"": ""gaussian:9"", ""threshold"": ""adaptive-mean:11:-5"", ""threshold_offset"": -30, ""morph_kernel"": 13, ""morph_shape"": ""ellipse"", ""morph_close_iterations"": 1, ""morph_open_iterations"": 1, ""min_area"": 400, ""lock_frames"": 0, ""camera_stable"": false, ""motion_model"": ""affine"", ""motion_per_frame_threshold"": 1.5, ""cumulative_motion_threshold"": 3, ""peak_on_shift"": ""reset"", ""write_mask_pngs"": ""true"", ""write_overlay_pngs"": ""false"", ""write_heatmap_pngs"": ""false"", ""backend"": ""cuda"", ""roi_margin"": 0.0}"
phase4__input_4__threshold=manual-50,input_4,True,0.9263003775747356,0.9616626281793966,0.2931596823881201,0.9052720778981656,435.7617315854877,,"{""colorspace"": ""CIELAB"", ""channel_weights"": ""1,0,0"", ""darken_only"": true, ""peak_reference"": true, ""ref_mode"": [""first""], ""ref_running_alpha"": 0.05, ""dynamic_target_fraction"": 0.2, ""dynamic_lag_scale"": 1, ""pre_delta_blur"": ""none"", ""blur"": ""gaussian:9"", ""threshold"": ""manual:50"", ""threshold_offset"": -30, ""morph_kernel"": 13, ""morph_shape"": ""ellipse"", ""morph_close_iterations"": 1, ""morph_open_iterations"": 1, ""min_area"": 400, ""lock_frames"": 0, ""camera_stable"": false, ""motion_model"": ""affine"", ""motion_per_frame_threshold"": 1.5, ""cumulative_motion_threshold"": 3, ""peak_on_shift"": ""reset"", ""write_mask_pngs"": ""true"", ""write_overlay_pngs"": ""false"", ""write_heatmap_pngs"": ""false"", ""backend"": ""cuda"", ""roi_margin"": 0.0}"
phase4__input_4__threshold=manual-90,input_4,True,0.8841289400021729,0.9374167514487274,0.33717015027026964,0.9207087294470441,436.174045143649,,"{""colorspace"": ""CIELAB"", ""channel_weights"": ""1,0,0"", ""darken_only"": true, ""peak_reference"": true, ""ref_mode"": [""first""], ""ref_running_alpha"": 0.05, ""dynamic_target_fraction"": 0.2, ""dynamic_lag_scale"": 1, ""pre_delta_blur"": ""none"", ""blur"": ""gaussian:9"", ""threshold"": ""manual:90"", ""threshold_offset"": -30, ""morph_kernel"": 13, ""morph_shape"": ""ellipse"", ""morph_close_iterations"": 1, ""morph_open_iterations"": 1, ""min_area"": 400, ""lock_frames"": 0, ""camera_stable"": false, ""motion_model"": ""affine"", ""motion_per_frame_threshold"": 1.5, ""cumulative_motion_threshold"": 3, ""peak_on_shift"": ""reset"", ""write_mask_pngs"": ""true"", ""write_overlay_pngs"": ""false"", ""write_heatmap_pngs"": ""false"", ""backend"": ""cuda"", ""roi_margin"": 0.0}"
phase4__input_4__threshold=manual-130,input_4,True,0.6966487368192587,0.8130767814349849,0.22290363093534746,0.8077188836822483,435.7838745675981,,"{""colorspace"": ""CIELAB"", ""channel_weights"": ""1,0,0"", ""darken_only"": true, ""peak_reference"": true, ""ref_mode"": [""first""], ""ref_running_alpha"": 0.05, ""dynamic_target_fraction"": 0.2, ""dynamic_lag_scale"": 1, ""pre_delta_blur"": ""none"", ""blur"": ""gaussian:9"", ""threshold"": ""manual:130"", ""threshold_offset"": -30, ""morph_kernel"": 13, ""morph_shape"": ""ellipse"", ""morph_close_iterations"": 1, ""morph_open_iterations"": 1, ""min_area"": 400, ""lock_frames"": 0, ""camera_stable"": false, ""motion_model"": ""affine"", ""motion_per_frame_threshold"": 1.5, ""cumulative_motion_threshold"": 3, ""peak_on_shift"": ""reset"", ""write_mask_pngs"": ""true"", ""write_overlay_pngs"": ""false"", ""write_heatmap_pngs"": ""false"", ""backend"": ""cuda"", ""roi_margin"": 0.0}"
phase4__input_4__threshold=adaptive-mean-31--5,input_4,True,0.15907657827271765,0.2725223320930934,0.2498590760037671,0.932607268544472,402.2975741131231,,"{""colorspace"": ""CIELAB"", ""channel_weights"": ""1,0,0"", ""darken_only"": true, ""peak_reference"": true, ""ref_mode"": [""first""], ""ref_running_alpha"": 0.05, ""dynamic_target_fraction"": 0.2, ""dynamic_lag_scale"": 1, ""pre_delta_blur"": ""none"", ""blur"": ""gaussian:9"", ""threshold"": ""adaptive-mean:31:-5"", ""threshold_offset"": -30, ""morph_kernel"": 13, ""morph_shape"": ""ellipse"", ""morph_close_iterations"": 1, ""morph_open_iterations"": 1, ""min_area"": 400, ""lock_frames"": 0, ""camera_stable"": false, ""motion_model"": ""affine"", ""motion_per_frame_threshold"": 1.5, ""cumulative_motion_threshold"": 3, ""peak_on_shift"": ""reset"", ""write_mask_pngs"": ""true"", ""write_overlay_pngs"": ""false"", ""write_heatmap_pngs"": ""false"", ""backend"": ""cuda"", ""roi_margin"": 0.0}"
phase4__input_4__threshold=triangle__threshold_offset=-20,input_4,True,0.6036959929791428,0.7251886761330518,0.0011123390842706228,0.6863407581143289,489.52283989079297,,"{""colorspace"": ""CIELAB"", ""channel_weights"": ""1,0,0"", ""darken_only"": true, ""peak_reference"": true, ""ref_mode"": [""first""], ""ref_running_alpha"": 0.05, ""dynamic_target_fraction"": 0.2, ""dynamic_lag_scale"": 1, ""pre_delta_blur"": ""none"", ""blur"": ""gaussian:9"", ""threshold"": ""triangle"", ""threshold_offset"": -20.0, ""morph_kernel"": 13, ""morph_shape"": ""ellipse"", ""morph_close_iterations"": 1, ""morph_open_iterations"": 1, ""min_area"": 400, ""lock_frames"": 0, ""camera_stable"": false, ""motion_model"": ""affine"", ""motion_per_frame_threshold"": 1.5, ""cumulative_motion_threshold"": 3, ""peak_on_shift"": ""reset"", ""write_mask_pngs"": ""true"", ""write_overlay_pngs"": ""false"", ""write_heatmap_pngs"": ""false"", ""backend"": ""cuda"", ""roi_margin"": 0.0}"
phase4__input_4__threshold=triangle__threshold_offset=0,input_4,True,0.9235665811060618,0.960190768195627,0.27295036909200227,0.9049968164027462,497.52156820707023,,"{""colorspace"": ""CIELAB"", ""channel_weights"": ""1,0,0"", ""darken_only"": true, ""peak_reference"": true, ""ref_mode"": [""first""], ""ref_running_alpha"": 0.05, ""dynamic_target_fraction"": 0.2, ""dynamic_lag_scale"": 1, ""pre_delta_blur"": ""none"", ""blur"": ""gaussian:9"", ""threshold"": ""triangle"", ""threshold_offset"": 0.0, ""morph_kernel"": 13, ""morph_shape"": ""ellipse"", ""morph_close_iterations"": 1, ""morph_open_iterations"": 1, ""min_area"": 400, ""lock_frames"": 0, ""camera_stable"": false, ""motion_model"": ""affine"", ""motion_per_frame_threshold"": 1.5, ""cumulative_motion_threshold"": 3, ""peak_on_shift"": ""reset"", ""write_mask_pngs"": ""true"", ""write_overlay_pngs"": ""false"", ""write_heatmap_pngs"": ""false"", ""backend"": ""cuda"", ""roi_margin"": 0.0}"
phase4__input_4__threshold=triangle__threshold_offset=20,input_4,True,0.9334699478269941,0.9654919322732484,0.34813871299327176,0.9155036915880027,493.9725493332371,,"{""colorspace"": ""CIELAB"", ""channel_weights"": ""1,0,0"", ""darken_only"": true, ""peak_reference"": true, ""ref_mode"": [""first""], ""ref_running_alpha"": 0.05, ""dynamic_target_fraction"": 0.2, ""dynamic_lag_scale"": 1, ""pre_delta_blur"": ""none"", ""blur"": ""gaussian:9"", ""threshold"": ""triangle"", ""threshold_offset"": 20.0, ""morph_kernel"": 13, ""morph_shape"": ""ellipse"", ""morph_close_iterations"": 1, ""morph_open_iterations"": 1, ""min_area"": 400, ""lock_frames"": 0, ""camera_stable"": false, ""motion_model"": ""affine"", ""motion_per_frame_threshold"": 1.5, ""cumulative_motion_threshold"": 3, ""peak_on_shift"": ""reset"", ""write_mask_pngs"": ""true"", ""write_overlay_pngs"": ""false"", ""write_heatmap_pngs"": ""false"", ""backend"": ""cuda"", ""roi_margin"": 0.0}"
phase4__input_4__threshold=percentile-60,input_4,True,0.6883741459325727,0.7805301277608312,0.22786844729006642,0.7716008417117635,469.1240998581052,,"{""colorspace"": ""CIELAB"", ""channel_weights"": ""1,0,0"", ""darken_only"": true, ""peak_reference"": true, ""ref_mode"": [""first""], ""ref_running_alpha"": 0.05, ""dynamic_target_fraction"": 0.2, ""dynamic_lag_scale"": 1, ""pre_delta_blur"": ""none"", ""blur"": ""gaussian:9"", ""threshold"": ""percentile:60"", ""threshold_offset"": -30, ""morph_kernel"": 13, ""morph_shape"": ""ellipse"", ""morph_close_iterations"": 1, ""morph_open_iterations"": 1, ""min_area"": 400, ""lock_frames"": 0, ""camera_stable"": false, ""motion_model"": ""affine"", ""motion_per_frame_threshold"": 1.5, ""cumulative_motion_threshold"": 3, ""peak_on_shift"": ""reset"", ""write_mask_pngs"": ""true"", ""write_overlay_pngs"": ""false"", ""write_heatmap_pngs"": ""false"", ""backend"": ""cuda"", ""roi_margin"": 0.0}"
phase4__input_4__threshold=percentile-80,input_4,True,0.6208167091226966,0.7369333659411118,0.18631316146656132,0.7388618375468089,465.497217326425,,"{""colorspace"": ""CIELAB"", ""channel_weights"": ""1,0,0"", ""darken_only"": true, ""peak_reference"": true, ""ref_mode"": [""first""], ""ref_running_alpha"": 0.05, ""dynamic_target_fraction"": 0.2, ""dynamic_lag_scale"": 1, ""pre_delta_blur"": ""none"", ""blur"": ""gaussian:9"", ""threshold"": ""percentile:80"", ""threshold_offset"": -30, ""morph_kernel"": 13, ""morph_shape"": ""ellipse"", ""morph_close_iterations"": 1, ""morph_open_iterations"": 1, ""min_area"": 400, ""lock_frames"": 0, ""camera_stable"": false, ""motion_model"": ""affine"", ""motion_per_frame_threshold"": 1.5, ""cumulative_motion_threshold"": 3, ""peak_on_shift"": ""reset"", ""write_mask_pngs"": ""true"", ""write_overlay_pngs"": ""false"", ""write_heatmap_pngs"": ""false"", ""backend"": ""cuda"", ""roi_margin"": 0.0}"
phase4__input_4__threshold=percentile-95,input_4,True,0.5964183960163385,0.7347421736086939,0.17310816295133385,0.7952482111679737,479.56614635139704,,"{""colorspace"": ""CIELAB"", ""channel_weights"": ""1,0,0"", ""darken_only"": true, ""peak_reference"": true, ""ref_mode"": [""first""], ""ref_running_alpha"": 0.05, ""dynamic_target_fraction"": 0.2, ""dynamic_lag_scale"": 1, ""pre_delta_blur"": ""none"", ""blur"": ""gaussian:9"", ""threshold"": ""percentile:95"", ""threshold_offset"": -30, ""morph_kernel"": 13, ""morph_shape"": ""ellipse"", ""morph_close_iterations"": 1, ""morph_open_iterations"": 1, ""min_area"": 400, ""lock_frames"": 0, ""camera_stable"": false, ""motion_model"": ""affine"", ""motion_per_frame_threshold"": 1.5, ""cumulative_motion_threshold"": 3, ""peak_on_shift"": ""reset"", ""write_mask_pngs"": ""true"", ""write_overlay_pngs"": ""false"", ""write_heatmap_pngs"": ""false"", ""backend"": ""cuda"", ""roi_margin"": 0.0}"
phase4__input_4__threshold=adaptive-mean-31-5,input_4,True,0.6125478029306686,0.7290560747088769,0.2555145324177669,0.6863407581143289,384.9621417140588,,"{""colorspace"": ""CIELAB"", ""channel_weights"": ""1,0,0"", ""darken_only"": true, ""peak_reference"": true, ""ref_mode"": [""first""], ""ref_running_alpha"": 0.05, ""dynamic_target_fraction"": 0.2, ""dynamic_lag_scale"": 1, ""pre_delta_blur"": ""none"", ""blur"": ""gaussian:9"", ""threshold"": ""adaptive-mean:31:5"", ""threshold_offset"": -30, ""morph_kernel"": 13, ""morph_shape"": ""ellipse"", ""morph_close_iterations"": 1, ""morph_open_iterations"": 1, ""min_area"": 400, ""lock_frames"": 0, ""camera_stable"": false, ""motion_model"": ""affine"", ""motion_per_frame_threshold"": 1.5, ""cumulative_motion_threshold"": 3, ""peak_on_shift"": ""reset"", ""write_mask_pngs"": ""true"", ""write_overlay_pngs"": ""false"", ""write_heatmap_pngs"": ""false"", ""backend"": ""cuda"", ""roi_margin"": 0.0}"
phase4__input_4__threshold=adaptive-gaussian-11--5,input_4,True,0.009428518405733933,0.01851849849135428,0.04560270480795509,0.13918227761081825,385.12029287870973,,"{""colorspace"": ""CIELAB"", ""channel_weights"": ""1,0,0"", ""darken_only"": true, ""peak_reference"": true, ""ref_mode"": [""first""], ""ref_running_alpha"": 0.05, ""dynamic_target_fraction"": 0.2, ""dynamic_lag_scale"": 1, ""pre_delta_blur"": ""none"", ""blur"": ""gaussian:9"", ""threshold"": ""adaptive-gaussian:11:-5"", ""threshold_offset"": -30, ""morph_kernel"": 13, ""morph_shape"": ""ellipse"", ""morph_close_iterations"": 1, ""morph_open_iterations"": 1, ""min_area"": 400, ""lock_frames"": 0, ""camera_stable"": false, ""motion_model"": ""affine"", ""motion_per_frame_threshold"": 1.5, ""cumulative_motion_threshold"": 3, ""peak_on_shift"": ""reset"", ""write_mask_pngs"": ""true"", ""write_overlay_pngs"": ""false"", ""write_heatmap_pngs"": ""false"", ""backend"": ""cuda"", ""roi_margin"": 0.0}"
phase4__input_4__threshold=adaptive-gaussian-11-5,input_4,True,0.6003463521939281,0.722942076984379,0.0,0.6863407581143289,378.0472101820633,,"{""colorspace"": ""CIELAB"", ""channel_weights"": ""1,0,0"", ""darken_only"": true, ""peak_reference"": true, ""ref_mode"": [""first""], ""ref_running_alpha"": 0.05, ""dynamic_target_fraction"": 0.2, ""dynamic_lag_scale"": 1, ""pre_delta_blur"": ""none"", ""blur"": ""gaussian:9"", ""threshold"": ""adaptive-gaussian:11:5"", ""threshold_offset"": -30, ""morph_kernel"": 13, ""morph_shape"": ""ellipse"", ""morph_close_iterations"": 1, ""morph_open_iterations"": 1, ""min_area"": 400, ""lock_frames"": 0, ""camera_stable"": false, ""motion_model"": ""affine"", ""motion_per_frame_threshold"": 1.5, ""cumulative_motion_threshold"": 3, ""peak_on_shift"": ""reset"", ""write_mask_pngs"": ""true"", ""write_overlay_pngs"": ""false"", ""write_heatmap_pngs"": ""false"", ""backend"": ""cuda"", ""roi_margin"": 0.0}"
phase4__input_4__threshold=adaptive-gaussian-31-5,input_4,True,0.5989443617364748,0.7216133995209333,0.04927281927531534,0.6863407581143289,386.48541726451367,,"{""colorspace"": ""CIELAB"", ""channel_weights"": ""1,0,0"", ""darken_only"": true, ""peak_reference"": true, ""ref_mode"": [""first""], ""ref_running_alpha"": 0.05, ""dynamic_target_fraction"": 0.2, ""dynamic_lag_scale"": 1, ""pre_delta_blur"": ""none"", ""blur"": ""gaussian:9"", ""threshold"": ""adaptive-gaussian:31:5"", ""threshold_offset"": -30, ""morph_kernel"": 13, ""morph_shape"": ""ellipse"", ""morph_close_iterations"": 1, ""morph_open_iterations"": 1, ""min_area"": 400, ""lock_frames"": 0, ""camera_stable"": false, ""motion_model"": ""affine"", ""motion_per_frame_threshold"": 1.5, ""cumulative_motion_threshold"": 3, ""peak_on_shift"": ""reset"", ""write_mask_pngs"": ""true"", ""write_overlay_pngs"": ""false"", ""write_heatmap_pngs"": ""false"", ""backend"": ""cuda"", ""roi_margin"": 0.0}"
phase4__input_4__threshold=adaptive-gaussian-31--5,input_4,True,0.10991365073182649,0.19622806471966,0.20269516146138442,0.9127878890732468,402.69115439336747,,"{""colorspace"": ""CIELAB"", ""channel_weights"": ""1,0,0"", ""darken_only"": true, ""peak_reference"": true, ""ref_mode"": [""first""], ""ref_running_alpha"": 0.05, ""dynamic_target_fraction"": 0.2, ""dynamic_lag_scale"": 1, ""pre_delta_blur"": ""none"", ""blur"": ""gaussian:9"", ""threshold"": ""adaptive-gaussian:31:-5"", ""threshold_offset"": -30, ""morph_kernel"": 13, ""morph_shape"": ""ellipse"", ""morph_close_iterations"": 1, ""morph_open_iterations"": 1, ""min_area"": 400, ""lock_frames"": 0, ""camera_stable"": false, ""motion_model"": ""affine"", ""motion_per_frame_threshold"": 1.5, ""cumulative_motion_threshold"": 3, ""peak_on_shift"": ""reset"", ""write_mask_pngs"": ""true"", ""write_overlay_pngs"": ""false"", ""write_heatmap_pngs"": ""false"", ""backend"": ""cuda"", ""roi_margin"": 0.0}"
phase4__input_5__threshold=manual-90,input_5,True,0.8330416675798246,0.9081762463499892,0.29493013070016705,0.9300265709056827,467.42998354230076,,"{""colorspace"": ""CIELAB"", ""channel_weights"": ""1,0,0"", ""darken_only"": true, ""peak_reference"": true, ""ref_mode"": [""first""], ""ref_running_alpha"": 0.05, ""dynamic_target_fraction"": 0.2, ""dynamic_lag_scale"": 1, ""pre_delta_blur"": ""none"", ""blur"": ""gaussian:9"", ""threshold"": ""manual:90"", ""threshold_offset"": -10, ""morph_kernel"": 21, ""morph_shape"": ""ellipse"", ""morph_close_iterations"": 1, ""morph_open_iterations"": 1, ""min_area"": 1600, ""lock_frames"": 10, ""camera_stable"": false, ""motion_model"": ""affine"", ""motion_per_frame_threshold"": 1.5, ""cumulative_motion_threshold"": 3, ""peak_on_shift"": ""reset"", ""write_mask_pngs"": ""true"", ""write_overlay_pngs"": ""false"", ""write_heatmap_pngs"": ""false"", ""backend"": ""cuda"", ""roi_margin"": 0.0}"
phase4__input_5__threshold=manual-50,input_5,True,0.9590864137358205,0.9790993045501464,0.5493809174182763,0.9388131476472779,468.88669909350574,,"{""colorspace"": ""CIELAB"", ""channel_weights"": ""1,0,0"", ""darken_only"": true, ""peak_reference"": true, ""ref_mode"": [""first""], ""ref_running_alpha"": 0.05, ""dynamic_target_fraction"": 0.2, ""dynamic_lag_scale"": 1, ""pre_delta_blur"": ""none"", ""blur"": ""gaussian:9"", ""threshold"": ""manual:50"", ""threshold_offset"": -10, ""morph_kernel"": 21, ""morph_shape"": ""ellipse"", ""morph_close_iterations"": 1, ""morph_open_iterations"": 1, ""min_area"": 1600, ""lock_frames"": 10, ""camera_stable"": false, ""motion_model"": ""affine"", ""motion_per_frame_threshold"": 1.5, ""cumulative_motion_threshold"": 3, ""peak_on_shift"": ""reset"", ""write_mask_pngs"": ""true"", ""write_overlay_pngs"": ""false"", ""write_heatmap_pngs"": ""false"", ""backend"": ""cuda"", ""roi_margin"": 0.0}"
phase4__input_5__threshold=manual-130,input_5,True,0.3169605854488521,0.45928460891186534,0.02135687652114878,0.6142371954167549,463.48837114684284,,"{""colorspace"": ""CIELAB"", ""channel_weights"": ""1,0,0"", ""darken_only"": true, ""peak_reference"": true, ""ref_mode"": [""first""], ""ref_running_alpha"": 0.05, ""dynamic_target_fraction"": 0.2, ""dynamic_lag_scale"": 1, ""pre_delta_blur"": ""none"", ""blur"": ""gaussian:9"", ""threshold"": ""manual:130"", ""threshold_offset"": -10, ""morph_kernel"": 21, ""morph_shape"": ""ellipse"", ""morph_close_iterations"": 1, ""morph_open_iterations"": 1, ""min_area"": 1600, ""lock_frames"": 10, ""camera_stable"": false, ""motion_model"": ""affine"", ""motion_per_frame_threshold"": 1.5, ""cumulative_motion_threshold"": 3, ""peak_on_shift"": ""reset"", ""write_mask_pngs"": ""true"", ""write_overlay_pngs"": ""false"", ""write_heatmap_pngs"": ""false"", ""backend"": ""cuda"", ""roi_margin"": 0.0}"
phase4__input_5__threshold=otsu__threshold_offset=-30,input_5,True,0.9449913106819938,0.9716527929654726,0.4095633303483385,0.8988386696091746,526.7099045328796,,"{""colorspace"": ""CIELAB"", ""channel_weights"": ""1,0,0"", ""darken_only"": true, ""peak_reference"": true, ""ref_mode"": [""first""], ""ref_running_alpha"": 0.05, ""dynamic_target_fraction"": 0.2, ""dynamic_lag_scale"": 1, ""pre_delta_blur"": ""none"", ""blur"": ""gaussian:9"", ""threshold"": ""otsu"", ""threshold_offset"": -30.0, ""morph_kernel"": 21, ""morph_shape"": ""ellipse"", ""morph_close_iterations"": 1, ""morph_open_iterations"": 1, ""min_area"": 1600, ""lock_frames"": 10, ""camera_stable"": false, ""motion_model"": ""affine"", ""motion_per_frame_threshold"": 1.5, ""cumulative_motion_threshold"": 3, ""peak_on_shift"": ""reset"", ""write_mask_pngs"": ""true"", ""write_overlay_pngs"": ""false"", ""write_heatmap_pngs"": ""false"", ""backend"": ""cuda"", ""roi_margin"": 0.0}"
phase4__input_5__threshold=otsu__threshold_offset=-50,input_5,True,0.671985192515989,0.780875758730946,0.0,0.7268625080123536,528.9914273982868,,"{""colorspace"": ""CIELAB"", ""channel_weights"": ""1,0,0"", ""darken_only"": true, ""peak_reference"": true, ""ref_mode"": [""first""], ""ref_running_alpha"": 0.05, ""dynamic_target_fraction"": 0.2, ""dynamic_lag_scale"": 1, ""pre_delta_blur"": ""none"", ""blur"": ""gaussian:9"", ""threshold"": ""otsu"", ""threshold_offset"": -50.0, ""morph_kernel"": 21, ""morph_shape"": ""ellipse"", ""morph_close_iterations"": 1, ""morph_open_iterations"": 1, ""min_area"": 1600, ""lock_frames"": 10, ""camera_stable"": false, ""motion_model"": ""affine"", ""motion_per_frame_threshold"": 1.5, ""cumulative_motion_threshold"": 3, ""peak_on_shift"": ""reset"", ""write_mask_pngs"": ""true"", ""write_overlay_pngs"": ""false"", ""write_heatmap_pngs"": ""false"", ""backend"": ""cuda"", ""roi_margin"": 0.0}"
phase4__input_5__threshold=triangle__threshold_offset=-20,input_5,True,0.6715760346099232,0.780615854861742,0.0,0.7268625080123536,528.4669324075803,,"{""colorspace"": ""CIELAB"", ""channel_weights"": ""1,0,0"", ""darken_only"": true, ""peak_reference"": true, ""ref_mode"": [""first""], ""ref_running_alpha"": 0.05, ""dynamic_target_fraction"": 0.2, ""dynamic_lag_scale"": 1, ""pre_delta_blur"": ""none"", ""blur"": ""gaussian:9"", ""threshold"": ""triangle"", ""threshold_offset"": -20.0, ""morph_kernel"": 21, ""morph_shape"": ""ellipse"", ""morph_close_iterations"": 1, ""morph_open_iterations"": 1, ""min_area"": 1600, ""lock_frames"": 10, ""camera_stable"": false, ""motion_model"": ""affine"", ""motion_per_frame_threshold"": 1.5, ""cumulative_motion_threshold"": 3, ""peak_on_shift"": ""reset"", ""write_mask_pngs"": ""true"", ""write_overlay_pngs"": ""false"", ""write_heatmap_pngs"": ""false"", ""backend"": ""cuda"", ""roi_margin"": 0.0}"
phase4__input_5__threshold=otsu__threshold_offset=-10,input_5,True,0.959022017775994,0.9790624670664713,0.566441985421797,0.939657271643739,532.9063909873366,,"{""colorspace"": ""CIELAB"", ""channel_weights"": ""1,0,0"", ""darken_only"": true, ""peak_reference"": true, ""ref_mode"": [""first""], ""ref_running_alpha"": 0.05, ""dynamic_target_fraction"": 0.2, ""dynamic_lag_scale"": 1, ""pre_delta_blur"": ""none"", ""blur"": ""gaussian:9"", ""threshold"": ""otsu"", ""threshold_offset"": -10.0, ""morph_kernel"": 21, ""morph_shape"": ""ellipse"", ""morph_close_iterations"": 1, ""morph_open_iterations"": 1, ""min_area"": 1600, ""lock_frames"": 10, ""camera_stable"": false, ""motion_model"": ""affine"", ""motion_per_frame_threshold"": 1.5, ""cumulative_motion_threshold"": 3, ""peak_on_shift"": ""reset"", ""write_mask_pngs"": ""true"", ""write_overlay_pngs"": ""false"", ""write_heatmap_pngs"": ""false"", ""backend"": ""cuda"", ""roi_margin"": 0.0}"
phase4__input_5__threshold=otsu__threshold_offset=10,input_5,True,0.9409302241511389,0.9695494655726226,0.4583268087834728,0.9332601527226876,535.4693590160459,,"{""colorspace"": ""CIELAB"", ""channel_weights"": ""1,0,0"", ""darken_only"": true, ""peak_reference"": true, ""ref_mode"": [""first""], ""ref_running_alpha"": 0.05, ""dynamic_target_fraction"": 0.2, ""dynamic_lag_scale"": 1, ""pre_delta_blur"": ""none"", ""blur"": ""gaussian:9"", ""threshold"": ""otsu"", ""threshold_offset"": 10.0, ""morph_kernel"": 21, ""morph_shape"": ""ellipse"", ""morph_close_iterations"": 1, ""morph_open_iterations"": 1, ""min_area"": 1600, ""lock_frames"": 10, ""camera_stable"": false, ""motion_model"": ""affine"", ""motion_per_frame_threshold"": 1.5, ""cumulative_motion_threshold"": 3, ""peak_on_shift"": ""reset"", ""write_mask_pngs"": ""true"", ""write_overlay_pngs"": ""false"", ""write_heatmap_pngs"": ""false"", ""backend"": ""cuda"", ""roi_margin"": 0.0}"
phase4__input_5__threshold=triangle__threshold_offset=0,input_5,True,0.9309070214059426,0.9641493158192646,0.3352155699787701,0.8946422567644527,527.1402457514778,,"{""colorspace"": ""CIELAB"", ""channel_weights"": ""1,0,0"", ""darken_only"": true, ""peak_reference"": true, ""ref_mode"": [""first""], ""ref_running_alpha"": 0.05, ""dynamic_target_fraction"": 0.2, ""dynamic_lag_scale"": 1, ""pre_delta_blur"": ""none"", ""blur"": ""gaussian:9"", ""threshold"": ""triangle"", ""threshold_offset"": 0.0, ""morph_kernel"": 21, ""morph_shape"": ""ellipse"", ""morph_close_iterations"": 1, ""morph_open_iterations"": 1, ""min_area"": 1600, ""lock_frames"": 10, ""camera_stable"": false, ""motion_model"": ""affine"", ""motion_per_frame_threshold"": 1.5, ""cumulative_motion_threshold"": 3, ""peak_on_shift"": ""reset"", ""write_mask_pngs"": ""true"", ""write_overlay_pngs"": ""false"", ""write_heatmap_pngs"": ""false"", ""backend"": ""cuda"", ""roi_margin"": 0.0}"
phase4__input_5__threshold=triangle__threshold_offset=20,input_5,True,0.9578167693902886,0.9784308917826305,0.5317491568063745,0.936800240171664,525.1411303533241,,"{""colorspace"": ""CIELAB"", ""channel_weights"": ""1,0,0"", ""darken_only"": true, ""peak_reference"": true, ""ref_mode"": [""first""], ""ref_running_alpha"": 0.05, ""dynamic_target_fraction"": 0.2, ""dynamic_lag_scale"": 1, ""pre_delta_blur"": ""none"", ""blur"": ""gaussian:9"", ""threshold"": ""triangle"", ""threshold_offset"": 20.0, ""morph_kernel"": 21, ""morph_shape"": ""ellipse"", ""morph_close_iterations"": 1, ""morph_open_iterations"": 1, ""min_area"": 1600, ""lock_frames"": 10, ""camera_stable"": false, ""motion_model"": ""affine"", ""motion_per_frame_threshold"": 1.5, ""cumulative_motion_threshold"": 3, ""peak_on_shift"": ""reset"", ""write_mask_pngs"": ""true"", ""write_overlay_pngs"": ""false"", ""write_heatmap_pngs"": ""false"", ""backend"": ""cuda"", ""roi_margin"": 0.0}"
phase4__input_5__threshold=percentile-60,input_5,True,0.6721393293823399,0.7809736301752437,0.0,0.7268625080123536,486.6365848230198,,"{""colorspace"": ""CIELAB"", ""channel_weights"": ""1,0,0"", ""darken_only"": true, ""peak_reference"": true, ""ref_mode"": [""first""], ""ref_running_alpha"": 0.05, ""dynamic_target_fraction"": 0.2, ""dynamic_lag_scale"": 1, ""pre_delta_blur"": ""none"", ""blur"": ""gaussian:9"", ""threshold"": ""percentile:60"", ""threshold_offset"": -10, ""morph_kernel"": 21, ""morph_shape"": ""ellipse"", ""morph_close_iterations"": 1, ""morph_open_iterations"": 1, ""min_area"": 1600, ""lock_frames"": 10, ""camera_stable"": false, ""motion_model"": ""affine"", ""motion_per_frame_threshold"": 1.5, ""cumulative_motion_threshold"": 3, ""peak_on_shift"": ""reset"", ""write_mask_pngs"": ""true"", ""write_overlay_pngs"": ""false"", ""write_heatmap_pngs"": ""false"", ""backend"": ""cuda"", ""roi_margin"": 0.0}"
phase4__input_5__threshold=percentile-80,input_5,True,0.680218432069581,0.7920564888283199,0.09456674374708816,0.7268625080123536,491.3048903569579,,"{""colorspace"": ""CIELAB"", ""channel_weights"": ""1,0,0"", ""darken_only"": true, ""peak_reference"": true, ""ref_mode"": [""first""], ""ref_running_alpha"": 0.05, ""dynamic_target_fraction"": 0.2, ""dynamic_lag_scale"": 1, ""pre_delta_blur"": ""none"", ""blur"": ""gaussian:9"", ""threshold"": ""percentile:80"", ""threshold_offset"": -10, ""morph_kernel"": 21, ""morph_shape"": ""ellipse"", ""morph_close_iterations"": 1, ""morph_open_iterations"": 1, ""min_area"": 1600, ""lock_frames"": 10, ""camera_stable"": false, ""motion_model"": ""affine"", ""motion_per_frame_threshold"": 1.5, ""cumulative_motion_threshold"": 3, ""peak_on_shift"": ""reset"", ""write_mask_pngs"": ""true"", ""write_overlay_pngs"": ""false"", ""write_heatmap_pngs"": ""false"", ""backend"": ""cuda"", ""roi_margin"": 0.0}"
phase4__input_5__threshold=adaptive-mean-11--5,input_5,True,0.37593872083601687,0.5361396856213185,0.16216814760338732,0.7913033165532243,413.3344127237797,,"{""colorspace"": ""CIELAB"", ""channel_weights"": ""1,0,0"", ""darken_only"": true, ""peak_reference"": true, ""ref_mode"": [""first""], ""ref_running_alpha"": 0.05, ""dynamic_target_fraction"": 0.2, ""dynamic_lag_scale"": 1, ""pre_delta_blur"": ""none"", ""blur"": ""gaussian:9"", ""threshold"": ""adaptive-mean:11:-5"", ""threshold_offset"": -10, ""morph_kernel"": 21, ""morph_shape"": ""ellipse"", ""morph_close_iterations"": 1, ""morph_open_iterations"": 1, ""min_area"": 1600, ""lock_frames"": 10, ""camera_stable"": false, ""motion_model"": ""affine"", ""motion_per_frame_threshold"": 1.5, ""cumulative_motion_threshold"": 3, ""peak_on_shift"": ""reset"", ""write_mask_pngs"": ""true"", ""write_overlay_pngs"": ""false"", ""write_heatmap_pngs"": ""false"", ""backend"": ""cuda"", ""roi_margin"": 0.0}"
phase4__input_5__threshold=percentile-95,input_5,True,0.5299974678649566,0.6913143782147971,0.03534197510098304,0.7819292070469658,493.81858619023114,,"{""colorspace"": ""CIELAB"", ""channel_weights"": ""1,0,0"", ""darken_only"": true, ""peak_reference"": true, ""ref_mode"": [""first""], ""ref_running_alpha"": 0.05, ""dynamic_target_fraction"": 0.2, ""dynamic_lag_scale"": 1, ""pre_delta_blur"": ""none"", ""blur"": ""gaussian:9"", ""threshold"": ""percentile:95"", ""threshold_offset"": -10, ""morph_kernel"": 21, ""morph_shape"": ""ellipse"", ""morph_close_iterations"": 1, ""morph_open_iterations"": 1, ""min_area"": 1600, ""lock_frames"": 10, ""camera_stable"": false, ""motion_model"": ""affine"", ""motion_per_frame_threshold"": 1.5, ""cumulative_motion_threshold"": 3, ""peak_on_shift"": ""reset"", ""write_mask_pngs"": ""true"", ""write_overlay_pngs"": ""false"", ""write_heatmap_pngs"": ""false"", ""backend"": ""cuda"", ""roi_margin"": 0.0}"
phase4__input_5__threshold=adaptive-mean-11-5,input_5,True,0.6715109842083795,0.7805356178123033,0.0,0.7268625080123536,405.62083263881505,,"{""colorspace"": ""CIELAB"", ""channel_weights"": ""1,0,0"", ""darken_only"": true, ""peak_reference"": true, ""ref_mode"": [""first""], ""ref_running_alpha"": 0.05, ""dynamic_target_fraction"": 0.2, ""dynamic_lag_scale"": 1, ""pre_delta_blur"": ""none"", ""blur"": ""gaussian:9"", ""threshold"": ""adaptive-mean:11:5"", ""threshold_offset"": -10, ""morph_kernel"": 21, ""morph_shape"": ""ellipse"", ""morph_close_iterations"": 1, ""morph_open_iterations"": 1, ""min_area"": 1600, ""lock_frames"": 10, ""camera_stable"": false, ""motion_model"": ""affine"", ""motion_per_frame_threshold"": 1.5, ""cumulative_motion_threshold"": 3, ""peak_on_shift"": ""reset"", ""write_mask_pngs"": ""true"", ""write_overlay_pngs"": ""false"", ""write_heatmap_pngs"": ""false"", ""backend"": ""cuda"", ""roi_margin"": 0.0}"
phase4__input_5__threshold=adaptive-mean-31--5,input_5,True,0.6000872282973824,0.7410455520296042,0.21592563852177954,0.7341361947483822,426.93953799363226,,"{""colorspace"": ""CIELAB"", ""channel_weights"": ""1,0,0"", ""darken_only"": true, ""peak_reference"": true, ""ref_mode"": [""first""], ""ref_running_alpha"": 0.05, ""dynamic_target_fraction"": 0.2, ""dynamic_lag_scale"": 1, ""pre_delta_blur"": ""none"", ""blur"": ""gaussian:9"", ""threshold"": ""adaptive-mean:31:-5"", ""threshold_offset"": -10, ""morph_kernel"": 21, ""morph_shape"": ""ellipse"", ""morph_close_iterations"": 1, ""morph_open_iterations"": 1, ""min_area"": 1600, ""lock_frames"": 10, ""camera_stable"": false, ""motion_model"": ""affine"", ""motion_per_frame_threshold"": 1.5, ""cumulative_motion_threshold"": 3, ""peak_on_shift"": ""reset"", ""write_mask_pngs"": ""true"", ""write_overlay_pngs"": ""false"", ""write_heatmap_pngs"": ""false"", ""backend"": ""cuda"", ""roi_margin"": 0.0}"
phase4__input_5__threshold=adaptive-mean-31-5,input_5,True,0.6715109842083795,0.7805356178123033,0.0,0.7268625080123536,401.33128532674164,,"{""colorspace"": ""CIELAB"", ""channel_weights"": ""1,0,0"", ""darken_only"": true, ""peak_reference"": true, ""ref_mode"": [""first""], ""ref_running_alpha"": 0.05, ""dynamic_target_fraction"": 0.2, ""dynamic_lag_scale"": 1, ""pre_delta_blur"": ""none"", ""blur"": ""gaussian:9"", ""threshold"": ""adaptive-mean:31:5"", ""threshold_offset"": -10, ""morph_kernel"": 21, ""morph_shape"": ""ellipse"", ""morph_close_iterations"": 1, ""morph_open_iterations"": 1, ""min_area"": 1600, ""lock_frames"": 10, ""camera_stable"": false, ""motion_model"": ""affine"", ""motion_per_frame_threshold"": 1.5, ""cumulative_motion_threshold"": 3, ""peak_on_shift"": ""reset"", ""write_mask_pngs"": ""true"", ""write_overlay_pngs"": ""false"", ""write_heatmap_pngs"": ""false"", ""backend"": ""cuda"", ""roi_margin"": 0.0}"
phase4__input_5__threshold=adaptive-gaussian-11--5,input_5,True,0.06499552579096206,0.1216528426431815,0.12372847997466667,0.23634984516129665,405.6918370574713,,"{""colorspace"": ""CIELAB"", ""channel_weights"": ""1,0,0"", ""darken_only"": true, ""peak_reference"": true, ""ref_mode"": [""first""], ""ref_running_alpha"": 0.05, ""dynamic_target_fraction"": 0.2, ""dynamic_lag_scale"": 1, ""pre_delta_blur"": ""none"", ""blur"": ""gaussian:9"", ""threshold"": ""adaptive-gaussian:11:-5"", ""threshold_offset"": -10, ""morph_kernel"": 21, ""morph_shape"": ""ellipse"", ""morph_close_iterations"": 1, ""morph_open_iterations"": 1, ""min_area"": 1600, ""lock_frames"": 10, ""camera_stable"": false, ""motion_model"": ""affine"", ""motion_per_frame_threshold"": 1.5, ""cumulative_motion_threshold"": 3, ""peak_on_shift"": ""reset"", ""write_mask_pngs"": ""true"", ""write_overlay_pngs"": ""false"", ""write_heatmap_pngs"": ""false"", ""backend"": ""cuda"", ""roi_margin"": 0.0}"
phase4__input_5__threshold=adaptive-gaussian-11-5,input_5,True,0.6715109842083795,0.7805356178123033,0.0,0.7268625080123536,404.47006991133094,,"{""colorspace"": ""CIELAB"", ""channel_weights"": ""1,0,0"", ""darken_only"": true, ""peak_reference"": true, ""ref_mode"": [""first""], ""ref_running_alpha"": 0.05, ""dynamic_target_fraction"": 0.2, ""dynamic_lag_scale"": 1, ""pre_delta_blur"": ""none"", ""blur"": ""gaussian:9"", ""threshold"": ""adaptive-gaussian:11:5"", ""threshold_offset"": -10, ""morph_kernel"": 21, ""morph_shape"": ""ellipse"", ""morph_close_iterations"": 1, ""morph_open_iterations"": 1, ""min_area"": 1600, ""lock_frames"": 10, ""camera_stable"": false, ""motion_model"": ""affine"", ""motion_per_frame_threshold"": 1.5, ""cumulative_motion_threshold"": 3, ""peak_on_shift"": ""reset"", ""write_mask_pngs"": ""true"", ""write_overlay_pngs"": ""false"", ""write_heatmap_pngs"": ""false"", ""backend"": ""cuda"", ""roi_margin"": 0.0}"
phase4__input_5__threshold=adaptive-gaussian-31-5,input_5,True,0.6715109842083795,0.7805356178123033,0.0,0.7268625080123536,408.4513118546456,,"{""colorspace"": ""CIELAB"", ""channel_weights"": ""1,0,0"", ""darken_only"": true, ""peak_reference"": true, ""ref_mode"": [""first""], ""ref_running_alpha"": 0.05, ""dynamic_target_fraction"": 0.2, ""dynamic_lag_scale"": 1, ""pre_delta_blur"": ""none"", ""blur"": ""gaussian:9"", ""threshold"": ""adaptive-gaussian:31:5"", ""threshold_offset"": -10, ""morph_kernel"": 21, ""morph_shape"": ""ellipse"", ""morph_close_iterations"": 1, ""morph_open_iterations"": 1, ""min_area"": 1600, ""lock_frames"": 10, ""camera_stable"": false, ""motion_model"": ""affine"", ""motion_per_frame_threshold"": 1.5, ""cumulative_motion_threshold"": 3, ""peak_on_shift"": ""reset"", ""write_mask_pngs"": ""true"", ""write_overlay_pngs"": ""false"", ""write_heatmap_pngs"": ""false"", ""backend"": ""cuda"", ""roi_margin"": 0.0}"
phase4__input_5__threshold=adaptive-gaussian-31--5,input_5,True,0.5102210010712006,0.6684152552304836,0.19596514273984686,0.7915207386968138,436.18124544993043,,"{""colorspace"": ""CIELAB"", ""channel_weights"": ""1,0,0"", ""darken_only"": true, ""peak_reference"": true, ""ref_mode"": [""first""], ""ref_running_alpha"": 0.05, ""dynamic_target_fraction"": 0.2, ""dynamic_lag_scale"": 1, ""pre_delta_blur"": ""none"", ""blur"": ""gaussian:9"", ""threshold"": ""adaptive-gaussian:31:-5"", ""threshold_offset"": -10, ""morph_kernel"": 21, ""morph_shape"": ""ellipse"", ""morph_close_iterations"": 1, ""morph_open_iterations"": 1, ""min_area"": 1600, ""lock_frames"": 10, ""camera_stable"": false, ""motion_model"": ""affine"", ""motion_per_frame_threshold"": 1.5, ""cumulative_motion_threshold"": 3, ""peak_on_shift"": ""reset"", ""write_mask_pngs"": ""true"", ""write_overlay_pngs"": ""false"", ""write_heatmap_pngs"": ""false"", ""backend"": ""cuda"", ""roi_margin"": 0.0}"
phase4__input_6__threshold=otsu__threshold_offset=-30,input_6,True,0.9374238654507607,0.9673276523431973,0.40858711680618,0.9312604601869019,501.62275948934257,,"{""colorspace"": ""CIELAB"", ""channel_weights"": ""1,0,0"", ""darken_only"": true, ""peak_reference"": true, ""ref_mode"": [""first""], ""ref_running_alpha"": 0.05, ""dynamic_target_fraction"": 0.2, ""dynamic_lag_scale"": 1, ""pre_delta_blur"": ""none"", ""blur"": ""gaussian:9"", ""threshold"": ""otsu"", ""threshold_offset"": -30.0, ""morph_kernel"": 13, ""morph_shape"": ""ellipse"", ""morph_close_iterations"": 1, ""morph_open_iterations"": 1, ""min_area"": 1600, ""lock_frames"": 0, ""camera_stable"": false, ""motion_model"": ""affine"", ""motion_per_frame_threshold"": 1.5, ""cumulative_motion_threshold"": 3, ""peak_on_shift"": ""reset"", ""write_mask_pngs"": ""true"", ""write_overlay_pngs"": ""false"", ""write_heatmap_pngs"": ""false"", ""backend"": ""cuda"", ""roi_margin"": 0.0}"
phase4__input_6__threshold=otsu__threshold_offset=-50,input_6,True,0.9102678298201031,0.9525391292259353,0.24694404297449868,0.885038001443383,506.2915131719783,,"{""colorspace"": ""CIELAB"", ""channel_weights"": ""1,0,0"", ""darken_only"": true, ""peak_reference"": true, ""ref_mode"": [""first""], ""ref_running_alpha"": 0.05, ""dynamic_target_fraction"": 0.2, ""dynamic_lag_scale"": 1, ""pre_delta_blur"": ""none"", ""blur"": ""gaussian:9"", ""threshold"": ""otsu"", ""threshold_offset"": -50.0, ""morph_kernel"": 13, ""morph_shape"": ""ellipse"", ""morph_close_iterations"": 1, ""morph_open_iterations"": 1, ""min_area"": 1600, ""lock_frames"": 0, ""camera_stable"": false, ""motion_model"": ""affine"", ""motion_per_frame_threshold"": 1.5, ""cumulative_motion_threshold"": 3, ""peak_on_shift"": ""reset"", ""write_mask_pngs"": ""true"", ""write_overlay_pngs"": ""false"", ""write_heatmap_pngs"": ""false"", ""backend"": ""cuda"", ""roi_margin"": 0.0}"
phase4__input_6__threshold=otsu__threshold_offset=-10,input_6,True,0.9157096028998393,0.9553594338370142,0.3759307381425504,0.9427939869158241,502.7343645263463,,"{""colorspace"": ""CIELAB"", ""channel_weights"": ""1,0,0"", ""darken_only"": true, ""peak_reference"": true, ""ref_mode"": [""first""], ""ref_running_alpha"": 0.05, ""dynamic_target_fraction"": 0.2, ""dynamic_lag_scale"": 1, ""pre_delta_blur"": ""none"", ""blur"": ""gaussian:9"", ""threshold"": ""otsu"", ""threshold_offset"": -10.0, ""morph_kernel"": 13, ""morph_shape"": ""ellipse"", ""morph_close_iterations"": 1, ""morph_open_iterations"": 1, ""min_area"": 1600, ""lock_frames"": 0, ""camera_stable"": false, ""motion_model"": ""affine"", ""motion_per_frame_threshold"": 1.5, ""cumulative_motion_threshold"": 3, ""peak_on_shift"": ""reset"", ""write_mask_pngs"": ""true"", ""write_overlay_pngs"": ""false"", ""write_heatmap_pngs"": ""false"", ""backend"": ""cuda"", ""roi_margin"": 0.0}"
phase4__input_6__threshold=otsu__threshold_offset=10,input_6,True,0.8605599607062594,0.9242947857199901,0.24913206928122764,0.9415732841996386,503.81450299732387,,"{""colorspace"": ""CIELAB"", ""channel_weights"": ""1,0,0"", ""darken_only"": true, ""peak_reference"": true, ""ref_mode"": [""first""], ""ref_running_alpha"": 0.05, ""dynamic_target_fraction"": 0.2, ""dynamic_lag_scale"": 1, ""pre_delta_blur"": ""none"", ""blur"": ""gaussian:9"", ""threshold"": ""otsu"", ""threshold_offset"": 10.0, ""morph_kernel"": 13, ""morph_shape"": ""ellipse"", ""morph_close_iterations"": 1, ""morph_open_iterations"": 1, ""min_area"": 1600, ""lock_frames"": 0, ""camera_stable"": false, ""motion_model"": ""affine"", ""motion_per_frame_threshold"": 1.5, ""cumulative_motion_threshold"": 3, ""peak_on_shift"": ""reset"", ""write_mask_pngs"": ""true"", ""write_overlay_pngs"": ""false"", ""write_heatmap_pngs"": ""false"", ""backend"": ""cuda"", ""roi_margin"": 0.0}"
phase4__input_6__threshold=triangle__threshold_offset=-20,input_6,True,0.4935659077904737,0.5905117331608355,0.02691343575032933,0.6733431454354383,497.7876296667382,,"{""colorspace"": ""CIELAB"", ""channel_weights"": ""1,0,0"", ""darken_only"": true, ""peak_reference"": true, ""ref_mode"": [""first""], ""ref_running_alpha"": 0.05, ""dynamic_target_fraction"": 0.2, ""dynamic_lag_scale"": 1, ""pre_delta_blur"": ""none"", ""blur"": ""gaussian:9"", ""threshold"": ""triangle"", ""threshold_offset"": -20.0, ""morph_kernel"": 13, ""morph_shape"": ""ellipse"", ""morph_close_iterations"": 1, ""morph_open_iterations"": 1, ""min_area"": 1600, ""lock_frames"": 0, ""camera_stable"": false, ""motion_model"": ""affine"", ""motion_per_frame_threshold"": 1.5, ""cumulative_motion_threshold"": 3, ""peak_on_shift"": ""reset"", ""write_mask_pngs"": ""true"", ""write_overlay_pngs"": ""false"", ""write_heatmap_pngs"": ""false"", ""backend"": ""cuda"", ""roi_margin"": 0.0}"
phase4__input_6__threshold=triangle__threshold_offset=0,input_6,True,0.7469509562456065,0.7736553857486478,0.27667953390728556,0.7194022392514959,500.7763131707907,,"{""colorspace"": ""CIELAB"", ""channel_weights"": ""1,0,0"", ""darken_only"": true, ""peak_reference"": true, ""ref_mode"": [""first""], ""ref_running_alpha"": 0.05, ""dynamic_target_fraction"": 0.2, ""dynamic_lag_scale"": 1, ""pre_delta_blur"": ""none"", ""blur"": ""gaussian:9"", ""threshold"": ""triangle"", ""threshold_offset"": 0.0, ""morph_kernel"": 13, ""morph_shape"": ""ellipse"", ""morph_close_iterations"": 1, ""morph_open_iterations"": 1, ""min_area"": 1600, ""lock_frames"": 0, ""camera_stable"": false, ""motion_model"": ""affine"", ""motion_per_frame_threshold"": 1.5, ""cumulative_motion_threshold"": 3, ""peak_on_shift"": ""reset"", ""write_mask_pngs"": ""true"", ""write_overlay_pngs"": ""false"", ""write_heatmap_pngs"": ""false"", ""backend"": ""cuda"", ""roi_margin"": 0.0}"
phase4__input_6__threshold=manual-50,input_6,True,0.9361848626925223,0.9667601625739293,0.32567196736971926,0.9009986903976486,441.0417063739151,,"{""colorspace"": ""CIELAB"", ""channel_weights"": ""1,0,0"", ""darken_only"": true, ""peak_reference"": true, ""ref_mode"": [""first""], ""ref_running_alpha"": 0.05, ""dynamic_target_fraction"": 0.2, ""dynamic_lag_scale"": 1, ""pre_delta_blur"": ""none"", ""blur"": ""gaussian:9"", ""threshold"": ""manual:50"", ""threshold_offset"": -30, ""morph_kernel"": 13, ""morph_shape"": ""ellipse"", ""morph_close_iterations"": 1, ""morph_open_iterations"": 1, ""min_area"": 1600, ""lock_frames"": 0, ""camera_stable"": false, ""motion_model"": ""affine"", ""motion_per_frame_threshold"": 1.5, ""cumulative_motion_threshold"": 3, ""peak_on_shift"": ""reset"", ""write_mask_pngs"": ""true"", ""write_overlay_pngs"": ""false"", ""write_heatmap_pngs"": ""false"", ""backend"": ""cuda"", ""roi_margin"": 0.0}"
phase4__input_6__threshold=manual-90,input_6,True,0.9053174009376088,0.949829361911069,0.33987686421478724,0.9464906093576999,439.9163499651477,,"{""colorspace"": ""CIELAB"", ""channel_weights"": ""1,0,0"", ""darken_only"": true, ""peak_reference"": true, ""ref_mode"": [""first""], ""ref_running_alpha"": 0.05, ""dynamic_target_fraction"": 0.2, ""dynamic_lag_scale"": 1, ""pre_delta_blur"": ""none"", ""blur"": ""gaussian:9"", ""threshold"": ""manual:90"", ""threshold_offset"": -30, ""morph_kernel"": 13, ""morph_shape"": ""ellipse"", ""morph_close_iterations"": 1, ""morph_open_iterations"": 1, ""min_area"": 1600, ""lock_frames"": 0, ""camera_stable"": false, ""motion_model"": ""affine"", ""motion_per_frame_threshold"": 1.5, ""cumulative_motion_threshold"": 3, ""peak_on_shift"": ""reset"", ""write_mask_pngs"": ""true"", ""write_overlay_pngs"": ""false"", ""write_heatmap_pngs"": ""false"", ""backend"": ""cuda"", ""roi_margin"": 0.0}"
phase4__input_6__threshold=manual-130,input_6,True,0.5860333254092576,0.7173955730351252,0.12371419071570307,0.9292480114556655,437.98985973373055,,"{""colorspace"": ""CIELAB"", ""channel_weights"": ""1,0,0"", ""darken_only"": true, ""peak_reference"": true, ""ref_mode"": [""first""], ""ref_running_alpha"": 0.05, ""dynamic_target_fraction"": 0.2, ""dynamic_lag_scale"": 1, ""pre_delta_blur"": ""none"", ""blur"": ""gaussian:9"", ""threshold"": ""manual:130"", ""threshold_offset"": -30, ""morph_kernel"": 13, ""morph_shape"": ""ellipse"", ""morph_close_iterations"": 1, ""morph_open_iterations"": 1, ""min_area"": 1600, ""lock_frames"": 0, ""camera_stable"": false, ""motion_model"": ""affine"", ""motion_per_frame_threshold"": 1.5, ""cumulative_motion_threshold"": 3, ""peak_on_shift"": ""reset"", ""write_mask_pngs"": ""true"", ""write_overlay_pngs"": ""false"", ""write_heatmap_pngs"": ""false"", ""backend"": ""cuda"", ""roi_margin"": 0.0}"
phase4__input_6__threshold=triangle__threshold_offset=20,input_6,True,0.7451822045677523,0.7712890147537375,0.33695429047352204,0.7569466842135324,505.79019937105477,,"{""colorspace"": ""CIELAB"", ""channel_weights"": ""1,0,0"", ""darken_only"": true, ""peak_reference"": true, ""ref_mode"": [""first""], ""ref_running_alpha"": 0.05, ""dynamic_target_fraction"": 0.2, ""dynamic_lag_scale"": 1, ""pre_delta_blur"": ""none"", ""blur"": ""gaussian:9"", ""threshold"": ""triangle"", ""threshold_offset"": 20.0, ""morph_kernel"": 13, ""morph_shape"": ""ellipse"", ""morph_close_iterations"": 1, ""morph_open_iterations"": 1, ""min_area"": 1600, ""lock_frames"": 0, ""camera_stable"": false, ""motion_model"": ""affine"", ""motion_per_frame_threshold"": 1.5, ""cumulative_motion_threshold"": 3, ""peak_on_shift"": ""reset"", ""write_mask_pngs"": ""true"", ""write_overlay_pngs"": ""false"", ""write_heatmap_pngs"": ""false"", ""backend"": ""cuda"", ""roi_margin"": 0.0}"
phase4__input_6__threshold=percentile-60,input_6,True,0.7488275215413429,0.8112788113327667,0.19643758835943487,0.8201593124172379,465.6661717267707,,"{""colorspace"": ""CIELAB"", ""channel_weights"": ""1,0,0"", ""darken_only"": true, ""peak_reference"": true, ""ref_mode"": [""first""], ""ref_running_alpha"": 0.05, ""dynamic_target_fraction"": 0.2, ""dynamic_lag_scale"": 1, ""pre_delta_blur"": ""none"", ""blur"": ""gaussian:9"", ""threshold"": ""percentile:60"", ""threshold_offset"": -30, ""morph_kernel"": 13, ""morph_shape"": ""ellipse"", ""morph_close_iterations"": 1, ""morph_open_iterations"": 1, ""min_area"": 1600, ""lock_frames"": 0, ""camera_stable"": false, ""motion_model"": ""affine"", ""motion_per_frame_threshold"": 1.5, ""cumulative_motion_threshold"": 3, ""peak_on_shift"": ""reset"", ""write_mask_pngs"": ""true"", ""write_overlay_pngs"": ""false"", ""write_heatmap_pngs"": ""false"", ""backend"": ""cuda"", ""roi_margin"": 0.0}"
phase4__input_6__threshold=adaptive-mean-11--5,input_6,True,0.2419649681329436,0.38440642222049576,0.16525618571605544,0.9063425744424858,401.6059561781585,,"{""colorspace"": ""CIELAB"", ""channel_weights"": ""1,0,0"", ""darken_only"": true, ""peak_reference"": true, ""ref_mode"": [""first""], ""ref_running_alpha"": 0.05, ""dynamic_target_fraction"": 0.2, ""dynamic_lag_scale"": 1, ""pre_delta_blur"": ""none"", ""blur"": ""gaussian:9"", ""threshold"": ""adaptive-mean:11:-5"", ""threshold_offset"": -30, ""morph_kernel"": 13, ""morph_shape"": ""ellipse"", ""morph_close_iterations"": 1, ""morph_open_iterations"": 1, ""min_area"": 1600, ""lock_frames"": 0, ""camera_stable"": false, ""motion_model"": ""affine"", ""motion_per_frame_threshold"": 1.5, ""cumulative_motion_threshold"": 3, ""peak_on_shift"": ""reset"", ""write_mask_pngs"": ""true"", ""write_overlay_pngs"": ""false"", ""write_heatmap_pngs"": ""false"", ""backend"": ""cuda"", ""roi_margin"": 0.0}"
phase4__input_6__threshold=adaptive-mean-11-5,input_6,True,0.645789362935193,0.747568183067195,0.0033187435438684887,0.6923962764407668,384.4446960249916,,"{""colorspace"": ""CIELAB"", ""channel_weights"": ""1,0,0"", ""darken_only"": true, ""peak_reference"": true, ""ref_mode"": [""first""], ""ref_running_alpha"": 0.05, ""dynamic_target_fraction"": 0.2, ""dynamic_lag_scale"": 1, ""pre_delta_blur"": ""none"", ""blur"": ""gaussian:9"", ""threshold"": ""adaptive-mean:11:5"", ""threshold_offset"": -30, ""morph_kernel"": 13, ""morph_shape"": ""ellipse"", ""morph_close_iterations"": 1, ""morph_open_iterations"": 1, ""min_area"": 1600, ""lock_frames"": 0, ""camera_stable"": false, ""motion_model"": ""affine"", ""motion_per_frame_threshold"": 1.5, ""cumulative_motion_threshold"": 3, ""peak_on_shift"": ""reset"", ""write_mask_pngs"": ""true"", ""write_overlay_pngs"": ""false"", ""write_heatmap_pngs"": ""false"", ""backend"": ""cuda"", ""roi_margin"": 0.0}"
phase4__input_6__threshold=adaptive-mean-31--5,input_6,True,0.2841975581343846,0.4383612217937404,0.13076479542667857,0.9367922284745603,414.46440168842673,,"{""colorspace"": ""CIELAB"", ""channel_weights"": ""1,0,0"", ""darken_only"": true, ""peak_reference"": true, ""ref_mode"": [""first""], ""ref_running_alpha"": 0.05, ""dynamic_target_fraction"": 0.2, ""dynamic_lag_scale"": 1, ""pre_delta_blur"": ""none"", ""blur"": ""gaussian:9"", ""threshold"": ""adaptive-mean:31:-5"", ""threshold_offset"": -30, ""morph_kernel"": 13, ""morph_shape"": ""ellipse"", ""morph_close_iterations"": 1, ""morph_open_iterations"": 1, ""min_area"": 1600, ""lock_frames"": 0, ""camera_stable"": false, ""motion_model"": ""affine"", ""motion_per_frame_threshold"": 1.5, ""cumulative_motion_threshold"": 3, ""peak_on_shift"": ""reset"", ""write_mask_pngs"": ""true"", ""write_overlay_pngs"": ""false"", ""write_heatmap_pngs"": ""false"", ""backend"": ""cuda"", ""roi_margin"": 0.0}"
phase4__input_6__threshold=percentile-80,input_6,True,0.6339477957137049,0.7401157324647812,0.08615721215397228,0.8179376241867491,471.63420764822513,,"{""colorspace"": ""CIELAB"", ""channel_weights"": ""1,0,0"", ""darken_only"": true, ""peak_reference"": true, ""ref_mode"": [""first""], ""ref_running_alpha"": 0.05, ""dynamic_target_fraction"": 0.2, ""dynamic_lag_scale"": 1, ""pre_delta_blur"": ""none"", ""blur"": ""gaussian:9"", ""threshold"": ""percentile:80"", ""threshold_offset"": -30, ""morph_kernel"": 13, ""morph_shape"": ""ellipse"", ""morph_close_iterations"": 1, ""morph_open_iterations"": 1, ""min_area"": 1600, ""lock_frames"": 0, ""camera_stable"": false, ""motion_model"": ""affine"", ""motion_per_frame_threshold"": 1.5, ""cumulative_motion_threshold"": 3, ""peak_on_shift"": ""reset"", ""write_mask_pngs"": ""true"", ""write_overlay_pngs"": ""false"", ""write_heatmap_pngs"": ""false"", ""backend"": ""cuda"", ""roi_margin"": 0.0}"
phase4__input_6__threshold=percentile-95,input_6,True,0.4994575134160595,0.644905187909888,0.089550474021628,0.9158248728708861,473.60109901521355,,"{""colorspace"": ""CIELAB"", ""channel_weights"": ""1,0,0"", ""darken_only"": true, ""peak_reference"": true, ""ref_mode"": [""first""], ""ref_running_alpha"": 0.05, ""dynamic_target_fraction"": 0.2, ""dynamic_lag_scale"": 1, ""pre_delta_blur"": ""none"", ""blur"": ""gaussian:9"", ""threshold"": ""percentile:95"", ""threshold_offset"": -30, ""morph_kernel"": 13, ""morph_shape"": ""ellipse"", ""morph_close_iterations"": 1, ""morph_open_iterations"": 1, ""min_area"": 1600, ""lock_frames"": 0, ""camera_stable"": false, ""motion_model"": ""affine"", ""motion_per_frame_threshold"": 1.5, ""cumulative_motion_threshold"": 3, ""peak_on_shift"": ""reset"", ""write_mask_pngs"": ""true"", ""write_overlay_pngs"": ""false"", ""write_heatmap_pngs"": ""false"", ""backend"": ""cuda"", ""roi_margin"": 0.0}"
phase4__input_6__threshold=adaptive-gaussian-11-5,input_6,True,0.6462283666453004,0.7478281111498907,0.0,0.6923962764407668,384.54896338284016,,"{""colorspace"": ""CIELAB"", ""channel_weights"": ""1,0,0"", ""darken_only"": true, ""peak_reference"": true, ""ref_mode"": [""first""], ""ref_running_alpha"": 0.05, ""dynamic_target_fraction"": 0.2, ""dynamic_lag_scale"": 1, ""pre_delta_blur"": ""none"", ""blur"": ""gaussian:9"", ""threshold"": ""adaptive-gaussian:11:5"", ""threshold_offset"": -30, ""morph_kernel"": 13, ""morph_shape"": ""ellipse"", ""morph_close_iterations"": 1, ""morph_open_iterations"": 1, ""min_area"": 1600, ""lock_frames"": 0, ""camera_stable"": false, ""motion_model"": ""affine"", ""motion_per_frame_threshold"": 1.5, ""cumulative_motion_threshold"": 3, ""peak_on_shift"": ""reset"", ""write_mask_pngs"": ""true"", ""write_overlay_pngs"": ""false"", ""write_heatmap_pngs"": ""false"", ""backend"": ""cuda"", ""roi_margin"": 0.0}"
phase4__input_6__threshold=adaptive-gaussian-11--5,input_6,True,0.03497060841167517,0.06723659899258255,0.056409180841716436,0.5827732197076539,388.45272348821163,,"{""colorspace"": ""CIELAB"", ""channel_weights"": ""1,0,0"", ""darken_only"": true, ""peak_reference"": true, ""ref_mode"": [""first""], ""ref_running_alpha"": 0.05, ""dynamic_target_fraction"": 0.2, ""dynamic_lag_scale"": 1, ""pre_delta_blur"": ""none"", ""blur"": ""gaussian:9"", ""threshold"": ""adaptive-gaussian:11:-5"", ""threshold_offset"": -30, ""morph_kernel"": 13, ""morph_shape"": ""ellipse"", ""morph_close_iterations"": 1, ""morph_open_iterations"": 1, ""min_area"": 1600, ""lock_frames"": 0, ""camera_stable"": false, ""motion_model"": ""affine"", ""motion_per_frame_threshold"": 1.5, ""cumulative_motion_threshold"": 3, ""peak_on_shift"": ""reset"", ""write_mask_pngs"": ""true"", ""write_overlay_pngs"": ""false"", ""write_heatmap_pngs"": ""false"", ""backend"": ""cuda"", ""roi_margin"": 0.0}"
phase4__input_6__threshold=adaptive-mean-31-5,input_6,True,0.6566454067268295,0.7497027596265283,0.2282447876641148,0.6923962764407668,396.85450711660087,,"{""colorspace"": ""CIELAB"", ""channel_weights"": ""1,0,0"", ""darken_only"": true, ""peak_reference"": true, ""ref_mode"": [""first""], ""ref_running_alpha"": 0.05, ""dynamic_target_fraction"": 0.2, ""dynamic_lag_scale"": 1, ""pre_delta_blur"": ""none"", ""blur"": ""gaussian:9"", ""threshold"": ""adaptive-mean:31:5"", ""threshold_offset"": -30, ""morph_kernel"": 13, ""morph_shape"": ""ellipse"", ""morph_close_iterations"": 1, ""morph_open_iterations"": 1, ""min_area"": 1600, ""lock_frames"": 0, ""camera_stable"": false, ""motion_model"": ""affine"", ""motion_per_frame_threshold"": 1.5, ""cumulative_motion_threshold"": 3, ""peak_on_shift"": ""reset"", ""write_mask_pngs"": ""true"", ""write_overlay_pngs"": ""false"", ""write_heatmap_pngs"": ""false"", ""backend"": ""cuda"", ""roi_margin"": 0.0}"
phase4__input_6__threshold=adaptive-gaussian-31-5,input_6,True,0.6453685207465931,0.746144247882661,0.09700569741571122,0.6923962764407668,393.05010803975165,,"{""colorspace"": ""CIELAB"", ""channel_weights"": ""1,0,0"", ""darken_only"": true, ""peak_reference"": true, ""ref_mode"": [""first""], ""ref_running_alpha"": 0.05, ""dynamic_target_fraction"": 0.2, ""dynamic_lag_scale"": 1, ""pre_delta_blur"": ""none"", ""blur"": ""gaussian:9"", ""threshold"": ""adaptive-gaussian:31:5"", ""threshold_offset"": -30, ""morph_kernel"": 13, ""morph_shape"": ""ellipse"", ""morph_close_iterations"": 1, ""morph_open_iterations"": 1, ""min_area"": 1600, ""lock_frames"": 0, ""camera_stable"": false, ""motion_model"": ""affine"", ""motion_per_frame_threshold"": 1.5, ""cumulative_motion_threshold"": 3, ""peak_on_shift"": ""reset"", ""write_mask_pngs"": ""true"", ""write_overlay_pngs"": ""false"", ""write_heatmap_pngs"": ""false"", ""backend"": ""cuda"", ""roi_margin"": 0.0}"
phase4__input_6__threshold=adaptive-gaussian-31--5,input_6,True,0.2520220751897485,0.3913613877747488,0.16022826976371896,0.9070675152823096,417.2490747515112,,"{""colorspace"": ""CIELAB"", ""channel_weights"": ""1,0,0"", ""darken_only"": true, ""peak_reference"": true, ""ref_mode"": [""first""], ""ref_running_alpha"": 0.05, ""dynamic_target_fraction"": 0.2, ""dynamic_lag_scale"": 1, ""pre_delta_blur"": ""none"", ""blur"": ""gaussian:9"", ""threshold"": ""adaptive-gaussian:31:-5"", ""threshold_offset"": -30, ""morph_kernel"": 13, ""morph_shape"": ""ellipse"", ""morph_close_iterations"": 1, ""morph_open_iterations"": 1, ""min_area"": 1600, ""lock_frames"": 0, ""camera_stable"": false, ""motion_model"": ""affine"", ""motion_per_frame_threshold"": 1.5, ""cumulative_motion_threshold"": 3, ""peak_on_shift"": ""reset"", ""write_mask_pngs"": ""true"", ""write_overlay_pngs"": ""false"", ""write_heatmap_pngs"": ""false"", ""backend"": ""cuda"", ""roi_margin"": 0.0}"
phase4__input_7__threshold=otsu__threshold_offset=-50,input_7,True,0.6492885447983407,0.7646797351369633,0.00433261224763587,0.6949074208962182,505.4684110013768,,"{""colorspace"": ""CIELAB"", ""channel_weights"": ""1,0,0"", ""darken_only"": true, ""peak_reference"": true, ""ref_mode"": [""prev"", 3], ""ref_running_alpha"": 0.05, ""dynamic_target_fraction"": 0.2, ""dynamic_lag_scale"": 1, ""pre_delta_blur"": ""none"", ""blur"": ""gaussian:9"", ""threshold"": ""otsu"", ""threshold_offset"": -50.0, ""morph_kernel"": 13, ""morph_shape"": ""ellipse"", ""morph_close_iterations"": 1, ""morph_open_iterations"": 1, ""min_area"": 400, ""lock_frames"": 10, ""camera_stable"": false, ""motion_model"": ""affine"", ""motion_per_frame_threshold"": 1.5, ""cumulative_motion_threshold"": 3, ""peak_on_shift"": ""reset"", ""write_mask_pngs"": ""true"", ""write_overlay_pngs"": ""false"", ""write_heatmap_pngs"": ""false"", ""backend"": ""cuda"", ""roi_margin"": 0.0}"
phase4__input_7__threshold=otsu__threshold_offset=-30,input_7,True,0.9473056079648889,0.9728149642769051,0.4725116830729893,0.8975385337811661,508.66905894409865,,"{""colorspace"": ""CIELAB"", ""channel_weights"": ""1,0,0"", ""darken_only"": true, ""peak_reference"": true, ""ref_mode"": [""prev"", 3], ""ref_running_alpha"": 0.05, ""dynamic_target_fraction"": 0.2, ""dynamic_lag_scale"": 1, ""pre_delta_blur"": ""none"", ""blur"": ""gaussian:9"", ""threshold"": ""otsu"", ""threshold_offset"": -30.0, ""morph_kernel"": 13, ""morph_shape"": ""ellipse"", ""morph_close_iterations"": 1, ""morph_open_iterations"": 1, ""min_area"": 400, ""lock_frames"": 10, ""camera_stable"": false, ""motion_model"": ""affine"", ""motion_per_frame_threshold"": 1.5, ""cumulative_motion_threshold"": 3, ""peak_on_shift"": ""reset"", ""write_mask_pngs"": ""true"", ""write_overlay_pngs"": ""false"", ""write_heatmap_pngs"": ""false"", ""backend"": ""cuda"", ""roi_margin"": 0.0}"
phase4__input_7__threshold=otsu__threshold_offset=-10,input_7,True,0.9537911906680918,0.9762202794427601,0.5056297901046076,0.9142752148918598,519.3433384289965,,"{""colorspace"": ""CIELAB"", ""channel_weights"": ""1,0,0"", ""darken_only"": true, ""peak_reference"": true, ""ref_mode"": [""prev"", 3], ""ref_running_alpha"": 0.05, ""dynamic_target_fraction"": 0.2, ""dynamic_lag_scale"": 1, ""pre_delta_blur"": ""none"", ""blur"": ""gaussian:9"", ""threshold"": ""otsu"", ""threshold_offset"": -10.0, ""morph_kernel"": 13, ""morph_shape"": ""ellipse"", ""morph_close_iterations"": 1, ""morph_open_iterations"": 1, ""min_area"": 400, ""lock_frames"": 10, ""camera_stable"": false, ""motion_model"": ""affine"", ""motion_per_frame_threshold"": 1.5, ""cumulative_motion_threshold"": 3, ""peak_on_shift"": ""reset"", ""write_mask_pngs"": ""true"", ""write_overlay_pngs"": ""false"", ""write_heatmap_pngs"": ""false"", ""backend"": ""cuda"", ""roi_margin"": 0.0}"
phase4__input_7__threshold=otsu__threshold_offset=10,input_7,True,0.9277196174904374,0.9624157311065901,0.39070206323583484,0.9322283653016672,515.3315992243588,,"{""colorspace"": ""CIELAB"", ""channel_weights"": ""1,0,0"", ""darken_only"": true, ""peak_reference"": true, ""ref_mode"": [""prev"", 3], ""ref_running_alpha"": 0.05, ""dynamic_target_fraction"": 0.2, ""dynamic_lag_scale"": 1, ""pre_delta_blur"": ""none"", ""blur"": ""gaussian:9"", ""threshold"": ""otsu"", ""threshold_offset"": 10.0, ""morph_kernel"": 13, ""morph_shape"": ""ellipse"", ""morph_close_iterations"": 1, ""morph_open_iterations"": 1, ""min_area"": 400, ""lock_frames"": 10, ""camera_stable"": false, ""motion_model"": ""affine"", ""motion_per_frame_threshold"": 1.5, ""cumulative_motion_threshold"": 3, ""peak_on_shift"": ""reset"", ""write_mask_pngs"": ""true"", ""write_overlay_pngs"": ""false"", ""write_heatmap_pngs"": ""false"", ""backend"": ""cuda"", ""roi_margin"": 0.0}"
phase4__input_7__threshold=triangle__threshold_offset=-20,input_7,True,0.6492317676668786,0.7646342503126469,0.00433261224763587,0.6949074208962182,509.76833913475275,,"{""colorspace"": ""CIELAB"", ""channel_weights"": ""1,0,0"", ""darken_only"": true, ""peak_reference"": true, ""ref_mode"": [""prev"", 3], ""ref_running_alpha"": 0.05, ""dynamic_target_fraction"": 0.2, ""dynamic_lag_scale"": 1, ""pre_delta_blur"": ""none"", ""blur"": ""gaussian:9"", ""threshold"": ""triangle"", ""threshold_offset"": -20.0, ""morph_kernel"": 13, ""morph_shape"": ""ellipse"", ""morph_close_iterations"": 1, ""morph_open_iterations"": 1, ""min_area"": 400, ""lock_frames"": 10, ""camera_stable"": false, ""motion_model"": ""affine"", ""motion_per_frame_threshold"": 1.5, ""cumulative_motion_threshold"": 3, ""peak_on_shift"": ""reset"", ""write_mask_pngs"": ""true"", ""write_overlay_pngs"": ""false"", ""write_heatmap_pngs"": ""false"", ""backend"": ""cuda"", ""roi_margin"": 0.0}"
phase4__input_7__threshold=manual-50,input_7,True,0.9552886768973565,0.9769901745194669,0.5467914781611523,0.9121291672654603,449.227042324841,,"{""colorspace"": ""CIELAB"", ""channel_weights"": ""1,0,0"", ""darken_only"": true, ""peak_reference"": true, ""ref_mode"": [""prev"", 3], ""ref_running_alpha"": 0.05, ""dynamic_target_fraction"": 0.2, ""dynamic_lag_scale"": 1, ""pre_delta_blur"": ""none"", ""blur"": ""gaussian:9"", ""threshold"": ""manual:50"", ""threshold_offset"": -10, ""morph_kernel"": 13, ""morph_shape"": ""ellipse"", ""morph_close_iterations"": 1, ""morph_open_iterations"": 1, ""min_area"": 400, ""lock_frames"": 10, ""camera_stable"": false, ""motion_model"": ""affine"", ""motion_per_frame_threshold"": 1.5, ""cumulative_motion_threshold"": 3, ""peak_on_shift"": ""reset"", ""write_mask_pngs"": ""true"", ""write_overlay_pngs"": ""false"", ""write_heatmap_pngs"": ""false"", ""backend"": ""cuda"", ""roi_margin"": 0.0}"
phase4__input_7__threshold=triangle__threshold_offset=0,input_7,True,0.9383132607064129,0.968055771834355,0.39873614272989827,0.8855104477305875,508.7389248488471,,"{""colorspace"": ""CIELAB"", ""channel_weights"": ""1,0,0"", ""darken_only"": true, ""peak_reference"": true, ""ref_mode"": [""prev"", 3], ""ref_running_alpha"": 0.05, ""dynamic_target_fraction"": 0.2, ""dynamic_lag_scale"": 1, ""pre_delta_blur"": ""none"", ""blur"": ""gaussian:9"", ""threshold"": ""triangle"", ""threshold_offset"": 0.0, ""morph_kernel"": 13, ""morph_shape"": ""ellipse"", ""morph_close_iterations"": 1, ""morph_open_iterations"": 1, ""min_area"": 400, ""lock_frames"": 10, ""camera_stable"": false, ""motion_model"": ""affine"", ""motion_per_frame_threshold"": 1.5, ""cumulative_motion_threshold"": 3, ""peak_on_shift"": ""reset"", ""write_mask_pngs"": ""true"", ""write_overlay_pngs"": ""false"", ""write_heatmap_pngs"": ""false"", ""backend"": ""cuda"", ""roi_margin"": 0.0}"
phase4__input_7__threshold=triangle__threshold_offset=20,input_7,True,0.9562999697253277,0.977521122888073,0.5544806950725635,0.908847755436087,505.99037030991167,,"{""colorspace"": ""CIELAB"", ""channel_weights"": ""1,0,0"", ""darken_only"": true, ""peak_reference"": true, ""ref_mode"": [""prev"", 3], ""ref_running_alpha"": 0.05, ""dynamic_target_fraction"": 0.2, ""dynamic_lag_scale"": 1, ""pre_delta_blur"": ""none"", ""blur"": ""gaussian:9"", ""threshold"": ""triangle"", ""threshold_offset"": 20.0, ""morph_kernel"": 13, ""morph_shape"": ""ellipse"", ""morph_close_iterations"": 1, ""morph_open_iterations"": 1, ""min_area"": 400, ""lock_frames"": 10, ""camera_stable"": false, ""motion_model"": ""affine"", ""motion_per_frame_threshold"": 1.5, ""cumulative_motion_threshold"": 3, ""peak_on_shift"": ""reset"", ""write_mask_pngs"": ""true"", ""write_overlay_pngs"": ""false"", ""write_heatmap_pngs"": ""false"", ""backend"": ""cuda"", ""roi_margin"": 0.0}"
phase4__input_7__threshold=manual-90,input_7,True,0.7960762989275261,0.8858897842267929,0.2769203901545028,0.9386446447824037,446.25526787899435,,"{""colorspace"": ""CIELAB"", ""channel_weights"": ""1,0,0"", ""darken_only"": true, ""peak_reference"": true, ""ref_mode"": [""prev"", 3], ""ref_running_alpha"": 0.05, ""dynamic_target_fraction"": 0.2, ""dynamic_lag_scale"": 1, ""pre_delta_blur"": ""none"", ""blur"": ""gaussian:9"", ""threshold"": ""manual:90"", ""threshold_offset"": -10, ""morph_kernel"": 13, ""morph_shape"": ""ellipse"", ""morph_close_iterations"": 1, ""morph_open_iterations"": 1, ""min_area"": 400, ""lock_frames"": 10, ""camera_stable"": false, ""motion_model"": ""affine"", ""motion_per_frame_threshold"": 1.5, ""cumulative_motion_threshold"": 3, ""peak_on_shift"": ""reset"", ""write_mask_pngs"": ""true"", ""write_overlay_pngs"": ""false"", ""write_heatmap_pngs"": ""false"", ""backend"": ""cuda"", ""roi_margin"": 0.0}"
phase4__input_7__threshold=manual-130,input_7,True,0.12946718419705483,0.22247923538232825,0.04539140820250109,0.5864030280530622,450.8222482278943,,"{""colorspace"": ""CIELAB"", ""channel_weights"": ""1,0,0"", ""darken_only"": true, ""peak_reference"": true, ""ref_mode"": [""prev"", 3], ""ref_running_alpha"": 0.05, ""dynamic_target_fraction"": 0.2, ""dynamic_lag_scale"": 1, ""pre_delta_blur"": ""none"", ""blur"": ""gaussian:9"", ""threshold"": ""manual:130"", ""threshold_offset"": -10, ""morph_kernel"": 13, ""morph_shape"": ""ellipse"", ""morph_close_iterations"": 1, ""morph_open_iterations"": 1, ""min_area"": 400, ""lock_frames"": 10, ""camera_stable"": false, ""motion_model"": ""affine"", ""motion_per_frame_threshold"": 1.5, ""cumulative_motion_threshold"": 3, ""peak_on_shift"": ""reset"", ""write_mask_pngs"": ""true"", ""write_overlay_pngs"": ""false"", ""write_heatmap_pngs"": ""false"", ""backend"": ""cuda"", ""roi_margin"": 0.0}"
phase4__input_7__threshold=adaptive-mean-11-5,input_7,True,0.6487278567682536,0.7640106438110992,0.0,0.6949074208962182,388.53845567349344,,"{""colorspace"": ""CIELAB"", ""channel_weights"": ""1,0,0"", ""darken_only"": true, ""peak_reference"": true, ""ref_mode"": [""prev"", 3], ""ref_running_alpha"": 0.05, ""dynamic_target_fraction"": 0.2, ""dynamic_lag_scale"": 1, ""pre_delta_blur"": ""none"", ""blur"": ""gaussian:9"", ""threshold"": ""adaptive-mean:11:5"", ""threshold_offset"": -10, ""morph_kernel"": 13, ""morph_shape"": ""ellipse"", ""morph_close_iterations"": 1, ""morph_open_iterations"": 1, ""min_area"": 400, ""lock_frames"": 10, ""camera_stable"": false, ""motion_model"": ""affine"", ""motion_per_frame_threshold"": 1.5, ""cumulative_motion_threshold"": 3, ""peak_on_shift"": ""reset"", ""write_mask_pngs"": ""true"", ""write_overlay_pngs"": ""false"", ""write_heatmap_pngs"": ""false"", ""backend"": ""cuda"", ""roi_margin"": 0.0}"
phase4__input_7__threshold=percentile-60,input_7,True,0.6486606402456132,0.7642959891932616,0.004405507722792376,0.6949074208962182,464.8210746040568,,"{""colorspace"": ""CIELAB"", ""channel_weights"": ""1,0,0"", ""darken_only"": true, ""peak_reference"": true, ""ref_mode"": [""prev"", 3], ""ref_running_alpha"": 0.05, ""dynamic_target_fraction"": 0.2, ""dynamic_lag_scale"": 1, ""pre_delta_blur"": ""none"", ""blur"": ""gaussian:9"", ""threshold"": ""percentile:60"", ""threshold_offset"": -10, ""morph_kernel"": 13, ""morph_shape"": ""ellipse"", ""morph_close_iterations"": 1, ""morph_open_iterations"": 1, ""min_area"": 400, ""lock_frames"": 10, ""camera_stable"": false, ""motion_model"": ""affine"", ""motion_per_frame_threshold"": 1.5, ""cumulative_motion_threshold"": 3, ""peak_on_shift"": ""reset"", ""write_mask_pngs"": ""true"", ""write_overlay_pngs"": ""false"", ""write_heatmap_pngs"": ""false"", ""backend"": ""cuda"", ""roi_margin"": 0.0}"
phase4__input_7__threshold=adaptive-mean-11--5,input_7,True,0.1751083182704773,0.29350874604074406,0.20994102306000526,0.758583431284455,424.61272213514894,,"{""colorspace"": ""CIELAB"", ""channel_weights"": ""1,0,0"", ""darken_only"": true, ""peak_reference"": true, ""ref_mode"": [""prev"", 3], ""ref_running_alpha"": 0.05, ""dynamic_target_fraction"": 0.2, ""dynamic_lag_scale"": 1, ""pre_delta_blur"": ""none"", ""blur"": ""gaussian:9"", ""threshold"": ""adaptive-mean:11:-5"", ""threshold_offset"": -10, ""morph_kernel"": 13, ""morph_shape"": ""ellipse"", ""morph_close_iterations"": 1, ""morph_open_iterations"": 1, ""min_area"": 400, ""lock_frames"": 10, ""camera_stable"": false, ""motion_model"": ""affine"", ""motion_per_frame_threshold"": 1.5, ""cumulative_motion_threshold"": 3, ""peak_on_shift"": ""reset"", ""write_mask_pngs"": ""true"", ""write_overlay_pngs"": ""false"", ""write_heatmap_pngs"": ""false"", ""backend"": ""cuda"", ""roi_margin"": 0.0}"
phase4__input_7__threshold=percentile-95,input_7,True,0.5419521190108935,0.7011832679886144,0.08538826148436747,0.778013615109759,467.6897105332464,,"{""colorspace"": ""CIELAB"", ""channel_weights"": ""1,0,0"", ""darken_only"": true, ""peak_reference"": true, ""ref_mode"": [""prev"", 3], ""ref_running_alpha"": 0.05, ""dynamic_target_fraction"": 0.2, ""dynamic_lag_scale"": 1, ""pre_delta_blur"": ""none"", ""blur"": ""gaussian:9"", ""threshold"": ""percentile:95"", ""threshold_offset"": -10, ""morph_kernel"": 13, ""morph_shape"": ""ellipse"", ""morph_close_iterations"": 1, ""morph_open_iterations"": 1, ""min_area"": 400, ""lock_frames"": 10, ""camera_stable"": false, ""motion_model"": ""affine"", ""motion_per_frame_threshold"": 1.5, ""cumulative_motion_threshold"": 3, ""peak_on_shift"": ""reset"", ""write_mask_pngs"": ""true"", ""write_overlay_pngs"": ""false"", ""write_heatmap_pngs"": ""false"", ""backend"": ""cuda"", ""roi_margin"": 0.0}"
phase4__input_7__threshold=percentile-80,input_7,True,0.6751087580249385,0.7950247276192984,0.11991432882489812,0.6949074208962182,470.3522457918152,,"{""colorspace"": ""CIELAB"", ""channel_weights"": ""1,0,0"", ""darken_only"": true, ""peak_reference"": true, ""ref_mode"": [""prev"", 3], ""ref_running_alpha"": 0.05, ""dynamic_target_fraction"": 0.2, ""dynamic_lag_scale"": 1, ""pre_delta_blur"": ""none"", ""blur"": ""gaussian:9"", ""threshold"": ""percentile:80"", ""threshold_offset"": -10, ""morph_kernel"": 13, ""morph_shape"": ""ellipse"", ""morph_close_iterations"": 1, ""morph_open_iterations"": 1, ""min_area"": 400, ""lock_frames"": 10, ""camera_stable"": false, ""motion_model"": ""affine"", ""motion_per_frame_threshold"": 1.5, ""cumulative_motion_threshold"": 3, ""peak_on_shift"": ""reset"", ""write_mask_pngs"": ""true"", ""write_overlay_pngs"": ""false"", ""write_heatmap_pngs"": ""false"", ""backend"": ""cuda"", ""roi_margin"": 0.0}"
phase4__input_7__threshold=adaptive-mean-31--5,input_7,True,0.31012554360763883,0.468552785583986,0.16475719494700145,0.7666395132591308,435.6806925451383,,"{""colorspace"": ""CIELAB"", ""channel_weights"": ""1,0,0"", ""darken_only"": true, ""peak_reference"": true, ""ref_mode"": [""prev"", 3], ""ref_running_alpha"": 0.05, ""dynamic_target_fraction"": 0.2, ""dynamic_lag_scale"": 1, ""pre_delta_blur"": ""none"", ""blur"": ""gaussian:9"", ""threshold"": ""adaptive-mean:31:-5"", ""threshold_offset"": -10, ""morph_kernel"": 13, ""morph_shape"": ""ellipse"", ""morph_close_iterations"": 1, ""morph_open_iterations"": 1, ""min_area"": 400, ""lock_frames"": 10, ""camera_stable"": false, ""motion_model"": ""affine"", ""motion_per_frame_threshold"": 1.5, ""cumulative_motion_threshold"": 3, ""peak_on_shift"": ""reset"", ""write_mask_pngs"": ""true"", ""write_overlay_pngs"": ""false"", ""write_heatmap_pngs"": ""false"", ""backend"": ""cuda"", ""roi_margin"": 0.0}"
phase4__input_7__threshold=adaptive-mean-31-5,input_7,True,0.6478186381294908,0.7630313876492523,0.0725879220513057,0.6949074208962182,383.8316181283444,,"{""colorspace"": ""CIELAB"", ""channel_weights"": ""1,0,0"", ""darken_only"": true, ""peak_reference"": true, ""ref_mode"": [""prev"", 3], ""ref_running_alpha"": 0.05, ""dynamic_target_fraction"": 0.2, ""dynamic_lag_scale"": 1, ""pre_delta_blur"": ""none"", ""blur"": ""gaussian:9"", ""threshold"": ""adaptive-mean:31:5"", ""threshold_offset"": -10, ""morph_kernel"": 13, ""morph_shape"": ""ellipse"", ""morph_close_iterations"": 1, ""morph_open_iterations"": 1, ""min_area"": 400, ""lock_frames"": 10, ""camera_stable"": false, ""motion_model"": ""affine"", ""motion_per_frame_threshold"": 1.5, ""cumulative_motion_threshold"": 3, ""peak_on_shift"": ""reset"", ""write_mask_pngs"": ""true"", ""write_overlay_pngs"": ""false"", ""write_heatmap_pngs"": ""false"", ""backend"": ""cuda"", ""roi_margin"": 0.0}"
phase4__input_7__threshold=adaptive-gaussian-11--5,input_7,True,0.01557499707186769,0.030643368641554043,0.06049622723059841,0.43649762418541416,383.34117037057877,,"{""colorspace"": ""CIELAB"", ""channel_weights"": ""1,0,0"", ""darken_only"": true, ""peak_reference"": true, ""ref_mode"": [""prev"", 3], ""ref_running_alpha"": 0.05, ""dynamic_target_fraction"": 0.2, ""dynamic_lag_scale"": 1, ""pre_delta_blur"": ""none"", ""blur"": ""gaussian:9"", ""threshold"": ""adaptive-gaussian:11:-5"", ""threshold_offset"": -10, ""morph_kernel"": 13, ""morph_shape"": ""ellipse"", ""morph_close_iterations"": 1, ""morph_open_iterations"": 1, ""min_area"": 400, ""lock_frames"": 10, ""camera_stable"": false, ""motion_model"": ""affine"", ""motion_per_frame_threshold"": 1.5, ""cumulative_motion_threshold"": 3, ""peak_on_shift"": ""reset"", ""write_mask_pngs"": ""true"", ""write_overlay_pngs"": ""false"", ""write_heatmap_pngs"": ""false"", ""backend"": ""cuda"", ""roi_margin"": 0.0}"
phase4__input_7__threshold=adaptive-gaussian-11-5,input_7,True,0.6487278567682536,0.7640106438110992,0.0,0.6949074208962182,380.4692324846983,,"{""colorspace"": ""CIELAB"", ""channel_weights"": ""1,0,0"", ""darken_only"": true, ""peak_reference"": true, ""ref_mode"": [""prev"", 3], ""ref_running_alpha"": 0.05, ""dynamic_target_fraction"": 0.2, ""dynamic_lag_scale"": 1, ""pre_delta_blur"": ""none"", ""blur"": ""gaussian:9"", ""threshold"": ""adaptive-gaussian:11:5"", ""threshold_offset"": -10, ""morph_kernel"": 13, ""morph_shape"": ""ellipse"", ""morph_close_iterations"": 1, ""morph_open_iterations"": 1, ""min_area"": 400, ""lock_frames"": 10, ""camera_stable"": false, ""motion_model"": ""affine"", ""motion_per_frame_threshold"": 1.5, ""cumulative_motion_threshold"": 3, ""peak_on_shift"": ""reset"", ""write_mask_pngs"": ""true"", ""write_overlay_pngs"": ""false"", ""write_heatmap_pngs"": ""false"", ""backend"": ""cuda"", ""roi_margin"": 0.0}"
phase4__input_7__threshold=adaptive-gaussian-31-5,input_7,True,0.6487278567682536,0.7640106438110992,0.0,0.6949074208962182,386.7936960142106,,"{""colorspace"": ""CIELAB"", ""channel_weights"": ""1,0,0"", ""darken_only"": true, ""peak_reference"": true, ""ref_mode"": [""prev"", 3], ""ref_running_alpha"": 0.05, ""dynamic_target_fraction"": 0.2, ""dynamic_lag_scale"": 1, ""pre_delta_blur"": ""none"", ""blur"": ""gaussian:9"", ""threshold"": ""adaptive-gaussian:31:5"", ""threshold_offset"": -10, ""morph_kernel"": 13, ""morph_shape"": ""ellipse"", ""morph_close_iterations"": 1, ""morph_open_iterations"": 1, ""min_area"": 400, ""lock_frames"": 10, ""camera_stable"": false, ""motion_model"": ""affine"", ""motion_per_frame_threshold"": 1.5, ""cumulative_motion_threshold"": 3, ""peak_on_shift"": ""reset"", ""write_mask_pngs"": ""true"", ""write_overlay_pngs"": ""false"", ""write_heatmap_pngs"": ""false"", ""backend"": ""cuda"", ""roi_margin"": 0.0}"
phase4__input_7__threshold=adaptive-gaussian-31--5,input_7,True,0.21227365179523777,0.3454740661310082,0.20037362814611687,0.7625854327615154,407.8516055829823,,"{""colorspace"": ""CIELAB"", ""channel_weights"": ""1,0,0"", ""darken_only"": true, ""peak_reference"": true, ""ref_mode"": [""prev"", 3], ""ref_running_alpha"": 0.05, ""dynamic_target_fraction"": 0.2, ""dynamic_lag_scale"": 1, ""pre_delta_blur"": ""none"", ""blur"": ""gaussian:9"", ""threshold"": ""adaptive-gaussian:31:-5"", ""threshold_offset"": -10, ""morph_kernel"": 13, ""morph_shape"": ""ellipse"", ""morph_close_iterations"": 1, ""morph_open_iterations"": 1, ""min_area"": 400, ""lock_frames"": 10, ""camera_stable"": false, ""motion_model"": ""affine"", ""motion_per_frame_threshold"": 1.5, ""cumulative_motion_threshold"": 3, ""peak_on_shift"": ""reset"", ""write_mask_pngs"": ""true"", ""write_overlay_pngs"": ""false"", ""write_heatmap_pngs"": ""false"", ""backend"": ""cuda"", ""roi_margin"": 0.0}"
phase4__input_8__threshold=manual-50,input_8,True,0.937125742654939,0.9674914528115254,0.4114904246009429,0.9183503067589512,723.3520146450028,,"{""colorspace"": ""CIELAB"", ""channel_weights"": ""1,0,0"", ""darken_only"": true, ""peak_reference"": true, ""ref_mode"": [""first""], ""ref_running_alpha"": 0.05, ""dynamic_target_fraction"": 0.2, ""dynamic_lag_scale"": 1, ""pre_delta_blur"": ""none"", ""blur"": ""gaussian:9"", ""threshold"": ""manual:50"", ""threshold_offset"": -10, ""morph_kernel"": 21, ""morph_shape"": ""ellipse"", ""morph_close_iterations"": 1, ""morph_open_iterations"": 1, ""min_area"": 1600, ""lock_frames"": 10, ""camera_stable"": false, ""motion_model"": ""affine"", ""motion_per_frame_threshold"": 1.5, ""cumulative_motion_threshold"": 3, ""peak_on_shift"": ""reset"", ""write_mask_pngs"": ""true"", ""write_overlay_pngs"": ""false"", ""write_heatmap_pngs"": ""false"", ""backend"": ""cuda"", ""roi_margin"": 0.0}"
phase4__input_8__threshold=otsu__threshold_offset=-50,input_8,True,0.6217544447878074,0.7577118316473826,0.06563169870237828,0.7408768428413263,812.8760245544836,,"{""colorspace"": ""CIELAB"", ""channel_weights"": ""1,0,0"", ""darken_only"": true, ""peak_reference"": true, ""ref_mode"": [""first""], ""ref_running_alpha"": 0.05, ""dynamic_target_fraction"": 0.2, ""dynamic_lag_scale"": 1, ""pre_delta_blur"": ""none"", ""blur"": ""gaussian:9"", ""threshold"": ""otsu"", ""threshold_offset"": -50.0, ""morph_kernel"": 21, ""morph_shape"": ""ellipse"", ""morph_close_iterations"": 1, ""morph_open_iterations"": 1, ""min_area"": 1600, ""lock_frames"": 10, ""camera_stable"": false, ""motion_model"": ""affine"", ""motion_per_frame_threshold"": 1.5, ""cumulative_motion_threshold"": 3, ""peak_on_shift"": ""reset"", ""write_mask_pngs"": ""true"", ""write_overlay_pngs"": ""false"", ""write_heatmap_pngs"": ""false"", ""backend"": ""cuda"", ""roi_margin"": 0.0}"
phase4__input_8__threshold=otsu__threshold_offset=-30,input_8,True,0.9304471309384637,0.9639438846533404,0.36770440730381504,0.9107827143766544,822.9078881144524,,"{""colorspace"": ""CIELAB"", ""channel_weights"": ""1,0,0"", ""darken_only"": true, ""peak_reference"": true, ""ref_mode"": [""first""], ""ref_running_alpha"": 0.05, ""dynamic_target_fraction"": 0.2, ""dynamic_lag_scale"": 1, ""pre_delta_blur"": ""none"", ""blur"": ""gaussian:9"", ""threshold"": ""otsu"", ""threshold_offset"": -30.0, ""morph_kernel"": 21, ""morph_shape"": ""ellipse"", ""morph_close_iterations"": 1, ""morph_open_iterations"": 1, ""min_area"": 1600, ""lock_frames"": 10, ""camera_stable"": false, ""motion_model"": ""affine"", ""motion_per_frame_threshold"": 1.5, ""cumulative_motion_threshold"": 3, ""peak_on_shift"": ""reset"", ""write_mask_pngs"": ""true"", ""write_overlay_pngs"": ""false"", ""write_heatmap_pngs"": ""false"", ""backend"": ""cuda"", ""roi_margin"": 0.0}"
phase4__input_8__threshold=manual-130,input_8,True,0.4428958122796095,0.6105618413103564,0.10132548670088996,0.7167599507810198,719.3933084746823,,"{""colorspace"": ""CIELAB"", ""channel_weights"": ""1,0,0"", ""darken_only"": true, ""peak_reference"": true, ""ref_mode"": [""first""], ""ref_running_alpha"": 0.05, ""dynamic_target_fraction"": 0.2, ""dynamic_lag_scale"": 1, ""pre_delta_blur"": ""none"", ""blur"": ""gaussian:9"", ""threshold"": ""manual:130"", ""threshold_offset"": -10, ""morph_kernel"": 21, ""morph_shape"": ""ellipse"", ""morph_close_iterations"": 1, ""morph_open_iterations"": 1, ""min_area"": 1600, ""lock_frames"": 10, ""camera_stable"": false, ""motion_model"": ""affine"", ""motion_per_frame_threshold"": 1.5, ""cumulative_motion_threshold"": 3, ""peak_on_shift"": ""reset"", ""write_mask_pngs"": ""true"", ""write_overlay_pngs"": ""false"", ""write_heatmap_pngs"": ""false"", ""backend"": ""cuda"", ""roi_margin"": 0.0}"
phase4__input_8__threshold=manual-90,input_8,True,0.9146594953600132,0.9554136154374216,0.3584339856500293,0.9473331741106705,731.5648212423548,,"{""colorspace"": ""CIELAB"", ""channel_weights"": ""1,0,0"", ""darken_only"": true, ""peak_reference"": true, ""ref_mode"": [""first""], ""ref_running_alpha"": 0.05, ""dynamic_target_fraction"": 0.2, ""dynamic_lag_scale"": 1, ""pre_delta_blur"": ""none"", ""blur"": ""gaussian:9"", ""threshold"": ""manual:90"", ""threshold_offset"": -10, ""morph_kernel"": 21, ""morph_shape"": ""ellipse"", ""morph_close_iterations"": 1, ""morph_open_iterations"": 1, ""min_area"": 1600, ""lock_frames"": 10, ""camera_stable"": false, ""motion_model"": ""affine"", ""motion_per_frame_threshold"": 1.5, ""cumulative_motion_threshold"": 3, ""peak_on_shift"": ""reset"", ""write_mask_pngs"": ""true"", ""write_overlay_pngs"": ""false"", ""write_heatmap_pngs"": ""false"", ""backend"": ""cuda"", ""roi_margin"": 0.0}"
phase4__input_8__threshold=otsu__threshold_offset=10,input_8,True,0.9363122292646947,0.9670789959253561,0.4126750971968566,0.9468261434834716,815.1888966886327,,"{""colorspace"": ""CIELAB"", ""channel_weights"": ""1,0,0"", ""darken_only"": true, ""peak_reference"": true, ""ref_mode"": [""first""], ""ref_running_alpha"": 0.05, ""dynamic_target_fraction"": 0.2, ""dynamic_lag_scale"": 1, ""pre_delta_blur"": ""none"", ""blur"": ""gaussian:9"", ""threshold"": ""otsu"", ""threshold_offset"": 10.0, ""morph_kernel"": 21, ""morph_shape"": ""ellipse"", ""morph_close_iterations"": 1, ""morph_open_iterations"": 1, ""min_area"": 1600, ""lock_frames"": 10, ""camera_stable"": false, ""motion_model"": ""affine"", ""motion_per_frame_threshold"": 1.5, ""cumulative_motion_threshold"": 3, ""peak_on_shift"": ""reset"", ""write_mask_pngs"": ""true"", ""write_overlay_pngs"": ""false"", ""write_heatmap_pngs"": ""false"", ""backend"": ""cuda"", ""roi_margin"": 0.0}"
phase4__input_8__threshold=otsu__threshold_offset=-10,input_8,True,0.9405580506739295,0.9693336588973447,0.4101943239736139,0.93457335593235,817.9988960530609,,"{""colorspace"": ""CIELAB"", ""channel_weights"": ""1,0,0"", ""darken_only"": true, ""peak_reference"": true, ""ref_mode"": [""first""], ""ref_running_alpha"": 0.05, ""dynamic_target_fraction"": 0.2, ""dynamic_lag_scale"": 1, ""pre_delta_blur"": ""none"", ""blur"": ""gaussian:9"", ""threshold"": ""otsu"", ""threshold_offset"": -10.0, ""morph_kernel"": 21, ""morph_shape"": ""ellipse"", ""morph_close_iterations"": 1, ""morph_open_iterations"": 1, ""min_area"": 1600, ""lock_frames"": 10, ""camera_stable"": false, ""motion_model"": ""affine"", ""motion_per_frame_threshold"": 1.5, ""cumulative_motion_threshold"": 3, ""peak_on_shift"": ""reset"", ""write_mask_pngs"": ""true"", ""write_overlay_pngs"": ""false"", ""write_heatmap_pngs"": ""false"", ""backend"": ""cuda"", ""roi_margin"": 0.0}"
phase4__input_8__threshold=triangle__threshold_offset=-20,input_8,True,0.6008471242934561,0.7413196032308522,0.0,0.7408768428413263,811.0140933291987,,"{""colorspace"": ""CIELAB"", ""channel_weights"": ""1,0,0"", ""darken_only"": true, ""peak_reference"": true, ""ref_mode"": [""first""], ""ref_running_alpha"": 0.05, ""dynamic_target_fraction"": 0.2, ""dynamic_lag_scale"": 1, ""pre_delta_blur"": ""none"", ""blur"": ""gaussian:9"", ""threshold"": ""triangle"", ""threshold_offset"": -20.0, ""morph_kernel"": 21, ""morph_shape"": ""ellipse"", ""morph_close_iterations"": 1, ""morph_open_iterations"": 1, ""min_area"": 1600, ""lock_frames"": 10, ""camera_stable"": false, ""motion_model"": ""affine"", ""motion_per_frame_threshold"": 1.5, ""cumulative_motion_threshold"": 3, ""peak_on_shift"": ""reset"", ""write_mask_pngs"": ""true"", ""write_overlay_pngs"": ""false"", ""write_heatmap_pngs"": ""false"", ""backend"": ""cuda"", ""roi_margin"": 0.0}"
phase4__input_8__threshold=triangle__threshold_offset=0,input_8,True,0.9096068583974043,0.9526447892496146,0.31353714445087466,0.810715213025006,814.1071986155584,,"{""colorspace"": ""CIELAB"", ""channel_weights"": ""1,0,0"", ""darken_only"": true, ""peak_reference"": true, ""ref_mode"": [""first""], ""ref_running_alpha"": 0.05, ""dynamic_target_fraction"": 0.2, ""dynamic_lag_scale"": 1, ""pre_delta_blur"": ""none"", ""blur"": ""gaussian:9"", ""threshold"": ""triangle"", ""threshold_offset"": 0.0, ""morph_kernel"": 21, ""morph_shape"": ""ellipse"", ""morph_close_iterations"": 1, ""morph_open_iterations"": 1, ""min_area"": 1600, ""lock_frames"": 10, ""camera_stable"": false, ""motion_model"": ""affine"", ""motion_per_frame_threshold"": 1.5, ""cumulative_motion_threshold"": 3, ""peak_on_shift"": ""reset"", ""write_mask_pngs"": ""true"", ""write_overlay_pngs"": ""false"", ""write_heatmap_pngs"": ""false"", ""backend"": ""cuda"", ""roi_margin"": 0.0}"
phase4__input_8__threshold=percentile-60,input_8,True,0.6008471242934561,0.7413196032308522,0.0,0.7408768428413263,752.8936180025339,,"{""colorspace"": ""CIELAB"", ""channel_weights"": ""1,0,0"", ""darken_only"": true, ""peak_reference"": true, ""ref_mode"": [""first""], ""ref_running_alpha"": 0.05, ""dynamic_target_fraction"": 0.2, ""dynamic_lag_scale"": 1, ""pre_delta_blur"": ""none"", ""blur"": ""gaussian:9"", ""threshold"": ""percentile:60"", ""threshold_offset"": -10, ""morph_kernel"": 21, ""morph_shape"": ""ellipse"", ""morph_close_iterations"": 1, ""morph_open_iterations"": 1, ""min_area"": 1600, ""lock_frames"": 10, ""camera_stable"": false, ""motion_model"": ""affine"", ""motion_per_frame_threshold"": 1.5, ""cumulative_motion_threshold"": 3, ""peak_on_shift"": ""reset"", ""write_mask_pngs"": ""true"", ""write_overlay_pngs"": ""false"", ""write_heatmap_pngs"": ""false"", ""backend"": ""cuda"", ""roi_margin"": 0.0}"
phase4__input_8__threshold=triangle__threshold_offset=20,input_8,True,0.9362716367471016,0.9670362986035347,0.40455883491004807,0.9164338893787652,811.7742094444111,,"{""colorspace"": ""CIELAB"", ""channel_weights"": ""1,0,0"", ""darken_only"": true, ""peak_reference"": true, ""ref_mode"": [""first""], ""ref_running_alpha"": 0.05, ""dynamic_target_fraction"": 0.2, ""dynamic_lag_scale"": 1, ""pre_delta_blur"": ""none"", ""blur"": ""gaussian:9"", ""threshold"": ""triangle"", ""threshold_offset"": 20.0, ""morph_kernel"": 21, ""morph_shape"": ""ellipse"", ""morph_close_iterations"": 1, ""morph_open_iterations"": 1, ""min_area"": 1600, ""lock_frames"": 10, ""camera_stable"": false, ""motion_model"": ""affine"", ""motion_per_frame_threshold"": 1.5, ""cumulative_motion_threshold"": 3, ""peak_on_shift"": ""reset"", ""write_mask_pngs"": ""true"", ""write_overlay_pngs"": ""false"", ""write_heatmap_pngs"": ""false"", ""backend"": ""cuda"", ""roi_margin"": 0.0}"
phase4__input_8__threshold=percentile-80,input_8,True,0.6481682094928395,0.7818711876934958,0.12145761481581299,0.7408768428413263,758.202161132358,,"{""colorspace"": ""CIELAB"", ""channel_weights"": ""1,0,0"", ""darken_only"": true, ""peak_reference"": true, ""ref_mode"": [""first""], ""ref_running_alpha"": 0.05, ""dynamic_target_fraction"": 0.2, ""dynamic_lag_scale"": 1, ""pre_delta_blur"": ""none"", ""blur"": ""gaussian:9"", ""threshold"": ""percentile:80"", ""threshold_offset"": -10, ""morph_kernel"": 21, ""morph_shape"": ""ellipse"", ""morph_close_iterations"": 1, ""morph_open_iterations"": 1, ""min_area"": 1600, ""lock_frames"": 10, ""camera_stable"": false, ""motion_model"": ""affine"", ""motion_per_frame_threshold"": 1.5, ""cumulative_motion_threshold"": 3, ""peak_on_shift"": ""reset"", ""write_mask_pngs"": ""true"", ""write_overlay_pngs"": ""false"", ""write_heatmap_pngs"": ""false"", ""backend"": ""cuda"", ""roi_margin"": 0.0}"
phase4__input_8__threshold=adaptive-mean-11-5,input_8,True,0.6008471242934561,0.7413196032308522,0.0,0.7408768428413263,619.6079209269956,,"{""colorspace"": ""CIELAB"", ""channel_weights"": ""1,0,0"", ""darken_only"": true, ""peak_reference"": true, ""ref_mode"": [""first""], ""ref_running_alpha"": 0.05, ""dynamic_target_fraction"": 0.2, ""dynamic_lag_scale"": 1, ""pre_delta_blur"": ""none"", ""blur"": ""gaussian:9"", ""threshold"": ""adaptive-mean:11:5"", ""threshold_offset"": -10, ""morph_kernel"": 21, ""morph_shape"": ""ellipse"", ""morph_close_iterations"": 1, ""morph_open_iterations"": 1, ""min_area"": 1600, ""lock_frames"": 10, ""camera_stable"": false, ""motion_model"": ""affine"", ""motion_per_frame_threshold"": 1.5, ""cumulative_motion_threshold"": 3, ""peak_on_shift"": ""reset"", ""write_mask_pngs"": ""true"", ""write_overlay_pngs"": ""false"", ""write_heatmap_pngs"": ""false"", ""backend"": ""cuda"", ""roi_margin"": 0.0}"
phase4__input_8__threshold=adaptive-mean-11--5,input_8,True,0.5223312404455869,0.6772909247825919,0.10473560780731188,0.7408768428413263,656.9698318969458,,"{""colorspace"": ""CIELAB"", ""channel_weights"": ""1,0,0"", ""darken_only"": true, ""peak_reference"": true, ""ref_mode"": [""first""], ""ref_running_alpha"": 0.05, ""dynamic_target_fraction"": 0.2, ""dynamic_lag_scale"": 1, ""pre_delta_blur"": ""none"", ""blur"": ""gaussian:9"", ""threshold"": ""adaptive-mean:11:-5"", ""threshold_offset"": -10, ""morph_kernel"": 21, ""morph_shape"": ""ellipse"", ""morph_close_iterations"": 1, ""morph_open_iterations"": 1, ""min_area"": 1600, ""lock_frames"": 10, ""camera_stable"": false, ""motion_model"": ""affine"", ""motion_per_frame_threshold"": 1.5, ""cumulative_motion_threshold"": 3, ""peak_on_shift"": ""reset"", ""write_mask_pngs"": ""true"", ""write_overlay_pngs"": ""false"", ""write_heatmap_pngs"": ""false"", ""backend"": ""cuda"", ""roi_margin"": 0.0}"
phase4__input_8__threshold=adaptive-mean-31--5,input_8,True,0.7037444370975553,0.8180652970197635,0.1671198372090028,0.7408768428413263,652.3932943167165,,"{""colorspace"": ""CIELAB"", ""channel_weights"": ""1,0,0"", ""darken_only"": true, ""peak_reference"": true, ""ref_mode"": [""first""], ""ref_running_alpha"": 0.05, ""dynamic_target_fraction"": 0.2, ""dynamic_lag_scale"": 1, ""pre_delta_blur"": ""none"", ""blur"": ""gaussian:9"", ""threshold"": ""adaptive-mean:31:-5"", ""threshold_offset"": -10, ""morph_kernel"": 21, ""morph_shape"": ""ellipse"", ""morph_close_iterations"": 1, ""morph_open_iterations"": 1, ""min_area"": 1600, ""lock_frames"": 10, ""camera_stable"": false, ""motion_model"": ""affine"", ""motion_per_frame_threshold"": 1.5, ""cumulative_motion_threshold"": 3, ""peak_on_shift"": ""reset"", ""write_mask_pngs"": ""true"", ""write_overlay_pngs"": ""false"", ""write_heatmap_pngs"": ""false"", ""backend"": ""cuda"", ""roi_margin"": 0.0}"
phase4__input_8__threshold=percentile-95,input_8,True,0.4727014544268163,0.6412108142974282,0.05261786249177016,0.786844673976358,761.1647059470415,,"{""colorspace"": ""CIELAB"", ""channel_weights"": ""1,0,0"", ""darken_only"": true, ""peak_reference"": true, ""ref_mode"": [""first""], ""ref_running_alpha"": 0.05, ""dynamic_target_fraction"": 0.2, ""dynamic_lag_scale"": 1, ""pre_delta_blur"": ""none"", ""blur"": ""gaussian:9"", ""threshold"": ""percentile:95"", ""threshold_offset"": -10, ""morph_kernel"": 21, ""morph_shape"": ""ellipse"", ""morph_close_iterations"": 1, ""morph_open_iterations"": 1, ""min_area"": 1600, ""lock_frames"": 10, ""camera_stable"": false, ""motion_model"": ""affine"", ""motion_per_frame_threshold"": 1.5, ""cumulative_motion_threshold"": 3, ""peak_on_shift"": ""reset"", ""write_mask_pngs"": ""true"", ""write_overlay_pngs"": ""false"", ""write_heatmap_pngs"": ""false"", ""backend"": ""cuda"", ""roi_margin"": 0.0}"
phase4__input_8__threshold=adaptive-mean-31-5,input_8,True,0.6008471242934561,0.7413196032308522,0.0,0.7408768428413263,631.4378091162071,,"{""colorspace"": ""CIELAB"", ""channel_weights"": ""1,0,0"", ""darken_only"": true, ""peak_reference"": true, ""ref_mode"": [""first""], ""ref_running_alpha"": 0.05, ""dynamic_target_fraction"": 0.2, ""dynamic_lag_scale"": 1, ""pre_delta_blur"": ""none"", ""blur"": ""gaussian:9"", ""threshold"": ""adaptive-mean:31:5"", ""threshold_offset"": -10, ""morph_kernel"": 21, ""morph_shape"": ""ellipse"", ""morph_close_iterations"": 1, ""morph_open_iterations"": 1, ""min_area"": 1600, ""lock_frames"": 10, ""camera_stable"": false, ""motion_model"": ""affine"", ""motion_per_frame_threshold"": 1.5, ""cumulative_motion_threshold"": 3, ""peak_on_shift"": ""reset"", ""write_mask_pngs"": ""true"", ""write_overlay_pngs"": ""false"", ""write_heatmap_pngs"": ""false"", ""backend"": ""cuda"", ""roi_margin"": 0.0}"
phase4__input_8__threshold=adaptive-gaussian-11--5,input_8,True,0.1251485688666485,0.22117686174759843,0.0917617209196772,0.7827180669212583,647.4091293755919,,"{""colorspace"": ""CIELAB"", ""channel_weights"": ""1,0,0"", ""darken_only"": true, ""peak_reference"": true, ""ref_mode"": [""first""], ""ref_running_alpha"": 0.05, ""dynamic_target_fraction"": 0.2, ""dynamic_lag_scale"": 1, ""pre_delta_blur"": ""none"", ""blur"": ""gaussian:9"", ""threshold"": ""adaptive-gaussian:11:-5"", ""threshold_offset"": -10, ""morph_kernel"": 21, ""morph_shape"": ""ellipse"", ""morph_close_iterations"": 1, ""morph_open_iterations"": 1, ""min_area"": 1600, ""lock_frames"": 10, ""camera_stable"": false, ""motion_model"": ""affine"", ""motion_per_frame_threshold"": 1.5, ""cumulative_motion_threshold"": 3, ""peak_on_shift"": ""reset"", ""write_mask_pngs"": ""true"", ""write_overlay_pngs"": ""false"", ""write_heatmap_pngs"": ""false"", ""backend"": ""cuda"", ""roi_margin"": 0.0}"
phase4__input_8__threshold=adaptive-gaussian-11-5,input_8,True,0.6008471242934561,0.7413196032308522,0.0,0.7408768428413263,645.1182321505621,,"{""colorspace"": ""CIELAB"", ""channel_weights"": ""1,0,0"", ""darken_only"": true, ""peak_reference"": true, ""ref_mode"": [""first""], ""ref_running_alpha"": 0.05, ""dynamic_target_fraction"": 0.2, ""dynamic_lag_scale"": 1, ""pre_delta_blur"": ""none"", ""blur"": ""gaussian:9"", ""threshold"": ""adaptive-gaussian:11:5"", ""threshold_offset"": -10, ""morph_kernel"": 21, ""morph_shape"": ""ellipse"", ""morph_close_iterations"": 1, ""morph_open_iterations"": 1, ""min_area"": 1600, ""lock_frames"": 10, ""camera_stable"": false, ""motion_model"": ""affine"", ""motion_per_frame_threshold"": 1.5, ""cumulative_motion_threshold"": 3, ""peak_on_shift"": ""reset"", ""write_mask_pngs"": ""true"", ""write_overlay_pngs"": ""false"", ""write_heatmap_pngs"": ""false"", ""backend"": ""cuda"", ""roi_margin"": 0.0}"
phase4__input_8__threshold=adaptive-gaussian-31--5,input_8,True,0.6380561034514005,0.7701931734351758,0.1270680718840725,0.7408768428413263,652.9358703410253,,"{""colorspace"": ""CIELAB"", ""channel_weights"": ""1,0,0"", ""darken_only"": true, ""peak_reference"": true, ""ref_mode"": [""first""], ""ref_running_alpha"": 0.05, ""dynamic_target_fraction"": 0.2, ""dynamic_lag_scale"": 1, ""pre_delta_blur"": ""none"", ""blur"": ""gaussian:9"", ""threshold"": ""adaptive-gaussian:31:-5"", ""threshold_offset"": -10, ""morph_kernel"": 21, ""morph_shape"": ""ellipse"", ""morph_close_iterations"": 1, ""morph_open_iterations"": 1, ""min_area"": 1600, ""lock_frames"": 10, ""camera_stable"": false, ""motion_model"": ""affine"", ""motion_per_frame_threshold"": 1.5, ""cumulative_motion_threshold"": 3, ""peak_on_shift"": ""reset"", ""write_mask_pngs"": ""true"", ""write_overlay_pngs"": ""false"", ""write_heatmap_pngs"": ""false"", ""backend"": ""cuda"", ""roi_margin"": 0.0}"
phase4__input_8__threshold=adaptive-gaussian-31-5,input_8,True,0.6008471242934561,0.7413196032308522,0.0,0.7408768428413263,649.5465747462586,,"{""colorspace"": ""CIELAB"", ""channel_weights"": ""1,0,0"", ""darken_only"": true, ""peak_reference"": true, ""ref_mode"": [""first""], ""ref_running_alpha"": 0.05, ""dynamic_target_fraction"": 0.2, ""dynamic_lag_scale"": 1, ""pre_delta_blur"": ""none"", ""blur"": ""gaussian:9"", ""threshold"": ""adaptive-gaussian:31:5"", ""threshold_offset"": -10, ""morph_kernel"": 21, ""morph_shape"": ""ellipse"", ""morph_close_iterations"": 1, ""morph_open_iterations"": 1, ""min_area"": 1600, ""lock_frames"": 10, ""camera_stable"": false, ""motion_model"": ""affine"", ""motion_per_frame_threshold"": 1.5, ""cumulative_motion_threshold"": 3, ""peak_on_shift"": ""reset"", ""write_mask_pngs"": ""true"", ""write_overlay_pngs"": ""false"", ""write_heatmap_pngs"": ""false"", ""backend"": ""cuda"", ""roi_margin"": 0.0}"
phase4__input_9__threshold=manual-90,input_9,True,0.9243027749381424,0.9605681725481532,0.41585863066191087,0.9563229480874339,836.2005020184442,,"{""colorspace"": ""CIELAB"", ""channel_weights"": ""1,0,0"", ""darken_only"": true, ""peak_reference"": true, ""ref_mode"": [""first""], ""ref_running_alpha"": 0.05, ""dynamic_target_fraction"": 0.2, ""dynamic_lag_scale"": 1, ""pre_delta_blur"": ""none"", ""blur"": ""gaussian:9"", ""threshold"": ""manual:90"", ""threshold_offset"": -30, ""morph_kernel"": 13, ""morph_shape"": ""ellipse"", ""morph_close_iterations"": 1, ""morph_open_iterations"": 1, ""min_area"": 400, ""lock_frames"": 0, ""camera_stable"": false, ""motion_model"": ""affine"", ""motion_per_frame_threshold"": 1.5, ""cumulative_motion_threshold"": 3, ""peak_on_shift"": ""reset"", ""write_mask_pngs"": ""true"", ""write_overlay_pngs"": ""false"", ""write_heatmap_pngs"": ""false"", ""backend"": ""cuda"", ""roi_margin"": 0.0}"
phase4__input_9__threshold=otsu__threshold_offset=-10,input_9,True,0.9247631496273556,0.9605792990547908,0.4398347487364919,0.9549239534679282,967.5080662770197,,"{""colorspace"": ""CIELAB"", ""channel_weights"": ""1,0,0"", ""darken_only"": true, ""peak_reference"": true, ""ref_mode"": [""first""], ""ref_running_alpha"": 0.05, ""dynamic_target_fraction"": 0.2, ""dynamic_lag_scale"": 1, ""pre_delta_blur"": ""none"", ""blur"": ""gaussian:9"", ""threshold"": ""otsu"", ""threshold_offset"": -10.0, ""morph_kernel"": 13, ""morph_shape"": ""ellipse"", ""morph_close_iterations"": 1, ""morph_open_iterations"": 1, ""min_area"": 400, ""lock_frames"": 0, ""camera_stable"": false, ""motion_model"": ""affine"", ""motion_per_frame_threshold"": 1.5, ""cumulative_motion_threshold"": 3, ""peak_on_shift"": ""reset"", ""write_mask_pngs"": ""true"", ""write_overlay_pngs"": ""false"", ""write_heatmap_pngs"": ""false"", ""backend"": ""cuda"", ""roi_margin"": 0.0}"
phase4__input_9__threshold=otsu__threshold_offset=-30,input_9,True,0.9475753271607339,0.9730429326605439,0.45174415175179944,0.952343911437368,974.4405203592032,,"{""colorspace"": ""CIELAB"", ""channel_weights"": ""1,0,0"", ""darken_only"": true, ""peak_reference"": true, ""ref_mode"": [""first""], ""ref_running_alpha"": 0.05, ""dynamic_target_fraction"": 0.2, ""dynamic_lag_scale"": 1, ""pre_delta_blur"": ""none"", ""blur"": ""gaussian:9"", ""threshold"": ""otsu"", ""threshold_offset"": -30.0, ""morph_kernel"": 13, ""morph_shape"": ""ellipse"", ""morph_close_iterations"": 1, ""morph_open_iterations"": 1, ""min_area"": 400, ""lock_frames"": 0, ""camera_stable"": false, ""motion_model"": ""affine"", ""motion_per_frame_threshold"": 1.5, ""cumulative_motion_threshold"": 3, ""peak_on_shift"": ""reset"", ""write_mask_pngs"": ""true"", ""write_overlay_pngs"": ""false"", ""write_heatmap_pngs"": ""false"", ""backend"": ""cuda"", ""roi_margin"": 0.0}"
phase4__input_9__threshold=triangle__threshold_offset=-20,input_9,True,0.6087682214375064,0.7500303158502708,0.000695249142683721,0.7420517452362916,959.3517865352333,,"{""colorspace"": ""CIELAB"", ""channel_weights"": ""1,0,0"", ""darken_only"": true, ""peak_reference"": true, ""ref_mode"": [""first""], ""ref_running_alpha"": 0.05, ""dynamic_target_fraction"": 0.2, ""dynamic_lag_scale"": 1, ""pre_delta_blur"": ""none"", ""blur"": ""gaussian:9"", ""threshold"": ""triangle"", ""threshold_offset"": -20.0, ""morph_kernel"": 13, ""morph_shape"": ""ellipse"", ""morph_close_iterations"": 1, ""morph_open_iterations"": 1, ""min_area"": 400, ""lock_frames"": 0, ""camera_stable"": false, ""motion_model"": ""affine"", ""motion_per_frame_threshold"": 1.5, ""cumulative_motion_threshold"": 3, ""peak_on_shift"": ""reset"", ""write_mask_pngs"": ""true"", ""write_overlay_pngs"": ""false"", ""write_heatmap_pngs"": ""false"", ""backend"": ""cuda"", ""roi_margin"": 0.0}"
phase4__input_9__threshold=manual-50,input_9,True,0.9427722315343023,0.9705004027612925,0.4043319898943823,0.9388861997182175,854.0881091216579,,"{""colorspace"": ""CIELAB"", ""channel_weights"": ""1,0,0"", ""darken_only"": true, ""peak_reference"": true, ""ref_mode"": [""first""], ""ref_running_alpha"": 0.05, ""dynamic_target_fraction"": 0.2, ""dynamic_lag_scale"": 1, ""pre_delta_blur"": ""none"", ""blur"": ""gaussian:9"", ""threshold"": ""manual:50"", ""threshold_offset"": -30, ""morph_kernel"": 13, ""morph_shape"": ""ellipse"", ""morph_close_iterations"": 1, ""morph_open_iterations"": 1, ""min_area"": 400, ""lock_frames"": 0, ""camera_stable"": false, ""motion_model"": ""affine"", ""motion_per_frame_threshold"": 1.5, ""cumulative_motion_threshold"": 3, ""peak_on_shift"": ""reset"", ""write_mask_pngs"": ""true"", ""write_overlay_pngs"": ""false"", ""write_heatmap_pngs"": ""false"", ""backend"": ""cuda"", ""roi_margin"": 0.0}"
phase4__input_9__threshold=otsu__threshold_offset=-50,input_9,True,0.8564118845744495,0.9153134147918596,0.26231151606652015,0.7907289789590766,985.2790720891207,,"{""colorspace"": ""CIELAB"", ""channel_weights"": ""1,0,0"", ""darken_only"": true, ""peak_reference"": true, ""ref_mode"": [""first""], ""ref_running_alpha"": 0.05, ""dynamic_target_fraction"": 0.2, ""dynamic_lag_scale"": 1, ""pre_delta_blur"": ""none"", ""blur"": ""gaussian:9"", ""threshold"": ""otsu"", ""threshold_offset"": -50.0, ""morph_kernel"": 13, ""morph_shape"": ""ellipse"", ""morph_close_iterations"": 1, ""morph_open_iterations"": 1, ""min_area"": 400, ""lock_frames"": 0, ""camera_stable"": false, ""motion_model"": ""affine"", ""motion_per_frame_threshold"": 1.5, ""cumulative_motion_threshold"": 3, ""peak_on_shift"": ""reset"", ""write_mask_pngs"": ""true"", ""write_overlay_pngs"": ""false"", ""write_heatmap_pngs"": ""false"", ""backend"": ""cuda"", ""roi_margin"": 0.0}"
phase4__input_9__threshold=otsu__threshold_offset=10,input_9,True,0.8387325725063915,0.9107038613409836,0.3364481565617801,0.9541362577363705,980.8886030241847,,"{""colorspace"": ""CIELAB"", ""channel_weights"": ""1,0,0"", ""darken_only"": true, ""peak_reference"": true, ""ref_mode"": [""first""], ""ref_running_alpha"": 0.05, ""dynamic_target_fraction"": 0.2, ""dynamic_lag_scale"": 1, ""pre_delta_blur"": ""none"", ""blur"": ""gaussian:9"", ""threshold"": ""otsu"", ""threshold_offset"": 10.0, ""morph_kernel"": 13, ""morph_shape"": ""ellipse"", ""morph_close_iterations"": 1, ""morph_open_iterations"": 1, ""min_area"": 400, ""lock_frames"": 0, ""camera_stable"": false, ""motion_model"": ""affine"", ""motion_per_frame_threshold"": 1.5, ""cumulative_motion_threshold"": 3, ""peak_on_shift"": ""reset"", ""write_mask_pngs"": ""true"", ""write_overlay_pngs"": ""false"", ""write_heatmap_pngs"": ""false"", ""backend"": ""cuda"", ""roi_margin"": 0.0}"
phase4__input_9__threshold=triangle__threshold_offset=0,input_9,True,0.9421424098295732,0.9701739715202731,0.3990798238938816,0.9351200633168404,971.2063947757706,,"{""colorspace"": ""CIELAB"", ""channel_weights"": ""1,0,0"", ""darken_only"": true, ""peak_reference"": true, ""ref_mode"": [""first""], ""ref_running_alpha"": 0.05, ""dynamic_target_fraction"": 0.2, ""dynamic_lag_scale"": 1, ""pre_delta_blur"": ""none"", ""blur"": ""gaussian:9"", ""threshold"": ""triangle"", ""threshold_offset"": 0.0, ""morph_kernel"": 13, ""morph_shape"": ""ellipse"", ""morph_close_iterations"": 1, ""morph_open_iterations"": 1, ""min_area"": 400, ""lock_frames"": 0, ""camera_stable"": false, ""motion_model"": ""affine"", ""motion_per_frame_threshold"": 1.5, ""cumulative_motion_threshold"": 3, ""peak_on_shift"": ""reset"", ""write_mask_pngs"": ""true"", ""write_overlay_pngs"": ""false"", ""write_heatmap_pngs"": ""false"", ""backend"": ""cuda"", ""roi_margin"": 0.0}"
phase4__input_9__threshold=manual-130,input_9,True,0.6418143192275327,0.7810876763069748,0.17299404043382996,0.9045268083407338,845.4698020294309,,"{""colorspace"": ""CIELAB"", ""channel_weights"": ""1,0,0"", ""darken_only"": true, ""peak_reference"": true, ""ref_mode"": [""first""], ""ref_running_alpha"": 0.05, ""dynamic_target_fraction"": 0.2, ""dynamic_lag_scale"": 1, ""pre_delta_blur"": ""none"", ""blur"": ""gaussian:9"", ""threshold"": ""manual:130"", ""threshold_offset"": -30, ""morph_kernel"": 13, ""morph_shape"": ""ellipse"", ""morph_close_iterations"": 1, ""morph_open_iterations"": 1, ""min_area"": 400, ""lock_frames"": 0, ""camera_stable"": false, ""motion_model"": ""affine"", ""motion_per_frame_threshold"": 1.5, ""cumulative_motion_threshold"": 3, ""peak_on_shift"": ""reset"", ""write_mask_pngs"": ""true"", ""write_overlay_pngs"": ""false"", ""write_heatmap_pngs"": ""false"", ""backend"": ""cuda"", ""roi_margin"": 0.0}"
phase4__input_9__threshold=triangle__threshold_offset=20,input_9,True,0.9489682023236696,0.9737772879820461,0.4603290049389976,0.9564815798219868,972.6456601163372,,"{""colorspace"": ""CIELAB"", ""channel_weights"": ""1,0,0"", ""darken_only"": true, ""peak_reference"": true, ""ref_mode"": [""first""], ""ref_running_alpha"": 0.05, ""dynamic_target_fraction"": 0.2, ""dynamic_lag_scale"": 1, ""pre_delta_blur"": ""none"", ""blur"": ""gaussian:9"", ""threshold"": ""triangle"", ""threshold_offset"": 20.0, ""morph_kernel"": 13, ""morph_shape"": ""ellipse"", ""morph_close_iterations"": 1, ""morph_open_iterations"": 1, ""min_area"": 400, ""lock_frames"": 0, ""camera_stable"": false, ""motion_model"": ""affine"", ""motion_per_frame_threshold"": 1.5, ""cumulative_motion_threshold"": 3, ""peak_on_shift"": ""reset"", ""write_mask_pngs"": ""true"", ""write_overlay_pngs"": ""false"", ""write_heatmap_pngs"": ""false"", ""backend"": ""cuda"", ""roi_margin"": 0.0}"
phase4__input_9__threshold=percentile-60,input_9,True,0.8623472408436763,0.924469040659613,0.3699799693154231,0.9476597430384981,887.41829556413,,"{""colorspace"": ""CIELAB"", ""channel_weights"": ""1,0,0"", ""darken_only"": true, ""peak_reference"": true, ""ref_mode"": [""first""], ""ref_running_alpha"": 0.05, ""dynamic_target_fraction"": 0.2, ""dynamic_lag_scale"": 1, ""pre_delta_blur"": ""none"", ""blur"": ""gaussian:9"", ""threshold"": ""percentile:60"", ""threshold_offset"": -30, ""morph_kernel"": 13, ""morph_shape"": ""ellipse"", ""morph_close_iterations"": 1, ""morph_open_iterations"": 1, ""min_area"": 400, ""lock_frames"": 0, ""camera_stable"": false, ""motion_model"": ""affine"", ""motion_per_frame_threshold"": 1.5, ""cumulative_motion_threshold"": 3, ""peak_on_shift"": ""reset"", ""write_mask_pngs"": ""true"", ""write_overlay_pngs"": ""false"", ""write_heatmap_pngs"": ""false"", ""backend"": ""cuda"", ""roi_margin"": 0.0}"
phase4__input_9__threshold=adaptive-mean-11-5,input_9,True,0.6041194423401899,0.7454862304037753,0.0,0.7420517452362916,727.3836327902973,,"{""colorspace"": ""CIELAB"", ""channel_weights"": ""1,0,0"", ""darken_only"": true, ""peak_reference"": true, ""ref_mode"": [""first""], ""ref_running_alpha"": 0.05, ""dynamic_target_fraction"": 0.2, ""dynamic_lag_scale"": 1, ""pre_delta_blur"": ""none"", ""blur"": ""gaussian:9"", ""threshold"": ""adaptive-mean:11:5"", ""threshold_offset"": -30, ""morph_kernel"": 13, ""morph_shape"": ""ellipse"", ""morph_close_iterations"": 1, ""morph_open_iterations"": 1, ""min_area"": 400, ""lock_frames"": 0, ""camera_stable"": false, ""motion_model"": ""affine"", ""motion_per_frame_threshold"": 1.5, ""cumulative_motion_threshold"": 3, ""peak_on_shift"": ""reset"", ""write_mask_pngs"": ""true"", ""write_overlay_pngs"": ""false"", ""write_heatmap_pngs"": ""false"", ""backend"": ""cuda"", ""roi_margin"": 0.0}"
phase4__input_9__threshold=adaptive-mean-11--5,input_9,True,0.10379391261612576,0.18692477239634203,0.16813179801105665,0.9404975029622774,754.0612069237977,,"{""colorspace"": ""CIELAB"", ""channel_weights"": ""1,0,0"", ""darken_only"": true, ""peak_reference"": true, ""ref_mode"": [""first""], ""ref_running_alpha"": 0.05, ""dynamic_target_fraction"": 0.2, ""dynamic_lag_scale"": 1, ""pre_delta_blur"": ""none"", ""blur"": ""gaussian:9"", ""threshold"": ""adaptive-mean:11:-5"", ""threshold_offset"": -30, ""morph_kernel"": 13, ""morph_shape"": ""ellipse"", ""morph_close_iterations"": 1, ""morph_open_iterations"": 1, ""min_area"": 400, ""lock_frames"": 0, ""camera_stable"": false, ""motion_model"": ""affine"", ""motion_per_frame_threshold"": 1.5, ""cumulative_motion_threshold"": 3, ""peak_on_shift"": ""reset"", ""write_mask_pngs"": ""true"", ""write_overlay_pngs"": ""false"", ""write_heatmap_pngs"": ""false"", ""backend"": ""cuda"", ""roi_margin"": 0.0}"
phase4__input_9__threshold=adaptive-mean-31--5,input_9,True,0.2281821635795011,0.37095908681845413,0.20732903275791287,0.9586232080504813,802.6489651463926,,"{""colorspace"": ""CIELAB"", ""channel_weights"": ""1,0,0"", ""darken_only"": true, ""peak_reference"": true, ""ref_mode"": [""first""], ""ref_running_alpha"": 0.05, ""dynamic_target_fraction"": 0.2, ""dynamic_lag_scale"": 1, ""pre_delta_blur"": ""none"", ""blur"": ""gaussian:9"", ""threshold"": ""adaptive-mean:31:-5"", ""threshold_offset"": -30, ""morph_kernel"": 13, ""morph_shape"": ""ellipse"", ""morph_close_iterations"": 1, ""morph_open_iterations"": 1, ""min_area"": 400, ""lock_frames"": 0, ""camera_stable"": false, ""motion_model"": ""affine"", ""motion_per_frame_threshold"": 1.5, ""cumulative_motion_threshold"": 3, ""peak_on_shift"": ""reset"", ""write_mask_pngs"": ""true"", ""write_overlay_pngs"": ""false"", ""write_heatmap_pngs"": ""false"", ""backend"": ""cuda"", ""roi_margin"": 0.0}"
phase4__input_9__threshold=percentile-80,input_9,True,0.7308171657048403,0.8413723317401292,0.2340552031463993,0.9471651048197162,890.1047271220013,,"{""colorspace"": ""CIELAB"", ""channel_weights"": ""1,0,0"", ""darken_only"": true, ""peak_reference"": true, ""ref_mode"": [""first""], ""ref_running_alpha"": 0.05, ""dynamic_target_fraction"": 0.2, ""dynamic_lag_scale"": 1, ""pre_delta_blur"": ""none"", ""blur"": ""gaussian:9"", ""threshold"": ""percentile:80"", ""threshold_offset"": -30, ""morph_kernel"": 13, ""morph_shape"": ""ellipse"", ""morph_close_iterations"": 1, ""morph_open_iterations"": 1, ""min_area"": 400, ""lock_frames"": 0, ""camera_stable"": false, ""motion_model"": ""affine"", ""motion_per_frame_threshold"": 1.5, ""cumulative_motion_threshold"": 3, ""peak_on_shift"": ""reset"", ""write_mask_pngs"": ""true"", ""write_overlay_pngs"": ""false"", ""write_heatmap_pngs"": ""false"", ""backend"": ""cuda"", ""roi_margin"": 0.0}"
phase4__input_9__threshold=percentile-95,input_9,True,0.4167697675940277,0.5814218438921056,0.10484651244244177,0.8012520037740494,904.4485828503966,,"{""colorspace"": ""CIELAB"", ""channel_weights"": ""1,0,0"", ""darken_only"": true, ""peak_reference"": true, ""ref_mode"": [""first""], ""ref_running_alpha"": 0.05, ""dynamic_target_fraction"": 0.2, ""dynamic_lag_scale"": 1, ""pre_delta_blur"": ""none"", ""blur"": ""gaussian:9"", ""threshold"": ""percentile:95"", ""threshold_offset"": -30, ""morph_kernel"": 13, ""morph_shape"": ""ellipse"", ""morph_close_iterations"": 1, ""morph_open_iterations"": 1, ""min_area"": 400, ""lock_frames"": 0, ""camera_stable"": false, ""motion_model"": ""affine"", ""motion_per_frame_threshold"": 1.5, ""cumulative_motion_threshold"": 3, ""peak_on_shift"": ""reset"", ""write_mask_pngs"": ""true"", ""write_overlay_pngs"": ""false"", ""write_heatmap_pngs"": ""false"", ""backend"": ""cuda"", ""roi_margin"": 0.0}"
phase4__input_9__threshold=adaptive-gaussian-11--5,input_9,True,0.01392258627855925,0.027437444105337418,0.10465859118102876,0.545403505212416,727.5770382350311,,"{""colorspace"": ""CIELAB"", ""channel_weights"": ""1,0,0"", ""darken_only"": true, ""peak_reference"": true, ""ref_mode"": [""first""], ""ref_running_alpha"": 0.05, ""dynamic_target_fraction"": 0.2, ""dynamic_lag_scale"": 1, ""pre_delta_blur"": ""none"", ""blur"": ""gaussian:9"", ""threshold"": ""adaptive-gaussian:11:-5"", ""threshold_offset"": -30, ""morph_kernel"": 13, ""morph_shape"": ""ellipse"", ""morph_close_iterations"": 1, ""morph_open_iterations"": 1, ""min_area"": 400, ""lock_frames"": 0, ""camera_stable"": false, ""motion_model"": ""affine"", ""motion_per_frame_threshold"": 1.5, ""cumulative_motion_threshold"": 3, ""peak_on_shift"": ""reset"", ""write_mask_pngs"": ""true"", ""write_overlay_pngs"": ""false"", ""write_heatmap_pngs"": ""false"", ""backend"": ""cuda"", ""roi_margin"": 0.0}"
phase4__input_9__threshold=adaptive-mean-31-5,input_9,True,0.6044398726405944,0.7442137479409515,0.25553643393047726,0.7420517452362916,732.6445892769843,,"{""colorspace"": ""CIELAB"", ""channel_weights"": ""1,0,0"", ""darken_only"": true, ""peak_reference"": true, ""ref_mode"": [""first""], ""ref_running_alpha"": 0.05, ""dynamic_target_fraction"": 0.2, ""dynamic_lag_scale"": 1, ""pre_delta_blur"": ""none"", ""blur"": ""gaussian:9"", ""threshold"": ""adaptive-mean:31:5"", ""threshold_offset"": -30, ""morph_kernel"": 13, ""morph_shape"": ""ellipse"", ""morph_close_iterations"": 1, ""morph_open_iterations"": 1, ""min_area"": 400, ""lock_frames"": 0, ""camera_stable"": false, ""motion_model"": ""affine"", ""motion_per_frame_threshold"": 1.5, ""cumulative_motion_threshold"": 3, ""peak_on_shift"": ""reset"", ""write_mask_pngs"": ""true"", ""write_overlay_pngs"": ""false"", ""write_heatmap_pngs"": ""false"", ""backend"": ""cuda"", ""roi_margin"": 0.0}"
phase4__input_9__threshold=adaptive-gaussian-11-5,input_9,True,0.6042731338500087,0.7455929532840629,0.0,0.7420517452362916,724.5682363724336,,"{""colorspace"": ""CIELAB"", ""channel_weights"": ""1,0,0"", ""darken_only"": true, ""peak_reference"": true, ""ref_mode"": [""first""], ""ref_running_alpha"": 0.05, ""dynamic_target_fraction"": 0.2, ""dynamic_lag_scale"": 1, ""pre_delta_blur"": ""none"", ""blur"": ""gaussian:9"", ""threshold"": ""adaptive-gaussian:11:5"", ""threshold_offset"": -30, ""morph_kernel"": 13, ""morph_shape"": ""ellipse"", ""morph_close_iterations"": 1, ""morph_open_iterations"": 1, ""min_area"": 400, ""lock_frames"": 0, ""camera_stable"": false, ""motion_model"": ""affine"", ""motion_per_frame_threshold"": 1.5, ""cumulative_motion_threshold"": 3, ""peak_on_shift"": ""reset"", ""write_mask_pngs"": ""true"", ""write_overlay_pngs"": ""false"", ""write_heatmap_pngs"": ""false"", ""backend"": ""cuda"", ""roi_margin"": 0.0}"
phase4__input_9__threshold=adaptive-gaussian-31-5,input_9,True,0.6014197720282404,0.743403528499363,0.05039196378385034,0.7420517452362916,736.6865679360926,,"{""colorspace"": ""CIELAB"", ""channel_weights"": ""1,0,0"", ""darken_only"": true, ""peak_reference"": true, ""ref_mode"": [""first""], ""ref_running_alpha"": 0.05, ""dynamic_target_fraction"": 0.2, ""dynamic_lag_scale"": 1, ""pre_delta_blur"": ""none"", ""blur"": ""gaussian:9"", ""threshold"": ""adaptive-gaussian:31:5"", ""threshold_offset"": -30, ""morph_kernel"": 13, ""morph_shape"": ""ellipse"", ""morph_close_iterations"": 1, ""morph_open_iterations"": 1, ""min_area"": 400, ""lock_frames"": 0, ""camera_stable"": false, ""motion_model"": ""affine"", ""motion_per_frame_threshold"": 1.5, ""cumulative_motion_threshold"": 3, ""peak_on_shift"": ""reset"", ""write_mask_pngs"": ""true"", ""write_overlay_pngs"": ""false"", ""write_heatmap_pngs"": ""false"", ""backend"": ""cuda"", ""roi_margin"": 0.0}"
phase4__input_10__threshold=otsu__threshold_offset=-50,input_10,True,0.9198016985007819,0.9581988439796415,0.33489060771291757,0.8287131640368965,750.0063569108024,,"{""colorspace"": ""CIELAB"", ""channel_weights"": ""1,0,0"", ""darken_only"": true, ""peak_reference"": true, ""ref_mode"": [""first""], ""ref_running_alpha"": 0.05, ""dynamic_target_fraction"": 0.2, ""dynamic_lag_scale"": 1, ""pre_delta_blur"": ""none"", ""blur"": ""gaussian:9"", ""threshold"": ""otsu"", ""threshold_offset"": -50.0, ""morph_kernel"": 21, ""morph_shape"": ""ellipse"", ""morph_close_iterations"": 1, ""morph_open_iterations"": 1, ""min_area"": 100, ""lock_frames"": 0, ""camera_stable"": false, ""motion_model"": ""affine"", ""motion_per_frame_threshold"": 1.5, ""cumulative_motion_threshold"": 3, ""peak_on_shift"": ""reset"", ""write_mask_pngs"": ""true"", ""write_overlay_pngs"": ""false"", ""write_heatmap_pngs"": ""false"", ""backend"": ""cuda"", ""roi_margin"": 0.0}"
phase4__input_10__threshold=otsu__threshold_offset=-30,input_10,True,0.9488636568046317,0.9737463695726287,0.466626231906592,0.9367327387160458,747.1381608098745,,"{""colorspace"": ""CIELAB"", ""channel_weights"": ""1,0,0"", ""darken_only"": true, ""peak_reference"": true, ""ref_mode"": [""first""], ""ref_running_alpha"": 0.05, ""dynamic_target_fraction"": 0.2, ""dynamic_lag_scale"": 1, ""pre_delta_blur"": ""none"", ""blur"": ""gaussian:9"", ""threshold"": ""otsu"", ""threshold_offset"": -30.0, ""morph_kernel"": 21, ""morph_shape"": ""ellipse"", ""morph_close_iterations"": 1, ""morph_open_iterations"": 1, ""min_area"": 100, ""lock_frames"": 0, ""camera_stable"": false, ""motion_model"": ""affine"", ""motion_per_frame_threshold"": 1.5, ""cumulative_motion_threshold"": 3, ""peak_on_shift"": ""reset"", ""write_mask_pngs"": ""true"", ""write_overlay_pngs"": ""false"", ""write_heatmap_pngs"": ""false"", ""backend"": ""cuda"", ""roi_margin"": 0.0}"
phase4__input_10__threshold=otsu__threshold_offset=-10,input_10,True,0.9393431568089013,0.9686533495518498,0.414311322449311,0.9429378778165131,745.6944966996089,,"{""colorspace"": ""CIELAB"", ""channel_weights"": ""1,0,0"", ""darken_only"": true, ""peak_reference"": true, ""ref_mode"": [""first""], ""ref_running_alpha"": 0.05, ""dynamic_target_fraction"": 0.2, ""dynamic_lag_scale"": 1, ""pre_delta_blur"": ""none"", ""blur"": ""gaussian:9"", ""threshold"": ""otsu"", ""threshold_offset"": -10.0, ""morph_kernel"": 21, ""morph_shape"": ""ellipse"", ""morph_close_iterations"": 1, ""morph_open_iterations"": 1, ""min_area"": 100, ""lock_frames"": 0, ""camera_stable"": false, ""motion_model"": ""affine"", ""motion_per_frame_threshold"": 1.5, ""cumulative_motion_threshold"": 3, ""peak_on_shift"": ""reset"", ""write_mask_pngs"": ""true"", ""write_overlay_pngs"": ""false"", ""write_heatmap_pngs"": ""false"", ""backend"": ""cuda"", ""roi_margin"": 0.0}"
phase4__input_9__threshold=adaptive-gaussian-31--5,input_9,True,0.1347799719238953,0.23605539931224567,0.17428997690506715,0.9403074686925091,768.6760690435767,,"{""colorspace"": ""CIELAB"", ""channel_weights"": ""1,0,0"", ""darken_only"": true, ""peak_reference"": true, ""ref_mode"": [""first""], ""ref_running_alpha"": 0.05, ""dynamic_target_fraction"": 0.2, ""dynamic_lag_scale"": 1, ""pre_delta_blur"": ""none"", ""blur"": ""gaussian:9"", ""threshold"": ""adaptive-gaussian:31:-5"", ""threshold_offset"": -30, ""morph_kernel"": 13, ""morph_shape"": ""ellipse"", ""morph_close_iterations"": 1, ""morph_open_iterations"": 1, ""min_area"": 400, ""lock_frames"": 0, ""camera_stable"": false, ""motion_model"": ""affine"", ""motion_per_frame_threshold"": 1.5, ""cumulative_motion_threshold"": 3, ""peak_on_shift"": ""reset"", ""write_mask_pngs"": ""true"", ""write_overlay_pngs"": ""false"", ""write_heatmap_pngs"": ""false"", ""backend"": ""cuda"", ""roi_margin"": 0.0}"
phase4__input_10__threshold=otsu__threshold_offset=10,input_10,True,0.8648047563120072,0.9262451830699554,0.2856443635627877,0.9344637504518527,749.9293910302222,,"{""colorspace"": ""CIELAB"", ""channel_weights"": ""1,0,0"", ""darken_only"": true, ""peak_reference"": true, ""ref_mode"": [""first""], ""ref_running_alpha"": 0.05, ""dynamic_target_fraction"": 0.2, ""dynamic_lag_scale"": 1, ""pre_delta_blur"": ""none"", ""blur"": ""gaussian:9"", ""threshold"": ""otsu"", ""threshold_offset"": 10.0, ""morph_kernel"": 21, ""morph_shape"": ""ellipse"", ""morph_close_iterations"": 1, ""morph_open_iterations"": 1, ""min_area"": 100, ""lock_frames"": 0, ""camera_stable"": false, ""motion_model"": ""affine"", ""motion_per_frame_threshold"": 1.5, ""cumulative_motion_threshold"": 3, ""peak_on_shift"": ""reset"", ""write_mask_pngs"": ""true"", ""write_overlay_pngs"": ""false"", ""write_heatmap_pngs"": ""false"", ""backend"": ""cuda"", ""roi_margin"": 0.0}"
phase4__input_10__threshold=triangle__threshold_offset=-20,input_10,True,0.6056279500029136,0.7439561929211009,0.0,0.7713492803449682,727.3135230904445,,"{""colorspace"": ""CIELAB"", ""channel_weights"": ""1,0,0"", ""darken_only"": true, ""peak_reference"": true, ""ref_mode"": [""first""], ""ref_running_alpha"": 0.05, ""dynamic_target_fraction"": 0.2, ""dynamic_lag_scale"": 1, ""pre_delta_blur"": ""none"", ""blur"": ""gaussian:9"", ""threshold"": ""triangle"", ""threshold_offset"": -20.0, ""morph_kernel"": 21, ""morph_shape"": ""ellipse"", ""morph_close_iterations"": 1, ""morph_open_iterations"": 1, ""min_area"": 100, ""lock_frames"": 0, ""camera_stable"": false, ""motion_model"": ""affine"", ""motion_per_frame_threshold"": 1.5, ""cumulative_motion_threshold"": 3, ""peak_on_shift"": ""reset"", ""write_mask_pngs"": ""true"", ""write_overlay_pngs"": ""false"", ""write_heatmap_pngs"": ""false"", ""backend"": ""cuda"", ""roi_margin"": 0.0}"
phase4__input_10__threshold=triangle__threshold_offset=0,input_10,True,0.9185558633763318,0.9574727052634083,0.3350422278227442,0.9225535828988868,735.8030549511313,,"{""colorspace"": ""CIELAB"", ""channel_weights"": ""1,0,0"", ""darken_only"": true, ""peak_reference"": true, ""ref_mode"": [""first""], ""ref_running_alpha"": 0.05, ""dynamic_target_fraction"": 0.2, ""dynamic_lag_scale"": 1, ""pre_delta_blur"": ""none"", ""blur"": ""gaussian:9"", ""threshold"": ""triangle"", ""threshold_offset"": 0.0, ""morph_kernel"": 21, ""morph_shape"": ""ellipse"", ""morph_close_iterations"": 1, ""morph_open_iterations"": 1, ""min_area"": 100, ""lock_frames"": 0, ""camera_stable"": false, ""motion_model"": ""affine"", ""motion_per_frame_threshold"": 1.5, ""cumulative_motion_threshold"": 3, ""peak_on_shift"": ""reset"", ""write_mask_pngs"": ""true"", ""write_overlay_pngs"": ""false"", ""write_heatmap_pngs"": ""false"", ""backend"": ""cuda"", ""roi_margin"": 0.0}"
phase4__input_10__threshold=manual-50,input_10,True,0.9285023987958818,0.962849108423826,0.3676873718916676,0.9258807358557528,644.7044640602544,,"{""colorspace"": ""CIELAB"", ""channel_weights"": ""1,0,0"", ""darken_only"": true, ""peak_reference"": true, ""ref_mode"": [""first""], ""ref_running_alpha"": 0.05, ""dynamic_target_fraction"": 0.2, ""dynamic_lag_scale"": 1, ""pre_delta_blur"": ""none"", ""blur"": ""gaussian:9"", ""threshold"": ""manual:50"", ""threshold_offset"": -30, ""morph_kernel"": 21, ""morph_shape"": ""ellipse"", ""morph_close_iterations"": 1, ""morph_open_iterations"": 1, ""min_area"": 100, ""lock_frames"": 0, ""camera_stable"": false, ""motion_model"": ""affine"", ""motion_per_frame_threshold"": 1.5, ""cumulative_motion_threshold"": 3, ""peak_on_shift"": ""reset"", ""write_mask_pngs"": ""true"", ""write_overlay_pngs"": ""false"", ""write_heatmap_pngs"": ""false"", ""backend"": ""cuda"", ""roi_margin"": 0.0}"
phase4__input_10__threshold=triangle__threshold_offset=20,input_10,True,0.9477006390413178,0.9731221185108764,0.4612921468949057,0.9379474778991531,723.4288914520293,,"{""colorspace"": ""CIELAB"", ""channel_weights"": ""1,0,0"", ""darken_only"": true, ""peak_reference"": true, ""ref_mode"": [""first""], ""ref_running_alpha"": 0.05, ""dynamic_target_fraction"": 0.2, ""dynamic_lag_scale"": 1, ""pre_delta_blur"": ""none"", ""blur"": ""gaussian:9"", ""threshold"": ""triangle"", ""threshold_offset"": 20.0, ""morph_kernel"": 21, ""morph_shape"": ""ellipse"", ""morph_close_iterations"": 1, ""morph_open_iterations"": 1, ""min_area"": 100, ""lock_frames"": 0, ""camera_stable"": false, ""motion_model"": ""affine"", ""motion_per_frame_threshold"": 1.5, ""cumulative_motion_threshold"": 3, ""peak_on_shift"": ""reset"", ""write_mask_pngs"": ""true"", ""write_overlay_pngs"": ""false"", ""write_heatmap_pngs"": ""false"", ""backend"": ""cuda"", ""roi_margin"": 0.0}"
phase4__input_10__threshold=manual-90,input_10,True,0.9405273460147832,0.9693240455636272,0.4196008009174335,0.9369551785770136,641.8386963540688,,"{""colorspace"": ""CIELAB"", ""channel_weights"": ""1,0,0"", ""darken_only"": true, ""peak_reference"": true, ""ref_mode"": [""first""], ""ref_running_alpha"": 0.05, ""dynamic_target_fraction"": 0.2, ""dynamic_lag_scale"": 1, ""pre_delta_blur"": ""none"", ""blur"": ""gaussian:9"", ""threshold"": ""manual:90"", ""threshold_offset"": -30, ""morph_kernel"": 21, ""morph_shape"": ""ellipse"", ""morph_close_iterations"": 1, ""morph_open_iterations"": 1, ""min_area"": 100, ""lock_frames"": 0, ""camera_stable"": false, ""motion_model"": ""affine"", ""motion_per_frame_threshold"": 1.5, ""cumulative_motion_threshold"": 3, ""peak_on_shift"": ""reset"", ""write_mask_pngs"": ""true"", ""write_overlay_pngs"": ""false"", ""write_heatmap_pngs"": ""false"", ""backend"": ""cuda"", ""roi_margin"": 0.0}"
phase4__input_10__threshold=manual-130,input_10,True,0.7054260209293957,0.8250233159058761,0.1767802612590303,0.8170970401081572,641.931995970197,,"{""colorspace"": ""CIELAB"", ""channel_weights"": ""1,0,0"", ""darken_only"": true, ""peak_reference"": true, ""ref_mode"": [""first""], ""ref_running_alpha"": 0.05, ""dynamic_target_fraction"": 0.2, ""dynamic_lag_scale"": 1, ""pre_delta_blur"": ""none"", ""blur"": ""gaussian:9"", ""threshold"": ""manual:130"", ""threshold_offset"": -30, ""morph_kernel"": 21, ""morph_shape"": ""ellipse"", ""morph_close_iterations"": 1, ""morph_open_iterations"": 1, ""min_area"": 100, ""lock_frames"": 0, ""camera_stable"": false, ""motion_model"": ""affine"", ""motion_per_frame_threshold"": 1.5, ""cumulative_motion_threshold"": 3, ""peak_on_shift"": ""reset"", ""write_mask_pngs"": ""true"", ""write_overlay_pngs"": ""false"", ""write_heatmap_pngs"": ""false"", ""backend"": ""cuda"", ""roi_margin"": 0.0}"
phase4__input_10__threshold=percentile-60,input_10,True,0.7800221589976963,0.8588078495328457,0.2057108206344116,0.8504491644780071,681.4014962743968,,"{""colorspace"": ""CIELAB"", ""channel_weights"": ""1,0,0"", ""darken_only"": true, ""peak_reference"": true, ""ref_mode"": [""first""], ""ref_running_alpha"": 0.05, ""dynamic_target_fraction"": 0.2, ""dynamic_lag_scale"": 1, ""pre_delta_blur"": ""none"", ""blur"": ""gaussian:9"", ""threshold"": ""percentile:60"", ""threshold_offset"": -30, ""morph_kernel"": 21, ""morph_shape"": ""ellipse"", ""morph_close_iterations"": 1, ""morph_open_iterations"": 1, ""min_area"": 100, ""lock_frames"": 0, ""camera_stable"": false, ""motion_model"": ""affine"", ""motion_per_frame_threshold"": 1.5, ""cumulative_motion_threshold"": 3, ""peak_on_shift"": ""reset"", ""write_mask_pngs"": ""true"", ""write_overlay_pngs"": ""false"", ""write_heatmap_pngs"": ""false"", ""backend"": ""cuda"", ""roi_margin"": 0.0}"
phase4__input_10__threshold=adaptive-mean-11-5,input_10,True,0.6056279500029136,0.7439561929211009,0.0,0.7713492803449682,545.6088010892272,,"{""colorspace"": ""CIELAB"", ""channel_weights"": ""1,0,0"", ""darken_only"": true, ""peak_reference"": true, ""ref_mode"": [""first""], ""ref_running_alpha"": 0.05, ""dynamic_target_fraction"": 0.2, ""dynamic_lag_scale"": 1, ""pre_delta_blur"": ""none"", ""blur"": ""gaussian:9"", ""threshold"": ""adaptive-mean:11:5"", ""threshold_offset"": -30, ""morph_kernel"": 21, ""morph_shape"": ""ellipse"", ""morph_close_iterations"": 1, ""morph_open_iterations"": 1, ""min_area"": 100, ""lock_frames"": 0, ""camera_stable"": false, ""motion_model"": ""affine"", ""motion_per_frame_threshold"": 1.5, ""cumulative_motion_threshold"": 3, ""peak_on_shift"": ""reset"", ""write_mask_pngs"": ""true"", ""write_overlay_pngs"": ""false"", ""write_heatmap_pngs"": ""false"", ""backend"": ""cuda"", ""roi_margin"": 0.0}"
phase4__input_10__threshold=adaptive-mean-11--5,input_10,True,0.3260568435616381,0.4909296626405878,0.19230762761445422,0.9376198525938282,581.8129067011178,,"{""colorspace"": ""CIELAB"", ""channel_weights"": ""1,0,0"", ""darken_only"": true, ""peak_reference"": true, ""ref_mode"": [""first""], ""ref_running_alpha"": 0.05, ""dynamic_target_fraction"": 0.2, ""dynamic_lag_scale"": 1, ""pre_delta_blur"": ""none"", ""blur"": ""gaussian:9"", ""threshold"": ""adaptive-mean:11:-5"", ""threshold_offset"": -30, ""morph_kernel"": 21, ""morph_shape"": ""ellipse"", ""morph_close_iterations"": 1, ""morph_open_iterations"": 1, ""min_area"": 100, ""lock_frames"": 0, ""camera_stable"": false, ""motion_model"": ""affine"", ""motion_per_frame_threshold"": 1.5, ""cumulative_motion_threshold"": 3, ""peak_on_shift"": ""reset"", ""write_mask_pngs"": ""true"", ""write_overlay_pngs"": ""false"", ""write_heatmap_pngs"": ""false"", ""backend"": ""cuda"", ""roi_margin"": 0.0}"
phase4__input_10__threshold=adaptive-mean-31-5,input_10,True,0.6121735665823425,0.7485272741745609,0.08520356493800998,0.7713492803449682,557.7242957856506,,"{""colorspace"": ""CIELAB"", ""channel_weights"": ""1,0,0"", ""darken_only"": true, ""peak_reference"": true, ""ref_mode"": [""first""], ""ref_running_alpha"": 0.05, ""dynamic_target_fraction"": 0.2, ""dynamic_lag_scale"": 1, ""pre_delta_blur"": ""none"", ""blur"": ""gaussian:9"", ""threshold"": ""adaptive-mean:31:5"", ""threshold_offset"": -30, ""morph_kernel"": 21, ""morph_shape"": ""ellipse"", ""morph_close_iterations"": 1, ""morph_open_iterations"": 1, ""min_area"": 100, ""lock_frames"": 0, ""camera_stable"": false, ""motion_model"": ""affine"", ""motion_per_frame_threshold"": 1.5, ""cumulative_motion_threshold"": 3, ""peak_on_shift"": ""reset"", ""write_mask_pngs"": ""true"", ""write_overlay_pngs"": ""false"", ""write_heatmap_pngs"": ""false"", ""backend"": ""cuda"", ""roi_margin"": 0.0}"
phase4__input_10__threshold=adaptive-gaussian-11-5,input_10,True,0.6056279500029136,0.7439561929211009,0.0,0.7713492803449682,555.5484632067382,,"{""colorspace"": ""CIELAB"", ""channel_weights"": ""1,0,0"", ""darken_only"": true, ""peak_reference"": true, ""ref_mode"": [""first""], ""ref_running_alpha"": 0.05, ""dynamic_target_fraction"": 0.2, ""dynamic_lag_scale"": 1, ""pre_delta_blur"": ""none"", ""blur"": ""gaussian:9"", ""threshold"": ""adaptive-gaussian:11:5"", ""threshold_offset"": -30, ""morph_kernel"": 21, ""morph_shape"": ""ellipse"", ""morph_close_iterations"": 1, ""morph_open_iterations"": 1, ""min_area"": 100, ""lock_frames"": 0, ""camera_stable"": false, ""motion_model"": ""affine"", ""motion_per_frame_threshold"": 1.5, ""cumulative_motion_threshold"": 3, ""peak_on_shift"": ""reset"", ""write_mask_pngs"": ""true"", ""write_overlay_pngs"": ""false"", ""write_heatmap_pngs"": ""false"", ""backend"": ""cuda"", ""roi_margin"": 0.0}"
phase4__input_10__threshold=adaptive-gaussian-11--5,input_10,True,0.10107385987930914,0.18228349912882286,0.14408429378736692,0.8595897309287102,570.3669559564441,,"{""colorspace"": ""CIELAB"", ""channel_weights"": ""1,0,0"", ""darken_only"": true, ""peak_reference"": true, ""ref_mode"": [""first""], ""ref_running_alpha"": 0.05, ""dynamic_target_fraction"": 0.2, ""dynamic_lag_scale"": 1, ""pre_delta_blur"": ""none"", ""blur"": ""gaussian:9"", ""threshold"": ""adaptive-gaussian:11:-5"", ""threshold_offset"": -30, ""morph_kernel"": 21, ""morph_shape"": ""ellipse"", ""morph_close_iterations"": 1, ""morph_open_iterations"": 1, ""min_area"": 100, ""lock_frames"": 0, ""camera_stable"": false, ""motion_model"": ""affine"", ""motion_per_frame_threshold"": 1.5, ""cumulative_motion_threshold"": 3, ""peak_on_shift"": ""reset"", ""write_mask_pngs"": ""true"", ""write_overlay_pngs"": ""false"", ""write_heatmap_pngs"": ""false"", ""backend"": ""cuda"", ""roi_margin"": 0.0}"
phase4__input_10__threshold=adaptive-mean-31--5,input_10,True,0.48378921397894603,0.6500670357657098,0.18975319445682998,0.8867350699854948,586.3490491034463,,"{""colorspace"": ""CIELAB"", ""channel_weights"": ""1,0,0"", ""darken_only"": true, ""peak_reference"": true, ""ref_mode"": [""first""], ""ref_running_alpha"": 0.05, ""dynamic_target_fraction"": 0.2, ""dynamic_lag_scale"": 1, ""pre_delta_blur"": ""none"", ""blur"": ""gaussian:9"", ""threshold"": ""adaptive-mean:31:-5"", ""threshold_offset"": -30, ""morph_kernel"": 21, ""morph_shape"": ""ellipse"", ""morph_close_iterations"": 1, ""morph_open_iterations"": 1, ""min_area"": 100, ""lock_frames"": 0, ""camera_stable"": false, ""motion_model"": ""affine"", ""motion_per_frame_threshold"": 1.5, ""cumulative_motion_threshold"": 3, ""peak_on_shift"": ""reset"", ""write_mask_pngs"": ""true"", ""write_overlay_pngs"": ""false"", ""write_heatmap_pngs"": ""false"", ""backend"": ""cuda"", ""roi_margin"": 0.0}"
phase4__input_10__threshold=adaptive-gaussian-31-5,input_10,True,0.6056279500029136,0.7439561929211009,0.0,0.7713492803449682,566.4555415920913,,"{""colorspace"": ""CIELAB"", ""channel_weights"": ""1,0,0"", ""darken_only"": true, ""peak_reference"": true, ""ref_mode"": [""first""], ""ref_running_alpha"": 0.05, ""dynamic_target_fraction"": 0.2, ""dynamic_lag_scale"": 1, ""pre_delta_blur"": ""none"", ""blur"": ""gaussian:9"", ""threshold"": ""adaptive-gaussian:31:5"", ""threshold_offset"": -30, ""morph_kernel"": 21, ""morph_shape"": ""ellipse"", ""morph_close_iterations"": 1, ""morph_open_iterations"": 1, ""min_area"": 100, ""lock_frames"": 0, ""camera_stable"": false, ""motion_model"": ""affine"", ""motion_per_frame_threshold"": 1.5, ""cumulative_motion_threshold"": 3, ""peak_on_shift"": ""reset"", ""write_mask_pngs"": ""true"", ""write_overlay_pngs"": ""false"", ""write_heatmap_pngs"": ""false"", ""backend"": ""cuda"", ""roi_margin"": 0.0}"
phase4__input_10__threshold=adaptive-gaussian-31--5,input_10,True,0.4023631774246782,0.5723447408721442,0.18279955958868738,0.9265813618502048,597.4708933616057,,"{""colorspace"": ""CIELAB"", ""channel_weights"": ""1,0,0"", ""darken_only"": true, ""peak_reference"": true, ""ref_mode"": [""first""], ""ref_running_alpha"": 0.05, ""dynamic_target_fraction"": 0.2, ""dynamic_lag_scale"": 1, ""pre_delta_blur"": ""none"", ""blur"": ""gaussian:9"", ""threshold"": ""adaptive-gaussian:31:-5"", ""threshold_offset"": -30, ""morph_kernel"": 21, ""morph_shape"": ""ellipse"", ""morph_close_iterations"": 1, ""morph_open_iterations"": 1, ""min_area"": 100, ""lock_frames"": 0, ""camera_stable"": false, ""motion_model"": ""affine"", ""motion_per_frame_threshold"": 1.5, ""cumulative_motion_threshold"": 3, ""peak_on_shift"": ""reset"", ""write_mask_pngs"": ""true"", ""write_overlay_pngs"": ""false"", ""write_heatmap_pngs"": ""false"", ""backend"": ""cuda"", ""roi_margin"": 0.0}"
phase4__input_10__threshold=percentile-95,input_10,True,0.4318392078365867,0.584845329080655,0.10465497733505875,0.7562258348036417,659.1578094996512,,"{""colorspace"": ""CIELAB"", ""channel_weights"": ""1,0,0"", ""darken_only"": true, ""peak_reference"": true, ""ref_mode"": [""first""], ""ref_running_alpha"": 0.05, ""dynamic_target_fraction"": 0.2, ""dynamic_lag_scale"": 1, ""pre_delta_blur"": ""none"", ""blur"": ""gaussian:9"", ""threshold"": ""percentile:95"", ""threshold_offset"": -30, ""morph_kernel"": 21, ""morph_shape"": ""ellipse"", ""morph_close_iterations"": 1, ""morph_open_iterations"": 1, ""min_area"": 100, ""lock_frames"": 0, ""camera_stable"": false, ""motion_model"": ""affine"", ""motion_per_frame_threshold"": 1.5, ""cumulative_motion_threshold"": 3, ""peak_on_shift"": ""reset"", ""write_mask_pngs"": ""true"", ""write_overlay_pngs"": ""false"", ""write_heatmap_pngs"": ""false"", ""backend"": ""cuda"", ""roi_margin"": 0.0}"
phase4__input_10__threshold=percentile-80,input_10,True,0.6799263829370169,0.8000384374625685,0.1929096496173111,0.7912583661880933,687.9569054124877,,"{""colorspace"": ""CIELAB"", ""channel_weights"": ""1,0,0"", ""darken_only"": true, ""peak_reference"": true, ""ref_mode"": [""first""], ""ref_running_alpha"": 0.05, ""dynamic_target_fraction"": 0.2, ""dynamic_lag_scale"": 1, ""pre_delta_blur"": ""none"", ""blur"": ""gaussian:9"", ""threshold"": ""percentile:80"", ""threshold_offset"": -30, ""morph_kernel"": 21, ""morph_shape"": ""ellipse"", ""morph_close_iterations"": 1, ""morph_open_iterations"": 1, ""min_area"": 100, ""lock_frames"": 0, ""camera_stable"": false, ""motion_model"": ""affine"", ""motion_per_frame_threshold"": 1.5, ""cumulative_motion_threshold"": 3, ""peak_on_shift"": ""reset"", ""write_mask_pngs"": ""true"", ""write_overlay_pngs"": ""false"", ""write_heatmap_pngs"": ""false"", ""backend"": ""cuda"", ""roi_margin"": 0.0}"
phase4__input_11__threshold=otsu__threshold_offset=-50,input_11,True,0.7877256746100514,0.8695381189727748,0.20402460780929435,0.8252617493312873,927.2418379290029,,"{""colorspace"": ""CIELAB"", ""channel_weights"": ""1,0,0"", ""darken_only"": true, ""peak_reference"": true, ""ref_mode"": [""first""], ""ref_running_alpha"": 0.05, ""dynamic_target_fraction"": 0.2, ""dynamic_lag_scale"": 1, ""pre_delta_blur"": ""none"", ""blur"": ""gaussian:9"", ""threshold"": ""otsu"", ""threshold_offset"": -50.0, ""morph_kernel"": 13, ""morph_shape"": ""ellipse"", ""morph_close_iterations"": 1, ""morph_open_iterations"": 1, ""min_area"": 1600, ""lock_frames"": 0, ""camera_stable"": false, ""motion_model"": ""affine"", ""motion_per_frame_threshold"": 1.5, ""cumulative_motion_threshold"": 3, ""peak_on_shift"": ""reset"", ""write_mask_pngs"": ""true"", ""write_overlay_pngs"": ""false"", ""write_heatmap_pngs"": ""false"", ""backend"": ""cuda"", ""roi_margin"": 0.0}"
phase4__input_11__threshold=otsu__threshold_offset=-30,input_11,True,0.9115190729062208,0.9529991691010444,0.3600030453102628,0.9445088312556779,929.4501515338197,,"{""colorspace"": ""CIELAB"", ""channel_weights"": ""1,0,0"", ""darken_only"": true, ""peak_reference"": true, ""ref_mode"": [""first""], ""ref_running_alpha"": 0.05, ""dynamic_target_fraction"": 0.2, ""dynamic_lag_scale"": 1, ""pre_delta_blur"": ""none"", ""blur"": ""gaussian:9"", ""threshold"": ""otsu"", ""threshold_offset"": -30.0, ""morph_kernel"": 13, ""morph_shape"": ""ellipse"", ""morph_close_iterations"": 1, ""morph_open_iterations"": 1, ""min_area"": 1600, ""lock_frames"": 0, ""camera_stable"": false, ""motion_model"": ""affine"", ""motion_per_frame_threshold"": 1.5, ""cumulative_motion_threshold"": 3, ""peak_on_shift"": ""reset"", ""write_mask_pngs"": ""true"", ""write_overlay_pngs"": ""false"", ""write_heatmap_pngs"": ""false"", ""backend"": ""cuda"", ""roi_margin"": 0.0}"
phase4__input_11__threshold=otsu__threshold_offset=10,input_11,True,0.7911175948889289,0.877968283883261,0.3012062309702549,0.9412099506506806,931.0461844978854,,"{""colorspace"": ""CIELAB"", ""channel_weights"": ""1,0,0"", ""darken_only"": true, ""peak_reference"": true, ""ref_mode"": [""first""], ""ref_running_alpha"": 0.05, ""dynamic_target_fraction"": 0.2, ""dynamic_lag_scale"": 1, ""pre_delta_blur"": ""none"", ""blur"": ""gaussian:9"", ""threshold"": ""otsu"", ""threshold_offset"": 10.0, ""morph_kernel"": 13, ""morph_shape"": ""ellipse"", ""morph_close_iterations"": 1, ""morph_open_iterations"": 1, ""min_area"": 1600, ""lock_frames"": 0, ""camera_stable"": false, ""motion_model"": ""affine"", ""motion_per_frame_threshold"": 1.5, ""cumulative_motion_threshold"": 3, ""peak_on_shift"": ""reset"", ""write_mask_pngs"": ""true"", ""write_overlay_pngs"": ""false"", ""write_heatmap_pngs"": ""false"", ""backend"": ""cuda"", ""roi_margin"": 0.0}"
phase4__input_11__threshold=otsu__threshold_offset=-10,input_11,True,0.8923747949106137,0.9420137515491398,0.3643291630512097,0.9551385392177787,930.5539540862665,,"{""colorspace"": ""CIELAB"", ""channel_weights"": ""1,0,0"", ""darken_only"": true, ""peak_reference"": true, ""ref_mode"": [""first""], ""ref_running_alpha"": 0.05, ""dynamic_target_fraction"": 0.2, ""dynamic_lag_scale"": 1, ""pre_delta_blur"": ""none"", ""blur"": ""gaussian:9"", ""threshold"": ""otsu"", ""threshold_offset"": -10.0, ""morph_kernel"": 13, ""morph_shape"": ""ellipse"", ""morph_close_iterations"": 1, ""morph_open_iterations"": 1, ""min_area"": 1600, ""lock_frames"": 0, ""camera_stable"": false, ""motion_model"": ""affine"", ""motion_per_frame_threshold"": 1.5, ""cumulative_motion_threshold"": 3, ""peak_on_shift"": ""reset"", ""write_mask_pngs"": ""true"", ""write_overlay_pngs"": ""false"", ""write_heatmap_pngs"": ""false"", ""backend"": ""cuda"", ""roi_margin"": 0.0}"
phase4__input_11__threshold=triangle__threshold_offset=-20,input_11,True,0.6445443108513846,0.7715031049591994,0.005794251158904229,0.7926960113047026,921.9168709181249,,"{""colorspace"": ""CIELAB"", ""channel_weights"": ""1,0,0"", ""darken_only"": true, ""peak_reference"": true, ""ref_mode"": [""first""], ""ref_running_alpha"": 0.05, ""dynamic_target_fraction"": 0.2, ""dynamic_lag_scale"": 1, ""pre_delta_blur"": ""none"", ""blur"": ""gaussian:9"", ""threshold"": ""triangle"", ""threshold_offset"": -20.0, ""morph_kernel"": 13, ""morph_shape"": ""ellipse"", ""morph_close_iterations"": 1, ""morph_open_iterations"": 1, ""min_area"": 1600, ""lock_frames"": 0, ""camera_stable"": false, ""motion_model"": ""affine"", ""motion_per_frame_threshold"": 1.5, ""cumulative_motion_threshold"": 3, ""peak_on_shift"": ""reset"", ""write_mask_pngs"": ""true"", ""write_overlay_pngs"": ""false"", ""write_heatmap_pngs"": ""false"", ""backend"": ""cuda"", ""roi_margin"": 0.0}"
phase4__input_11__threshold=adaptive-mean-11-5,input_11,True,0.6408285370647627,0.7691018406220873,0.004566358634723399,0.7926960113047026,715.0436819149181,,"{""colorspace"": ""CIELAB"", ""channel_weights"": ""1,0,0"", ""darken_only"": true, ""peak_reference"": true, ""ref_mode"": [""first""], ""ref_running_alpha"": 0.05, ""dynamic_target_fraction"": 0.2, ""dynamic_lag_scale"": 1, ""pre_delta_blur"": ""none"", ""blur"": ""gaussian:9"", ""threshold"": ""adaptive-mean:11:5"", ""threshold_offset"": -30, ""morph_kernel"": 13, ""morph_shape"": ""ellipse"", ""morph_close_iterations"": 1, ""morph_open_iterations"": 1, ""min_area"": 1600, ""lock_frames"": 0, ""camera_stable"": false, ""motion_model"": ""affine"", ""motion_per_frame_threshold"": 1.5, ""cumulative_motion_threshold"": 3, ""peak_on_shift"": ""reset"", ""write_mask_pngs"": ""true"", ""write_overlay_pngs"": ""false"", ""write_heatmap_pngs"": ""false"", ""backend"": ""cuda"", ""roi_margin"": 0.0}"
phase4__input_11__threshold=adaptive-mean-11--5,input_11,True,0.04825448725622854,0.09096898492431274,0.09281347624406831,0.6515965974087956,722.1389437764883,,"{""colorspace"": ""CIELAB"", ""channel_weights"": ""1,0,0"", ""darken_only"": true, ""peak_reference"": true, ""ref_mode"": [""first""], ""ref_running_alpha"": 0.05, ""dynamic_target_fraction"": 0.2, ""dynamic_lag_scale"": 1, ""pre_delta_blur"": ""none"", ""blur"": ""gaussian:9"", ""threshold"": ""adaptive-mean:11:-5"", ""threshold_offset"": -30, ""morph_kernel"": 13, ""morph_shape"": ""ellipse"", ""morph_close_iterations"": 1, ""morph_open_iterations"": 1, ""min_area"": 1600, ""lock_frames"": 0, ""camera_stable"": false, ""motion_model"": ""affine"", ""motion_per_frame_threshold"": 1.5, ""cumulative_motion_threshold"": 3, ""peak_on_shift"": ""reset"", ""write_mask_pngs"": ""true"", ""write_overlay_pngs"": ""false"", ""write_heatmap_pngs"": ""false"", ""backend"": ""cuda"", ""roi_margin"": 0.0}"
phase4__input_11__threshold=manual-50,input_11,True,0.9111380790952982,0.9528540694033507,0.34441443981243625,0.938317012651089,813.0196850933135,,"{""colorspace"": ""CIELAB"", ""channel_weights"": ""1,0,0"", ""darken_only"": true, ""peak_reference"": true, ""ref_mode"": [""first""], ""ref_running_alpha"": 0.05, ""dynamic_target_fraction"": 0.2, ""dynamic_lag_scale"": 1, ""pre_delta_blur"": ""none"", ""blur"": ""gaussian:9"", ""threshold"": ""manual:50"", ""threshold_offset"": -30, ""morph_kernel"": 13, ""morph_shape"": ""ellipse"", ""morph_close_iterations"": 1, ""morph_open_iterations"": 1, ""min_area"": 1600, ""lock_frames"": 0, ""camera_stable"": false, ""motion_model"": ""affine"", ""motion_per_frame_threshold"": 1.5, ""cumulative_motion_threshold"": 3, ""peak_on_shift"": ""reset"", ""write_mask_pngs"": ""true"", ""write_overlay_pngs"": ""false"", ""write_heatmap_pngs"": ""false"", ""backend"": ""cuda"", ""roi_margin"": 0.0}"
phase4__input_11__threshold=manual-90,input_11,True,0.8899171095254521,0.940857283159867,0.3467672935995028,0.9618420586394791,808.1851104833186,,"{""colorspace"": ""CIELAB"", ""channel_weights"": ""1,0,0"", ""darken_only"": true, ""peak_reference"": true, ""ref_mode"": [""first""], ""ref_running_alpha"": 0.05, ""dynamic_target_fraction"": 0.2, ""dynamic_lag_scale"": 1, ""pre_delta_blur"": ""none"", ""blur"": ""gaussian:9"", ""threshold"": ""manual:90"", ""threshold_offset"": -30, ""morph_kernel"": 13, ""morph_shape"": ""ellipse"", ""morph_close_iterations"": 1, ""morph_open_iterations"": 1, ""min_area"": 1600, ""lock_frames"": 0, ""camera_stable"": false, ""motion_model"": ""affine"", ""motion_per_frame_threshold"": 1.5, ""cumulative_motion_threshold"": 3, ""peak_on_shift"": ""reset"", ""write_mask_pngs"": ""true"", ""write_overlay_pngs"": ""false"", ""write_heatmap_pngs"": ""false"", ""backend"": ""cuda"", ""roi_margin"": 0.0}"
phase4__input_11__threshold=manual-130,input_11,True,0.4913032410771091,0.6577912401410146,0.1276481487719282,0.7674194559589631,807.4220372997224,,"{""colorspace"": ""CIELAB"", ""channel_weights"": ""1,0,0"", ""darken_only"": true, ""peak_reference"": true, ""ref_mode"": [""first""], ""ref_running_alpha"": 0.05, ""dynamic_target_fraction"": 0.2, ""dynamic_lag_scale"": 1, ""pre_delta_blur"": ""none"", ""blur"": ""gaussian:9"", ""threshold"": ""manual:130"", ""threshold_offset"": -30, ""morph_kernel"": 13, ""morph_shape"": ""ellipse"", ""morph_close_iterations"": 1, ""morph_open_iterations"": 1, ""min_area"": 1600, ""lock_frames"": 0, ""camera_stable"": false, ""motion_model"": ""affine"", ""motion_per_frame_threshold"": 1.5, ""cumulative_motion_threshold"": 3, ""peak_on_shift"": ""reset"", ""write_mask_pngs"": ""true"", ""write_overlay_pngs"": ""false"", ""write_heatmap_pngs"": ""false"", ""backend"": ""cuda"", ""roi_margin"": 0.0}"
phase4__input_11__threshold=triangle__threshold_offset=0,input_11,True,0.9107112123460169,0.9526394337706053,0.34463715650089777,0.9395386316060268,935.4318990046158,,"{""colorspace"": ""CIELAB"", ""channel_weights"": ""1,0,0"", ""darken_only"": true, ""peak_reference"": true, ""ref_mode"": [""first""], ""ref_running_alpha"": 0.05, ""dynamic_target_fraction"": 0.2, ""dynamic_lag_scale"": 1, ""pre_delta_blur"": ""none"", ""blur"": ""gaussian:9"", ""threshold"": ""triangle"", ""threshold_offset"": 0.0, ""morph_kernel"": 13, ""morph_shape"": ""ellipse"", ""morph_close_iterations"": 1, ""morph_open_iterations"": 1, ""min_area"": 1600, ""lock_frames"": 0, ""camera_stable"": false, ""motion_model"": ""affine"", ""motion_per_frame_threshold"": 1.5, ""cumulative_motion_threshold"": 3, ""peak_on_shift"": ""reset"", ""write_mask_pngs"": ""true"", ""write_overlay_pngs"": ""false"", ""write_heatmap_pngs"": ""false"", ""backend"": ""cuda"", ""roi_margin"": 0.0}"
phase4__input_11__threshold=adaptive-mean-31--5,input_11,True,0.1282638502902873,0.2268510742827051,0.19348047275807218,0.9497485116832307,738.226072457619,,"{""colorspace"": ""CIELAB"", ""channel_weights"": ""1,0,0"", ""darken_only"": true, ""peak_reference"": true, ""ref_mode"": [""first""], ""ref_running_alpha"": 0.05, ""dynamic_target_fraction"": 0.2, ""dynamic_lag_scale"": 1, ""pre_delta_blur"": ""none"", ""blur"": ""gaussian:9"", ""threshold"": ""adaptive-mean:31:-5"", ""threshold_offset"": -30, ""morph_kernel"": 13, ""morph_shape"": ""ellipse"", ""morph_close_iterations"": 1, ""morph_open_iterations"": 1, ""min_area"": 1600, ""lock_frames"": 0, ""camera_stable"": false, ""motion_model"": ""affine"", ""motion_per_frame_threshold"": 1.5, ""cumulative_motion_threshold"": 3, ""peak_on_shift"": ""reset"", ""write_mask_pngs"": ""true"", ""write_overlay_pngs"": ""false"", ""write_heatmap_pngs"": ""false"", ""backend"": ""cuda"", ""roi_margin"": 0.0}"
phase4__input_11__threshold=percentile-60,input_11,True,0.7469254689828726,0.8396729544366182,0.21288475561382728,0.8592608799695824,831.6430620970204,,"{""colorspace"": ""CIELAB"", ""channel_weights"": ""1,0,0"", ""darken_only"": true, ""peak_reference"": true, ""ref_mode"": [""first""], ""ref_running_alpha"": 0.05, ""dynamic_target_fraction"": 0.2, ""dynamic_lag_scale"": 1, ""pre_delta_blur"": ""none"", ""blur"": ""gaussian:9"", ""threshold"": ""percentile:60"", ""threshold_offset"": -30, ""morph_kernel"": 13, ""morph_shape"": ""ellipse"", ""morph_close_iterations"": 1, ""morph_open_iterations"": 1, ""min_area"": 1600, ""lock_frames"": 0, ""camera_stable"": false, ""motion_model"": ""affine"", ""motion_per_frame_threshold"": 1.5, ""cumulative_motion_threshold"": 3, ""peak_on_shift"": ""reset"", ""write_mask_pngs"": ""true"", ""write_overlay_pngs"": ""false"", ""write_heatmap_pngs"": ""false"", ""backend"": ""cuda"", ""roi_margin"": 0.0}"
phase4__input_11__threshold=percentile-80,input_11,True,0.6426650419844905,0.7668702943974324,0.23843908696315505,0.7931438993417849,829.1831803368405,,"{""colorspace"": ""CIELAB"", ""channel_weights"": ""1,0,0"", ""darken_only"": true, ""peak_reference"": true, ""ref_mode"": [""first""], ""ref_running_alpha"": 0.05, ""dynamic_target_fraction"": 0.2, ""dynamic_lag_scale"": 1, ""pre_delta_blur"": ""none"", ""blur"": ""gaussian:9"", ""threshold"": ""percentile:80"", ""threshold_offset"": -30, ""morph_kernel"": 13, ""morph_shape"": ""ellipse"", ""morph_close_iterations"": 1, ""morph_open_iterations"": 1, ""min_area"": 1600, ""lock_frames"": 0, ""camera_stable"": false, ""motion_model"": ""affine"", ""motion_per_frame_threshold"": 1.5, ""cumulative_motion_threshold"": 3, ""peak_on_shift"": ""reset"", ""write_mask_pngs"": ""true"", ""write_overlay_pngs"": ""false"", ""write_heatmap_pngs"": ""false"", ""backend"": ""cuda"", ""roi_margin"": 0.0}"
phase4__input_11__threshold=triangle__threshold_offset=20,input_11,True,0.9118084375356847,0.9531198497349662,0.38108180736792574,0.9520739244384442,889.2285824101418,,"{""colorspace"": ""CIELAB"", ""channel_weights"": ""1,0,0"", ""darken_only"": true, ""peak_reference"": true, ""ref_mode"": [""first""], ""ref_running_alpha"": 0.05, ""dynamic_target_fraction"": 0.2, ""dynamic_lag_scale"": 1, ""pre_delta_blur"": ""none"", ""blur"": ""gaussian:9"", ""threshold"": ""triangle"", ""threshold_offset"": 20.0, ""morph_kernel"": 13, ""morph_shape"": ""ellipse"", ""morph_close_iterations"": 1, ""morph_open_iterations"": 1, ""min_area"": 1600, ""lock_frames"": 0, ""camera_stable"": false, ""motion_model"": ""affine"", ""motion_per_frame_threshold"": 1.5, ""cumulative_motion_threshold"": 3, ""peak_on_shift"": ""reset"", ""write_mask_pngs"": ""true"", ""write_overlay_pngs"": ""false"", ""write_heatmap_pngs"": ""false"", ""backend"": ""cuda"", ""roi_margin"": 0.0}"
phase4__input_11__threshold=percentile-95,input_11,True,0.4259331587378911,0.5801177476512369,0.11050125411863376,0.7630934148055666,821.1276829075068,,"{""colorspace"": ""CIELAB"", ""channel_weights"": ""1,0,0"", ""darken_only"": true, ""peak_reference"": true, ""ref_mode"": [""first""], ""ref_running_alpha"": 0.05, ""dynamic_target_fraction"": 0.2, ""dynamic_lag_scale"": 1, ""pre_delta_blur"": ""none"", ""blur"": ""gaussian:9"", ""threshold"": ""percentile:95"", ""threshold_offset"": -30, ""morph_kernel"": 13, ""morph_shape"": ""ellipse"", ""morph_close_iterations"": 1, ""morph_open_iterations"": 1, ""min_area"": 1600, ""lock_frames"": 0, ""camera_stable"": false, ""motion_model"": ""affine"", ""motion_per_frame_threshold"": 1.5, ""cumulative_motion_threshold"": 3, ""peak_on_shift"": ""reset"", ""write_mask_pngs"": ""true"", ""write_overlay_pngs"": ""false"", ""write_heatmap_pngs"": ""false"", ""backend"": ""cuda"", ""roi_margin"": 0.0}"
phase4__input_11__threshold=adaptive-mean-31-5,input_11,True,0.6353355303962881,0.7658679134737019,0.2683178820933211,0.7926960113047026,478.1357377143577,,"{""colorspace"": ""CIELAB"", ""channel_weights"": ""1,0,0"", ""darken_only"": true, ""peak_reference"": true, ""ref_mode"": [""first""], ""ref_running_alpha"": 0.05, ""dynamic_target_fraction"": 0.2, ""dynamic_lag_scale"": 1, ""pre_delta_blur"": ""none"", ""blur"": ""gaussian:9"", ""threshold"": ""adaptive-mean:31:5"", ""threshold_offset"": -30, ""morph_kernel"": 13, ""morph_shape"": ""ellipse"", ""morph_close_iterations"": 1, ""morph_open_iterations"": 1, ""min_area"": 1600, ""lock_frames"": 0, ""camera_stable"": false, ""motion_model"": ""affine"", ""motion_per_frame_threshold"": 1.5, ""cumulative_motion_threshold"": 3, ""peak_on_shift"": ""reset"", ""write_mask_pngs"": ""true"", ""write_overlay_pngs"": ""false"", ""write_heatmap_pngs"": ""false"", ""backend"": ""cuda"", ""roi_margin"": 0.0}"
phase4__input_11__threshold=adaptive-gaussian-11--5,input_11,True,0.0010213936906742758,0.0020324079381241695,0.006784484988547626,0.0021292796345144535,344.3875594502315,,"{""colorspace"": ""CIELAB"", ""channel_weights"": ""1,0,0"", ""darken_only"": true, ""peak_reference"": true, ""ref_mode"": [""first""], ""ref_running_alpha"": 0.05, ""dynamic_target_fraction"": 0.2, ""dynamic_lag_scale"": 1, ""pre_delta_blur"": ""none"", ""blur"": ""gaussian:9"", ""threshold"": ""adaptive-gaussian:11:-5"", ""threshold_offset"": -30, ""morph_kernel"": 13, ""morph_shape"": ""ellipse"", ""morph_close_iterations"": 1, ""morph_open_iterations"": 1, ""min_area"": 1600, ""lock_frames"": 0, ""camera_stable"": false, ""motion_model"": ""affine"", ""motion_per_frame_threshold"": 1.5, ""cumulative_motion_threshold"": 3, ""peak_on_shift"": ""reset"", ""write_mask_pngs"": ""true"", ""write_overlay_pngs"": ""false"", ""write_heatmap_pngs"": ""false"", ""backend"": ""cuda"", ""roi_margin"": 0.0}"
phase4__input_11__threshold=adaptive-gaussian-11-5,input_11,True,0.6408316823028961,0.7690962517537554,0.0,0.7926960113047026,280.19932631962,,"{""colorspace"": ""CIELAB"", ""channel_weights"": ""1,0,0"", ""darken_only"": true, ""peak_reference"": true, ""ref_mode"": [""first""], ""ref_running_alpha"": 0.05, ""dynamic_target_fraction"": 0.2, ""dynamic_lag_scale"": 1, ""pre_delta_blur"": ""none"", ""blur"": ""gaussian:9"", ""threshold"": ""adaptive-gaussian:11:5"", ""threshold_offset"": -30, ""morph_kernel"": 13, ""morph_shape"": ""ellipse"", ""morph_close_iterations"": 1, ""morph_open_iterations"": 1, ""min_area"": 1600, ""lock_frames"": 0, ""camera_stable"": false, ""motion_model"": ""affine"", ""motion_per_frame_threshold"": 1.5, ""cumulative_motion_threshold"": 3, ""peak_on_shift"": ""reset"", ""write_mask_pngs"": ""true"", ""write_overlay_pngs"": ""false"", ""write_heatmap_pngs"": ""false"", ""backend"": ""cuda"", ""roi_margin"": 0.0}"
phase4__input_11__threshold=adaptive-gaussian-31-5,input_11,True,0.6414325103358023,0.7693714754505672,0.07364897426545042,0.7926960113047026,268.23039291240275,,"{""colorspace"": ""CIELAB"", ""channel_weights"": ""1,0,0"", ""darken_only"": true, ""peak_reference"": true, ""ref_mode"": [""first""], ""ref_running_alpha"": 0.05, ""dynamic_target_fraction"": 0.2, ""dynamic_lag_scale"": 1, ""pre_delta_blur"": ""none"", ""blur"": ""gaussian:9"", ""threshold"": ""adaptive-gaussian:31:5"", ""threshold_offset"": -30, ""morph_kernel"": 13, ""morph_shape"": ""ellipse"", ""morph_close_iterations"": 1, ""morph_open_iterations"": 1, ""min_area"": 1600, ""lock_frames"": 0, ""camera_stable"": false, ""motion_model"": ""affine"", ""motion_per_frame_threshold"": 1.5, ""cumulative_motion_threshold"": 3, ""peak_on_shift"": ""reset"", ""write_mask_pngs"": ""true"", ""write_overlay_pngs"": ""false"", ""write_heatmap_pngs"": ""false"", ""backend"": ""cuda"", ""roi_margin"": 0.0}"
phase4__input_11__threshold=adaptive-gaussian-31--5,input_11,True,0.07057983285868732,0.1305564707233965,0.11614789646578075,0.8540770304844356,283.9536481797695,,"{""colorspace"": ""CIELAB"", ""channel_weights"": ""1,0,0"", ""darken_only"": true, ""peak_reference"": true, ""ref_mode"": [""first""], ""ref_running_alpha"": 0.05, ""dynamic_target_fraction"": 0.2, ""dynamic_lag_scale"": 1, ""pre_delta_blur"": ""none"", ""blur"": ""gaussian:9"", ""threshold"": ""adaptive-gaussian:31:-5"", ""threshold_offset"": -30, ""morph_kernel"": 13, ""morph_shape"": ""ellipse"", ""morph_close_iterations"": 1, ""morph_open_iterations"": 1, ""min_area"": 1600, ""lock_frames"": 0, ""camera_stable"": false, ""motion_model"": ""affine"", ""motion_per_frame_threshold"": 1.5, ""cumulative_motion_threshold"": 3, ""peak_on_shift"": ""reset"", ""write_mask_pngs"": ""true"", ""write_overlay_pngs"": ""false"", ""write_heatmap_pngs"": ""false"", ""backend"": ""cuda"", ""roi_margin"": 0.0}"
