trial_id,sample,ok,iou_mean,dice_mean,boundary_f1_mean,box_iou_mean,runtime_s,error,flags_json
phase6__input_2__blur=none,input_2,True,0.9625907241764166,0.9807300118057869,0.44624397335980454,0.9546605620327441,113.41272105835378,,"{""colorspace"": ""CIELAB"", ""channel_weights"": ""1,0,0"", ""darken_only"": true, ""peak_reference"": true, ""ref_mode"": [""first""], ""ref_running_alpha"": 0.05, ""dynamic_target_fraction"": 0.2, ""dynamic_lag_scale"": 1, ""pre_delta_blur"": ""none"", ""blur"": ""none"", ""threshold"": ""otsu"", ""threshold_offset"": -50, ""morph_kernel"": 21, ""morph_shape"": ""ellipse"", ""morph_close_iterations"": 1, ""morph_open_iterations"": 1, ""min_area"": 100, ""lock_frames"": 10, ""camera_stable"": false, ""motion_model"": ""affine"", ""motion_per_frame_threshold"": 1.5, ""cumulative_motion_threshold"": 3, ""peak_on_shift"": ""reset"", ""write_mask_pngs"": ""true"", ""write_overlay_pngs"": ""false"", ""write_heatmap_pngs"": ""false"", ""backend"": ""cuda"", ""roi_margin"": 0.0}"
phase6__input_2__blur=flat-3,input_2,True,0.9629695460340357,0.9809253666695815,0.45444037947340876,0.9641253832051744,118.19453590177,,"{""colorspace"": ""CIELAB"", ""channel_weights"": ""1,0,0"", ""darken_only"": true, ""peak_reference"": true, ""ref_mode"": [""first""], ""ref_running_alpha"": 0.05, ""dynamic_target_fraction"": 0.2, ""dynamic_lag_scale"": 1, ""pre_delta_blur"": ""none"", ""blur"": ""flat:3"", ""threshold"": ""otsu"", ""threshold_offset"": -50, ""morph_kernel"": 21, ""morph_shape"": ""ellipse"", ""morph_close_iterations"": 1, ""morph_open_iterations"": 1, ""min_area"": 100, ""lock_frames"": 10, ""camera_stable"": false, ""motion_model"": ""affine"", ""motion_per_frame_threshold"": 1.5, ""cumulative_motion_threshold"": 3, ""peak_on_shift"": ""reset"", ""write_mask_pngs"": ""true"", ""write_overlay_pngs"": ""false"", ""write_heatmap_pngs"": ""false"", ""backend"": ""cuda"", ""roi_margin"": 0.0}"
phase6__input_2__blur=flat-7,input_2,True,0.9624386448563094,0.9806525098107384,0.43921491135178636,0.9678951458820869,122.24434878118336,,"{""colorspace"": ""CIELAB"", ""channel_weights"": ""1,0,0"", ""darken_only"": true, ""peak_reference"": true, ""ref_mode"": [""first""], ""ref_running_alpha"": 0.05, ""dynamic_target_fraction"": 0.2, ""dynamic_lag_scale"": 1, ""pre_delta_blur"": ""none"", ""blur"": ""flat:7"", ""threshold"": ""otsu"", ""threshold_offset"": -50, ""morph_kernel"": 21, ""morph_shape"": ""ellipse"", ""morph_close_iterations"": 1, ""morph_open_iterations"": 1, ""min_area"": 100, ""lock_frames"": 10, ""camera_stable"": false, ""motion_model"": ""affine"", ""motion_per_frame_threshold"": 1.5, ""cumulative_motion_threshold"": 3, ""peak_on_shift"": ""reset"", ""write_mask_pngs"": ""true"", ""write_overlay_pngs"": ""false"", ""write_heatmap_pngs"": ""false"", ""backend"": ""cuda"", ""roi_margin"": 0.0}"
phase6__input_2__blur=flat-11,input_2,True,0.961328467050145,0.9800801819841345,0.40570426215372174,0.9674545548239187,120.83195754978806,,"{""colorspace"": ""CIELAB"", ""channel_weights"": ""1,0,0"", ""darken_only"": true, ""peak_reference"": true, ""ref_mode"": [""first""], ""ref_running_alpha"": 0.05, ""dynamic_target_fraction"": 0.2, ""dynamic_lag_scale"": 1, ""pre_delta_blur"": ""none"", ""blur"": ""flat:11"", ""threshold"": ""otsu"", ""threshold_offset"": -50, ""morph_kernel"": 21, ""morph_shape"": ""ellipse"", ""morph_close_iterations"": 1, ""morph_open_iterations"": 1, ""min_area"": 100, ""lock_frames"": 10, ""camera_stable"": false, ""motion_model"": ""affine"", ""motion_per_frame_threshold"": 1.5, ""cumulative_motion_threshold"": 3, ""peak_on_shift"": ""reset"", ""write_mask_pngs"": ""true"", ""write_overlay_pngs"": ""false"", ""write_heatmap_pngs"": ""false"", ""backend"": ""cuda"", ""roi_margin"": 0.0}"
phase6__input_2__blur=flat-15,input_2,True,0.9598403641247465,0.9793136512911564,0.3614979391415052,0.9656161462868823,118.72556414082646,,"{""colorspace"": ""CIELAB"", ""channel_weights"": ""1,0,0"", ""darken_only"": true, ""peak_reference"": true, ""ref_mode"": [""first""], ""ref_running_alpha"": 0.05, ""dynamic_target_fraction"": 0.2, ""dynamic_lag_scale"": 1, ""pre_delta_blur"": ""none"", ""blur"": ""flat:15"", ""threshold"": ""otsu"", ""threshold_offset"": -50, ""morph_kernel"": 21, ""morph_shape"": ""ellipse"", ""morph_close_iterations"": 1, ""morph_open_iterations"": 1, ""min_area"": 100, ""lock_frames"": 10, ""camera_stable"": false, ""motion_model"": ""affine"", ""motion_per_frame_threshold"": 1.5, ""cumulative_motion_threshold"": 3, ""peak_on_shift"": ""reset"", ""write_mask_pngs"": ""true"", ""write_overlay_pngs"": ""false"", ""write_heatmap_pngs"": ""false"", ""backend"": ""cuda"", ""roi_margin"": 0.0}"
phase6__input_2__blur=gaussian-3,input_2,True,0.962994202248671,0.9809378458340209,0.45622848659197296,0.9641253832051744,119.65895002614707,,"{""colorspace"": ""CIELAB"", ""channel_weights"": ""1,0,0"", ""darken_only"": true, ""peak_reference"": true, ""ref_mode"": [""first""], ""ref_running_alpha"": 0.05, ""dynamic_target_fraction"": 0.2, ""dynamic_lag_scale"": 1, ""pre_delta_blur"": ""none"", ""blur"": ""gaussian:3"", ""threshold"": ""otsu"", ""threshold_offset"": -50, ""morph_kernel"": 21, ""morph_shape"": ""ellipse"", ""morph_close_iterations"": 1, ""morph_open_iterations"": 1, ""min_area"": 100, ""lock_frames"": 10, ""camera_stable"": false, ""motion_model"": ""affine"", ""motion_per_frame_threshold"": 1.5, ""cumulative_motion_threshold"": 3, ""peak_on_shift"": ""reset"", ""write_mask_pngs"": ""true"", ""write_overlay_pngs"": ""false"", ""write_heatmap_pngs"": ""false"", ""backend"": ""cuda"", ""roi_margin"": 0.0}"
phase6__input_2__blur=gaussian-7,input_2,True,0.962808776864432,0.9808424424755844,0.44706035769203556,0.9676021103864306,117.45800986327231,,"{""colorspace"": ""CIELAB"", ""channel_weights"": ""1,0,0"", ""darken_only"": true, ""peak_reference"": true, ""ref_mode"": [""first""], ""ref_running_alpha"": 0.05, ""dynamic_target_fraction"": 0.2, ""dynamic_lag_scale"": 1, ""pre_delta_blur"": ""none"", ""blur"": ""gaussian:7"", ""threshold"": ""otsu"", ""threshold_offset"": -50, ""morph_kernel"": 21, ""morph_shape"": ""ellipse"", ""morph_close_iterations"": 1, ""morph_open_iterations"": 1, ""min_area"": 100, ""lock_frames"": 10, ""camera_stable"": false, ""motion_model"": ""affine"", ""motion_per_frame_threshold"": 1.5, ""cumulative_motion_threshold"": 3, ""peak_on_shift"": ""reset"", ""write_mask_pngs"": ""true"", ""write_overlay_pngs"": ""false"", ""write_heatmap_pngs"": ""false"", ""backend"": ""cuda"", ""roi_margin"": 0.0}"
phase6__input_1__blur=triangle-7,input_1,True,0.939300901458671,0.9674860906001677,0.6457261527760447,0.9252129346642877,755.7422434771433,,"{""colorspace"": ""CIELAB"", ""channel_weights"": ""1,0,0"", ""darken_only"": true, ""peak_reference"": true, ""ref_mode"": [""first""], ""ref_running_alpha"": 0.05, ""dynamic_target_fraction"": 0.2, ""dynamic_lag_scale"": 1, ""pre_delta_blur"": ""none"", ""blur"": ""triangle:7"", ""threshold"": ""otsu"", ""threshold_offset"": -10, ""morph_kernel"": 21, ""morph_shape"": ""ellipse"", ""morph_close_iterations"": 1, ""morph_open_iterations"": 1, ""min_area"": 1600, ""lock_frames"": 0, ""camera_stable"": false, ""motion_model"": ""affine"", ""motion_per_frame_threshold"": 1.5, ""cumulative_motion_threshold"": 3, ""peak_on_shift"": ""reset"", ""write_mask_pngs"": ""true"", ""write_overlay_pngs"": ""false"", ""write_heatmap_pngs"": ""false"", ""backend"": ""cuda"", ""roi_mask"": ""/home/j-vaught/bench_vrifa/data/roi_masks/input_1.png""}"
phase6__input_1__blur=flat-15,input_1,True,0.9325658148650934,0.9643483433838475,0.519934322459386,0.9799076751058567,759.9762854613364,,"{""colorspace"": ""CIELAB"", ""channel_weights"": ""1,0,0"", ""darken_only"": true, ""peak_reference"": true, ""ref_mode"": [""first""], ""ref_running_alpha"": 0.05, ""dynamic_target_fraction"": 0.2, ""dynamic_lag_scale"": 1, ""pre_delta_blur"": ""none"", ""blur"": ""flat:15"", ""threshold"": ""otsu"", ""threshold_offset"": -10, ""morph_kernel"": 21, ""morph_shape"": ""ellipse"", ""morph_close_iterations"": 1, ""morph_open_iterations"": 1, ""min_area"": 1600, ""lock_frames"": 0, ""camera_stable"": false, ""motion_model"": ""affine"", ""motion_per_frame_threshold"": 1.5, ""cumulative_motion_threshold"": 3, ""peak_on_shift"": ""reset"", ""write_mask_pngs"": ""true"", ""write_overlay_pngs"": ""false"", ""write_heatmap_pngs"": ""false"", ""backend"": ""cuda"", ""roi_mask"": ""/home/j-vaught/bench_vrifa/data/roi_masks/input_1.png""}"
phase6__input_1__blur=gaussian-11,input_1,True,0.9409921518053739,0.9686744959198623,0.6372379054121776,0.973123791114111,760.6499521397054,,"{""colorspace"": ""CIELAB"", ""channel_weights"": ""1,0,0"", ""darken_only"": true, ""peak_reference"": true, ""ref_mode"": [""first""], ""ref_running_alpha"": 0.05, ""dynamic_target_fraction"": 0.2, ""dynamic_lag_scale"": 1, ""pre_delta_blur"": ""none"", ""blur"": ""gaussian:11"", ""threshold"": ""otsu"", ""threshold_offset"": -10, ""morph_kernel"": 21, ""morph_shape"": ""ellipse"", ""morph_close_iterations"": 1, ""morph_open_iterations"": 1, ""min_area"": 1600, ""lock_frames"": 0, ""camera_stable"": false, ""motion_model"": ""affine"", ""motion_per_frame_threshold"": 1.5, ""cumulative_motion_threshold"": 3, ""peak_on_shift"": ""reset"", ""write_mask_pngs"": ""true"", ""write_overlay_pngs"": ""false"", ""write_heatmap_pngs"": ""false"", ""backend"": ""cuda"", ""roi_mask"": ""/home/j-vaught/bench_vrifa/data/roi_masks/input_1.png""}"
phase6__input_1__blur=flat-7,input_1,True,0.9331939432016888,0.9640482460181172,0.6127763357946816,0.9104204791652281,760.8280954621732,,"{""colorspace"": ""CIELAB"", ""channel_weights"": ""1,0,0"", ""darken_only"": true, ""peak_reference"": true, ""ref_mode"": [""first""], ""ref_running_alpha"": 0.05, ""dynamic_target_fraction"": 0.2, ""dynamic_lag_scale"": 1, ""pre_delta_blur"": ""none"", ""blur"": ""flat:7"", ""threshold"": ""otsu"", ""threshold_offset"": -10, ""morph_kernel"": 21, ""morph_shape"": ""ellipse"", ""morph_close_iterations"": 1, ""morph_open_iterations"": 1, ""min_area"": 1600, ""lock_frames"": 0, ""camera_stable"": false, ""motion_model"": ""affine"", ""motion_per_frame_threshold"": 1.5, ""cumulative_motion_threshold"": 3, ""peak_on_shift"": ""reset"", ""write_mask_pngs"": ""true"", ""write_overlay_pngs"": ""false"", ""write_heatmap_pngs"": ""false"", ""backend"": ""cuda"", ""roi_mask"": ""/home/j-vaught/bench_vrifa/data/roi_masks/input_1.png""}"
phase6__input_1__blur=flat-11,input_1,True,0.9361288864401349,0.9661894639248725,0.5713595371802082,0.9806278907609338,760.3513700552285,,"{""colorspace"": ""CIELAB"", ""channel_weights"": ""1,0,0"", ""darken_only"": true, ""peak_reference"": true, ""ref_mode"": [""first""], ""ref_running_alpha"": 0.05, ""dynamic_target_fraction"": 0.2, ""dynamic_lag_scale"": 1, ""pre_delta_blur"": ""none"", ""blur"": ""flat:11"", ""threshold"": ""otsu"", ""threshold_offset"": -10, ""morph_kernel"": 21, ""morph_shape"": ""ellipse"", ""morph_close_iterations"": 1, ""morph_open_iterations"": 1, ""min_area"": 1600, ""lock_frames"": 0, ""camera_stable"": false, ""motion_model"": ""affine"", ""motion_per_frame_threshold"": 1.5, ""cumulative_motion_threshold"": 3, ""peak_on_shift"": ""reset"", ""write_mask_pngs"": ""true"", ""write_overlay_pngs"": ""false"", ""write_heatmap_pngs"": ""false"", ""backend"": ""cuda"", ""roi_mask"": ""/home/j-vaught/bench_vrifa/data/roi_masks/input_1.png""}"
phase6__input_1__blur=flat-3,input_1,True,0.9365059104071524,0.9655682625726648,0.6792514358267197,0.9054794263216278,760.4836320178583,,"{""colorspace"": ""CIELAB"", ""channel_weights"": ""1,0,0"", ""darken_only"": true, ""peak_reference"": true, ""ref_mode"": [""first""], ""ref_running_alpha"": 0.05, ""dynamic_target_fraction"": 0.2, ""dynamic_lag_scale"": 1, ""pre_delta_blur"": ""none"", ""blur"": ""flat:3"", ""threshold"": ""otsu"", ""threshold_offset"": -10, ""morph_kernel"": 21, ""morph_shape"": ""ellipse"", ""morph_close_iterations"": 1, ""morph_open_iterations"": 1, ""min_area"": 1600, ""lock_frames"": 0, ""camera_stable"": false, ""motion_model"": ""affine"", ""motion_per_frame_threshold"": 1.5, ""cumulative_motion_threshold"": 3, ""peak_on_shift"": ""reset"", ""write_mask_pngs"": ""true"", ""write_overlay_pngs"": ""false"", ""write_heatmap_pngs"": ""false"", ""backend"": ""cuda"", ""roi_mask"": ""/home/j-vaught/bench_vrifa/data/roi_masks/input_1.png""}"
phase6__input_1__blur=triangle-15,input_1,True,0.9356084360346714,0.965889414593611,0.5795942788162662,0.9816757271051495,761.081071886234,,"{""colorspace"": ""CIELAB"", ""channel_weights"": ""1,0,0"", ""darken_only"": true, ""peak_reference"": true, ""ref_mode"": [""first""], ""ref_running_alpha"": 0.05, ""dynamic_target_fraction"": 0.2, ""dynamic_lag_scale"": 1, ""pre_delta_blur"": ""none"", ""blur"": ""triangle:15"", ""threshold"": ""otsu"", ""threshold_offset"": -10, ""morph_kernel"": 21, ""morph_shape"": ""ellipse"", ""morph_close_iterations"": 1, ""morph_open_iterations"": 1, ""min_area"": 1600, ""lock_frames"": 0, ""camera_stable"": false, ""motion_model"": ""affine"", ""motion_per_frame_threshold"": 1.5, ""cumulative_motion_threshold"": 3, ""peak_on_shift"": ""reset"", ""write_mask_pngs"": ""true"", ""write_overlay_pngs"": ""false"", ""write_heatmap_pngs"": ""false"", ""backend"": ""cuda"", ""roi_mask"": ""/home/j-vaught/bench_vrifa/data/roi_masks/input_1.png""}"
phase6__input_1__blur=none,input_1,True,0.7862696345637958,0.8395681866459892,0.5773026829144855,0.8136877341037655,761.35007890407,,"{""colorspace"": ""CIELAB"", ""channel_weights"": ""1,0,0"", ""darken_only"": true, ""peak_reference"": true, ""ref_mode"": [""first""], ""ref_running_alpha"": 0.05, ""dynamic_target_fraction"": 0.2, ""dynamic_lag_scale"": 1, ""pre_delta_blur"": ""none"", ""blur"": ""none"", ""threshold"": ""otsu"", ""threshold_offset"": -10, ""morph_kernel"": 21, ""morph_shape"": ""ellipse"", ""morph_close_iterations"": 1, ""morph_open_iterations"": 1, ""min_area"": 1600, ""lock_frames"": 0, ""camera_stable"": false, ""motion_model"": ""affine"", ""motion_per_frame_threshold"": 1.5, ""cumulative_motion_threshold"": 3, ""peak_on_shift"": ""reset"", ""write_mask_pngs"": ""true"", ""write_overlay_pngs"": ""false"", ""write_heatmap_pngs"": ""false"", ""backend"": ""cuda"", ""roi_mask"": ""/home/j-vaught/bench_vrifa/data/roi_masks/input_1.png""}"
phase6__input_1__blur=triangle-3,input_1,True,0.9133299757073896,0.9512568415634638,0.6637317452963264,0.8554451107084148,762.7890195557848,,"{""colorspace"": ""CIELAB"", ""channel_weights"": ""1,0,0"", ""darken_only"": true, ""peak_reference"": true, ""ref_mode"": [""first""], ""ref_running_alpha"": 0.05, ""dynamic_target_fraction"": 0.2, ""dynamic_lag_scale"": 1, ""pre_delta_blur"": ""none"", ""blur"": ""triangle:3"", ""threshold"": ""otsu"", ""threshold_offset"": -10, ""morph_kernel"": 21, ""morph_shape"": ""ellipse"", ""morph_close_iterations"": 1, ""morph_open_iterations"": 1, ""min_area"": 1600, ""lock_frames"": 0, ""camera_stable"": false, ""motion_model"": ""affine"", ""motion_per_frame_threshold"": 1.5, ""cumulative_motion_threshold"": 3, ""peak_on_shift"": ""reset"", ""write_mask_pngs"": ""true"", ""write_overlay_pngs"": ""false"", ""write_heatmap_pngs"": ""false"", ""backend"": ""cuda"", ""roi_mask"": ""/home/j-vaught/bench_vrifa/data/roi_masks/input_1.png""}"
phase6__input_1__blur=gaussian-3,input_1,True,0.9133299757073896,0.9512568415634638,0.6637317452963264,0.8554451107084148,762.8986741853878,,"{""colorspace"": ""CIELAB"", ""channel_weights"": ""1,0,0"", ""darken_only"": true, ""peak_reference"": true, ""ref_mode"": [""first""], ""ref_running_alpha"": 0.05, ""dynamic_target_fraction"": 0.2, ""dynamic_lag_scale"": 1, ""pre_delta_blur"": ""none"", ""blur"": ""gaussian:3"", ""threshold"": ""otsu"", ""threshold_offset"": -10, ""morph_kernel"": 21, ""morph_shape"": ""ellipse"", ""morph_close_iterations"": 1, ""morph_open_iterations"": 1, ""min_area"": 1600, ""lock_frames"": 0, ""camera_stable"": false, ""motion_model"": ""affine"", ""motion_per_frame_threshold"": 1.5, ""cumulative_motion_threshold"": 3, ""peak_on_shift"": ""reset"", ""write_mask_pngs"": ""true"", ""write_overlay_pngs"": ""false"", ""write_heatmap_pngs"": ""false"", ""backend"": ""cuda"", ""roi_mask"": ""/home/j-vaught/bench_vrifa/data/roi_masks/input_1.png""}"
phase6__input_1__blur=median-5,input_1,True,0.9290220607892831,0.9611854036227973,0.6268288007952065,0.9114546397443908,764.6633757082745,,"{""colorspace"": ""CIELAB"", ""channel_weights"": ""1,0,0"", ""darken_only"": true, ""peak_reference"": true, ""ref_mode"": [""first""], ""ref_running_alpha"": 0.05, ""dynamic_target_fraction"": 0.2, ""dynamic_lag_scale"": 1, ""pre_delta_blur"": ""none"", ""blur"": ""median:5"", ""threshold"": ""otsu"", ""threshold_offset"": -10, ""morph_kernel"": 21, ""morph_shape"": ""ellipse"", ""morph_close_iterations"": 1, ""morph_open_iterations"": 1, ""min_area"": 1600, ""lock_frames"": 0, ""camera_stable"": false, ""motion_model"": ""affine"", ""motion_per_frame_threshold"": 1.5, ""cumulative_motion_threshold"": 3, ""peak_on_shift"": ""reset"", ""write_mask_pngs"": ""true"", ""write_overlay_pngs"": ""false"", ""write_heatmap_pngs"": ""false"", ""backend"": ""cuda"", ""roi_mask"": ""/home/j-vaught/bench_vrifa/data/roi_masks/input_1.png""}"
phase6__input_1__blur=triangle-11,input_1,True,0.9373336097464804,0.9666564857024695,0.613923277146586,0.9808306119721818,765.8781187310815,,"{""colorspace"": ""CIELAB"", ""channel_weights"": ""1,0,0"", ""darken_only"": true, ""peak_reference"": true, ""ref_mode"": [""first""], ""ref_running_alpha"": 0.05, ""dynamic_target_fraction"": 0.2, ""dynamic_lag_scale"": 1, ""pre_delta_blur"": ""none"", ""blur"": ""triangle:11"", ""threshold"": ""otsu"", ""threshold_offset"": -10, ""morph_kernel"": 21, ""morph_shape"": ""ellipse"", ""morph_close_iterations"": 1, ""morph_open_iterations"": 1, ""min_area"": 1600, ""lock_frames"": 0, ""camera_stable"": false, ""motion_model"": ""affine"", ""motion_per_frame_threshold"": 1.5, ""cumulative_motion_threshold"": 3, ""peak_on_shift"": ""reset"", ""write_mask_pngs"": ""true"", ""write_overlay_pngs"": ""false"", ""write_heatmap_pngs"": ""false"", ""backend"": ""cuda"", ""roi_mask"": ""/home/j-vaught/bench_vrifa/data/roi_masks/input_1.png""}"
phase6__input_1__blur=gaussian-15,input_1,True,0.9363458776897462,0.9661095660094979,0.6085331048323627,0.9812731508324282,770.0829313546419,,"{""colorspace"": ""CIELAB"", ""channel_weights"": ""1,0,0"", ""darken_only"": true, ""peak_reference"": true, ""ref_mode"": [""first""], ""ref_running_alpha"": 0.05, ""dynamic_target_fraction"": 0.2, ""dynamic_lag_scale"": 1, ""pre_delta_blur"": ""none"", ""blur"": ""gaussian:15"", ""threshold"": ""otsu"", ""threshold_offset"": -10, ""morph_kernel"": 21, ""morph_shape"": ""ellipse"", ""morph_close_iterations"": 1, ""morph_open_iterations"": 1, ""min_area"": 1600, ""lock_frames"": 0, ""camera_stable"": false, ""motion_model"": ""affine"", ""motion_per_frame_threshold"": 1.5, ""cumulative_motion_threshold"": 3, ""peak_on_shift"": ""reset"", ""write_mask_pngs"": ""true"", ""write_overlay_pngs"": ""false"", ""write_heatmap_pngs"": ""false"", ""backend"": ""cuda"", ""roi_mask"": ""/home/j-vaught/bench_vrifa/data/roi_masks/input_1.png""}"
phase6__input_1__blur=gaussian-7,input_1,True,0.9361834931105639,0.9654514480375965,0.6569285625710075,0.910477602176852,769.528405870311,,"{""colorspace"": ""CIELAB"", ""channel_weights"": ""1,0,0"", ""darken_only"": true, ""peak_reference"": true, ""ref_mode"": [""first""], ""ref_running_alpha"": 0.05, ""dynamic_target_fraction"": 0.2, ""dynamic_lag_scale"": 1, ""pre_delta_blur"": ""none"", ""blur"": ""gaussian:7"", ""threshold"": ""otsu"", ""threshold_offset"": -10, ""morph_kernel"": 21, ""morph_shape"": ""ellipse"", ""morph_close_iterations"": 1, ""morph_open_iterations"": 1, ""min_area"": 1600, ""lock_frames"": 0, ""camera_stable"": false, ""motion_model"": ""affine"", ""motion_per_frame_threshold"": 1.5, ""cumulative_motion_threshold"": 3, ""peak_on_shift"": ""reset"", ""write_mask_pngs"": ""true"", ""write_overlay_pngs"": ""false"", ""write_heatmap_pngs"": ""false"", ""backend"": ""cuda"", ""roi_mask"": ""/home/j-vaught/bench_vrifa/data/roi_masks/input_1.png""}"
phase6__input_2__blur=gaussian-11,input_2,True,0.9625173967870321,0.9806929307555212,0.4415964630522177,0.9678766910094112,89.994459210895,,"{""colorspace"": ""CIELAB"", ""channel_weights"": ""1,0,0"", ""darken_only"": true, ""peak_reference"": true, ""ref_mode"": [""first""], ""ref_running_alpha"": 0.05, ""dynamic_target_fraction"": 0.2, ""dynamic_lag_scale"": 1, ""pre_delta_blur"": ""none"", ""blur"": ""gaussian:11"", ""threshold"": ""otsu"", ""threshold_offset"": -50, ""morph_kernel"": 21, ""morph_shape"": ""ellipse"", ""morph_close_iterations"": 1, ""morph_open_iterations"": 1, ""min_area"": 100, ""lock_frames"": 10, ""camera_stable"": false, ""motion_model"": ""affine"", ""motion_per_frame_threshold"": 1.5, ""cumulative_motion_threshold"": 3, ""peak_on_shift"": ""reset"", ""write_mask_pngs"": ""true"", ""write_overlay_pngs"": ""false"", ""write_heatmap_pngs"": ""false"", ""backend"": ""cuda"", ""roi_margin"": 0.0}"
phase6__input_1__blur=bilateral-9,input_1,True,0.8573868610219524,0.9128305621637278,0.6000061313647085,0.8315957386257631,829.7581971455365,,"{""colorspace"": ""CIELAB"", ""channel_weights"": ""1,0,0"", ""darken_only"": true, ""peak_reference"": true, ""ref_mode"": [""first""], ""ref_running_alpha"": 0.05, ""dynamic_target_fraction"": 0.2, ""dynamic_lag_scale"": 1, ""pre_delta_blur"": ""none"", ""blur"": ""bilateral:9"", ""threshold"": ""otsu"", ""threshold_offset"": -10, ""morph_kernel"": 21, ""morph_shape"": ""ellipse"", ""morph_close_iterations"": 1, ""morph_open_iterations"": 1, ""min_area"": 1600, ""lock_frames"": 0, ""camera_stable"": false, ""motion_model"": ""affine"", ""motion_per_frame_threshold"": 1.5, ""cumulative_motion_threshold"": 3, ""peak_on_shift"": ""reset"", ""write_mask_pngs"": ""true"", ""write_overlay_pngs"": ""false"", ""write_heatmap_pngs"": ""false"", ""backend"": ""cuda"", ""roi_mask"": ""/home/j-vaught/bench_vrifa/data/roi_masks/input_1.png""}"
phase6__input_2__blur=gaussian-15,input_2,True,0.9620242496697866,0.9804383124264711,0.4281694581426018,0.9682593932439707,91.82080251257867,,"{""colorspace"": ""CIELAB"", ""channel_weights"": ""1,0,0"", ""darken_only"": true, ""peak_reference"": true, ""ref_mode"": [""first""], ""ref_running_alpha"": 0.05, ""dynamic_target_fraction"": 0.2, ""dynamic_lag_scale"": 1, ""pre_delta_blur"": ""none"", ""blur"": ""gaussian:15"", ""threshold"": ""otsu"", ""threshold_offset"": -50, ""morph_kernel"": 21, ""morph_shape"": ""ellipse"", ""morph_close_iterations"": 1, ""morph_open_iterations"": 1, ""min_area"": 100, ""lock_frames"": 10, ""camera_stable"": false, ""motion_model"": ""affine"", ""motion_per_frame_threshold"": 1.5, ""cumulative_motion_threshold"": 3, ""peak_on_shift"": ""reset"", ""write_mask_pngs"": ""true"", ""write_overlay_pngs"": ""false"", ""write_heatmap_pngs"": ""false"", ""backend"": ""cuda"", ""roi_margin"": 0.0}"
phase6__input_2__blur=triangle-3,input_2,True,0.962994202248671,0.9809378458340209,0.45622848659197296,0.9641253832051744,96.4066103938967,,"{""colorspace"": ""CIELAB"", ""channel_weights"": ""1,0,0"", ""darken_only"": true, ""peak_reference"": true, ""ref_mode"": [""first""], ""ref_running_alpha"": 0.05, ""dynamic_target_fraction"": 0.2, ""dynamic_lag_scale"": 1, ""pre_delta_blur"": ""none"", ""blur"": ""triangle:3"", ""threshold"": ""otsu"", ""threshold_offset"": -50, ""morph_kernel"": 21, ""morph_shape"": ""ellipse"", ""morph_close_iterations"": 1, ""morph_open_iterations"": 1, ""min_area"": 100, ""lock_frames"": 10, ""camera_stable"": false, ""motion_model"": ""affine"", ""motion_per_frame_threshold"": 1.5, ""cumulative_motion_threshold"": 3, ""peak_on_shift"": ""reset"", ""write_mask_pngs"": ""true"", ""write_overlay_pngs"": ""false"", ""write_heatmap_pngs"": ""false"", ""backend"": ""cuda"", ""roi_margin"": 0.0}"
phase6__input_2__blur=triangle-15,input_2,True,0.961389617741467,0.9801118781545257,0.4081073047692058,0.9672433892874095,96.14626144338399,,"{""colorspace"": ""CIELAB"", ""channel_weights"": ""1,0,0"", ""darken_only"": true, ""peak_reference"": true, ""ref_mode"": [""first""], ""ref_running_alpha"": 0.05, ""dynamic_target_fraction"": 0.2, ""dynamic_lag_scale"": 1, ""pre_delta_blur"": ""none"", ""blur"": ""triangle:15"", ""threshold"": ""otsu"", ""threshold_offset"": -50, ""morph_kernel"": 21, ""morph_shape"": ""ellipse"", ""morph_close_iterations"": 1, ""morph_open_iterations"": 1, ""min_area"": 100, ""lock_frames"": 10, ""camera_stable"": false, ""motion_model"": ""affine"", ""motion_per_frame_threshold"": 1.5, ""cumulative_motion_threshold"": 3, ""peak_on_shift"": ""reset"", ""write_mask_pngs"": ""true"", ""write_overlay_pngs"": ""false"", ""write_heatmap_pngs"": ""false"", ""backend"": ""cuda"", ""roi_margin"": 0.0}"
phase6__input_2__blur=triangle-7,input_2,True,0.9627189249265211,0.9807954364949744,0.44666637063091275,0.967968026380078,95.77220117300749,,"{""colorspace"": ""CIELAB"", ""channel_weights"": ""1,0,0"", ""darken_only"": true, ""peak_reference"": true, ""ref_mode"": [""first""], ""ref_running_alpha"": 0.05, ""dynamic_target_fraction"": 0.2, ""dynamic_lag_scale"": 1, ""pre_delta_blur"": ""none"", ""blur"": ""triangle:7"", ""threshold"": ""otsu"", ""threshold_offset"": -50, ""morph_kernel"": 21, ""morph_shape"": ""ellipse"", ""morph_close_iterations"": 1, ""morph_open_iterations"": 1, ""min_area"": 100, ""lock_frames"": 10, ""camera_stable"": false, ""motion_model"": ""affine"", ""motion_per_frame_threshold"": 1.5, ""cumulative_motion_threshold"": 3, ""peak_on_shift"": ""reset"", ""write_mask_pngs"": ""true"", ""write_overlay_pngs"": ""false"", ""write_heatmap_pngs"": ""false"", ""backend"": ""cuda"", ""roi_margin"": 0.0}"
phase6__input_2__blur=triangle-11,input_2,True,0.9621198617119215,0.9804874936524218,0.4317604678074309,0.9680398493876254,96.30105893034488,,"{""colorspace"": ""CIELAB"", ""channel_weights"": ""1,0,0"", ""darken_only"": true, ""peak_reference"": true, ""ref_mode"": [""first""], ""ref_running_alpha"": 0.05, ""dynamic_target_fraction"": 0.2, ""dynamic_lag_scale"": 1, ""pre_delta_blur"": ""none"", ""blur"": ""triangle:11"", ""threshold"": ""otsu"", ""threshold_offset"": -50, ""morph_kernel"": 21, ""morph_shape"": ""ellipse"", ""morph_close_iterations"": 1, ""morph_open_iterations"": 1, ""min_area"": 100, ""lock_frames"": 10, ""camera_stable"": false, ""motion_model"": ""affine"", ""motion_per_frame_threshold"": 1.5, ""cumulative_motion_threshold"": 3, ""peak_on_shift"": ""reset"", ""write_mask_pngs"": ""true"", ""write_overlay_pngs"": ""false"", ""write_heatmap_pngs"": ""false"", ""backend"": ""cuda"", ""roi_margin"": 0.0}"
phase6__input_2__blur=median-5,input_2,True,0.963190406616725,0.9810365198944149,0.4580384162597547,0.9673166642459329,97.42402384243906,,"{""colorspace"": ""CIELAB"", ""channel_weights"": ""1,0,0"", ""darken_only"": true, ""peak_reference"": true, ""ref_mode"": [""first""], ""ref_running_alpha"": 0.05, ""dynamic_target_fraction"": 0.2, ""dynamic_lag_scale"": 1, ""pre_delta_blur"": ""none"", ""blur"": ""median:5"", ""threshold"": ""otsu"", ""threshold_offset"": -50, ""morph_kernel"": 21, ""morph_shape"": ""ellipse"", ""morph_close_iterations"": 1, ""morph_open_iterations"": 1, ""min_area"": 100, ""lock_frames"": 10, ""camera_stable"": false, ""motion_model"": ""affine"", ""motion_per_frame_threshold"": 1.5, ""cumulative_motion_threshold"": 3, ""peak_on_shift"": ""reset"", ""write_mask_pngs"": ""true"", ""write_overlay_pngs"": ""false"", ""write_heatmap_pngs"": ""false"", ""backend"": ""cuda"", ""roi_margin"": 0.0}"
phase6__input_2__blur=bilateral-9,input_2,True,0.9634554082287906,0.9811749418367451,0.4745206431200216,0.9681626586779247,100.51803876366466,,"{""colorspace"": ""CIELAB"", ""channel_weights"": ""1,0,0"", ""darken_only"": true, ""peak_reference"": true, ""ref_mode"": [""first""], ""ref_running_alpha"": 0.05, ""dynamic_target_fraction"": 0.2, ""dynamic_lag_scale"": 1, ""pre_delta_blur"": ""none"", ""blur"": ""bilateral:9"", ""threshold"": ""otsu"", ""threshold_offset"": -50, ""morph_kernel"": 21, ""morph_shape"": ""ellipse"", ""morph_close_iterations"": 1, ""morph_open_iterations"": 1, ""min_area"": 100, ""lock_frames"": 10, ""camera_stable"": false, ""motion_model"": ""affine"", ""motion_per_frame_threshold"": 1.5, ""cumulative_motion_threshold"": 3, ""peak_on_shift"": ""reset"", ""write_mask_pngs"": ""true"", ""write_overlay_pngs"": ""false"", ""write_heatmap_pngs"": ""false"", ""backend"": ""cuda"", ""roi_margin"": 0.0}"
phase6__input_3__blur=none,input_3,True,0.9743328589920394,0.9869799731934675,0.44010525557483493,0.957801247352581,241.35135624278337,,"{""colorspace"": ""CIELAB"", ""channel_weights"": ""1,0,0"", ""darken_only"": true, ""peak_reference"": true, ""ref_mode"": [""first""], ""ref_running_alpha"": 0.05, ""dynamic_target_fraction"": 0.2, ""dynamic_lag_scale"": 1, ""pre_delta_blur"": ""flat:3"", ""blur"": ""none"", ""threshold"": ""otsu"", ""threshold_offset"": -50, ""morph_kernel"": 21, ""morph_shape"": ""ellipse"", ""morph_close_iterations"": 1, ""morph_open_iterations"": 1, ""min_area"": 1600, ""lock_frames"": 3, ""camera_stable"": false, ""motion_model"": ""affine"", ""motion_per_frame_threshold"": 1.5, ""cumulative_motion_threshold"": 3, ""peak_on_shift"": ""reset"", ""write_mask_pngs"": ""true"", ""write_overlay_pngs"": ""false"", ""write_heatmap_pngs"": ""false"", ""backend"": ""cuda"", ""roi_margin"": 0.0}"
phase6__input_3__blur=flat-3,input_3,True,0.9745848938245205,0.9871086319944812,0.44554186156430386,0.9582173346479228,242.46911140996963,,"{""colorspace"": ""CIELAB"", ""channel_weights"": ""1,0,0"", ""darken_only"": true, ""peak_reference"": true, ""ref_mode"": [""first""], ""ref_running_alpha"": 0.05, ""dynamic_target_fraction"": 0.2, ""dynamic_lag_scale"": 1, ""pre_delta_blur"": ""flat:3"", ""blur"": ""flat:3"", ""threshold"": ""otsu"", ""threshold_offset"": -50, ""morph_kernel"": 21, ""morph_shape"": ""ellipse"", ""morph_close_iterations"": 1, ""morph_open_iterations"": 1, ""min_area"": 1600, ""lock_frames"": 3, ""camera_stable"": false, ""motion_model"": ""affine"", ""motion_per_frame_threshold"": 1.5, ""cumulative_motion_threshold"": 3, ""peak_on_shift"": ""reset"", ""write_mask_pngs"": ""true"", ""write_overlay_pngs"": ""false"", ""write_heatmap_pngs"": ""false"", ""backend"": ""cuda"", ""roi_margin"": 0.0}"
phase6__input_3__blur=flat-11,input_3,True,0.9738227936127414,0.9867172670882237,0.436578180937537,0.9577102947889966,243.7326572239399,,"{""colorspace"": ""CIELAB"", ""channel_weights"": ""1,0,0"", ""darken_only"": true, ""peak_reference"": true, ""ref_mode"": [""first""], ""ref_running_alpha"": 0.05, ""dynamic_target_fraction"": 0.2, ""dynamic_lag_scale"": 1, ""pre_delta_blur"": ""flat:3"", ""blur"": ""flat:11"", ""threshold"": ""otsu"", ""threshold_offset"": -50, ""morph_kernel"": 21, ""morph_shape"": ""ellipse"", ""morph_close_iterations"": 1, ""morph_open_iterations"": 1, ""min_area"": 1600, ""lock_frames"": 3, ""camera_stable"": false, ""motion_model"": ""affine"", ""motion_per_frame_threshold"": 1.5, ""cumulative_motion_threshold"": 3, ""peak_on_shift"": ""reset"", ""write_mask_pngs"": ""true"", ""write_overlay_pngs"": ""false"", ""write_heatmap_pngs"": ""false"", ""backend"": ""cuda"", ""roi_margin"": 0.0}"
phase6__input_3__blur=flat-7,input_3,True,0.9744368721580938,0.9870326227699927,0.4442685181723919,0.9578217864993462,244.69035537727177,,"{""colorspace"": ""CIELAB"", ""channel_weights"": ""1,0,0"", ""darken_only"": true, ""peak_reference"": true, ""ref_mode"": [""first""], ""ref_running_alpha"": 0.05, ""dynamic_target_fraction"": 0.2, ""dynamic_lag_scale"": 1, ""pre_delta_blur"": ""flat:3"", ""blur"": ""flat:7"", ""threshold"": ""otsu"", ""threshold_offset"": -50, ""morph_kernel"": 21, ""morph_shape"": ""ellipse"", ""morph_close_iterations"": 1, ""morph_open_iterations"": 1, ""min_area"": 1600, ""lock_frames"": 3, ""camera_stable"": false, ""motion_model"": ""affine"", ""motion_per_frame_threshold"": 1.5, ""cumulative_motion_threshold"": 3, ""peak_on_shift"": ""reset"", ""write_mask_pngs"": ""true"", ""write_overlay_pngs"": ""false"", ""write_heatmap_pngs"": ""false"", ""backend"": ""cuda"", ""roi_margin"": 0.0}"
phase6__input_3__blur=flat-15,input_3,True,0.973202854153788,0.9863997148773562,0.4203205753855904,0.9576710280748906,242.0075686974451,,"{""colorspace"": ""CIELAB"", ""channel_weights"": ""1,0,0"", ""darken_only"": true, ""peak_reference"": true, ""ref_mode"": [""first""], ""ref_running_alpha"": 0.05, ""dynamic_target_fraction"": 0.2, ""dynamic_lag_scale"": 1, ""pre_delta_blur"": ""flat:3"", ""blur"": ""flat:15"", ""threshold"": ""otsu"", ""threshold_offset"": -50, ""morph_kernel"": 21, ""morph_shape"": ""ellipse"", ""morph_close_iterations"": 1, ""morph_open_iterations"": 1, ""min_area"": 1600, ""lock_frames"": 3, ""camera_stable"": false, ""motion_model"": ""affine"", ""motion_per_frame_threshold"": 1.5, ""cumulative_motion_threshold"": 3, ""peak_on_shift"": ""reset"", ""write_mask_pngs"": ""true"", ""write_overlay_pngs"": ""false"", ""write_heatmap_pngs"": ""false"", ""backend"": ""cuda"", ""roi_margin"": 0.0}"
phase6__input_3__blur=gaussian-7,input_3,True,0.9746030943392373,0.9871180669979027,0.4452123531273292,0.9583166999652036,247.39634086564183,,"{""colorspace"": ""CIELAB"", ""channel_weights"": ""1,0,0"", ""darken_only"": true, ""peak_reference"": true, ""ref_mode"": [""first""], ""ref_running_alpha"": 0.05, ""dynamic_target_fraction"": 0.2, ""dynamic_lag_scale"": 1, ""pre_delta_blur"": ""flat:3"", ""blur"": ""gaussian:7"", ""threshold"": ""otsu"", ""threshold_offset"": -50, ""morph_kernel"": 21, ""morph_shape"": ""ellipse"", ""morph_close_iterations"": 1, ""morph_open_iterations"": 1, ""min_area"": 1600, ""lock_frames"": 3, ""camera_stable"": false, ""motion_model"": ""affine"", ""motion_per_frame_threshold"": 1.5, ""cumulative_motion_threshold"": 3, ""peak_on_shift"": ""reset"", ""write_mask_pngs"": ""true"", ""write_overlay_pngs"": ""false"", ""write_heatmap_pngs"": ""false"", ""backend"": ""cuda"", ""roi_margin"": 0.0}"
phase6__input_3__blur=gaussian-3,input_3,True,0.9746354529307176,0.9871352712467918,0.44413012812778413,0.9582173346479228,249.78803277015686,,"{""colorspace"": ""CIELAB"", ""channel_weights"": ""1,0,0"", ""darken_only"": true, ""peak_reference"": true, ""ref_mode"": [""first""], ""ref_running_alpha"": 0.05, ""dynamic_target_fraction"": 0.2, ""dynamic_lag_scale"": 1, ""pre_delta_blur"": ""flat:3"", ""blur"": ""gaussian:3"", ""threshold"": ""otsu"", ""threshold_offset"": -50, ""morph_kernel"": 21, ""morph_shape"": ""ellipse"", ""morph_close_iterations"": 1, ""morph_open_iterations"": 1, ""min_area"": 1600, ""lock_frames"": 3, ""camera_stable"": false, ""motion_model"": ""affine"", ""motion_per_frame_threshold"": 1.5, ""cumulative_motion_threshold"": 3, ""peak_on_shift"": ""reset"", ""write_mask_pngs"": ""true"", ""write_overlay_pngs"": ""false"", ""write_heatmap_pngs"": ""false"", ""backend"": ""cuda"", ""roi_margin"": 0.0}"
phase6__input_3__blur=gaussian-11,input_3,True,0.9743343396536324,0.9869801441052493,0.4438547080590876,0.9576127687409809,266.4511299384758,,"{""colorspace"": ""CIELAB"", ""channel_weights"": ""1,0,0"", ""darken_only"": true, ""peak_reference"": true, ""ref_mode"": [""first""], ""ref_running_alpha"": 0.05, ""dynamic_target_fraction"": 0.2, ""dynamic_lag_scale"": 1, ""pre_delta_blur"": ""flat:3"", ""blur"": ""gaussian:11"", ""threshold"": ""otsu"", ""threshold_offset"": -50, ""morph_kernel"": 21, ""morph_shape"": ""ellipse"", ""morph_close_iterations"": 1, ""morph_open_iterations"": 1, ""min_area"": 1600, ""lock_frames"": 3, ""camera_stable"": false, ""motion_model"": ""affine"", ""motion_per_frame_threshold"": 1.5, ""cumulative_motion_threshold"": 3, ""peak_on_shift"": ""reset"", ""write_mask_pngs"": ""true"", ""write_overlay_pngs"": ""false"", ""write_heatmap_pngs"": ""false"", ""backend"": ""cuda"", ""roi_margin"": 0.0}"
phase6__input_3__blur=gaussian-15,input_3,True,0.9741252058389778,0.986872399305122,0.44110159137592486,0.9579214990931793,265.21940303687006,,"{""colorspace"": ""CIELAB"", ""channel_weights"": ""1,0,0"", ""darken_only"": true, ""peak_reference"": true, ""ref_mode"": [""first""], ""ref_running_alpha"": 0.05, ""dynamic_target_fraction"": 0.2, ""dynamic_lag_scale"": 1, ""pre_delta_blur"": ""flat:3"", ""blur"": ""gaussian:15"", ""threshold"": ""otsu"", ""threshold_offset"": -50, ""morph_kernel"": 21, ""morph_shape"": ""ellipse"", ""morph_close_iterations"": 1, ""morph_open_iterations"": 1, ""min_area"": 1600, ""lock_frames"": 3, ""camera_stable"": false, ""motion_model"": ""affine"", ""motion_per_frame_threshold"": 1.5, ""cumulative_motion_threshold"": 3, ""peak_on_shift"": ""reset"", ""write_mask_pngs"": ""true"", ""write_overlay_pngs"": ""false"", ""write_heatmap_pngs"": ""false"", ""backend"": ""cuda"", ""roi_margin"": 0.0}"
phase6__input_3__blur=triangle-3,input_3,True,0.9746354529307176,0.9871352712467918,0.44413012812778413,0.9582173346479228,266.7249998524785,,"{""colorspace"": ""CIELAB"", ""channel_weights"": ""1,0,0"", ""darken_only"": true, ""peak_reference"": true, ""ref_mode"": [""first""], ""ref_running_alpha"": 0.05, ""dynamic_target_fraction"": 0.2, ""dynamic_lag_scale"": 1, ""pre_delta_blur"": ""flat:3"", ""blur"": ""triangle:3"", ""threshold"": ""otsu"", ""threshold_offset"": -50, ""morph_kernel"": 21, ""morph_shape"": ""ellipse"", ""morph_close_iterations"": 1, ""morph_open_iterations"": 1, ""min_area"": 1600, ""lock_frames"": 3, ""camera_stable"": false, ""motion_model"": ""affine"", ""motion_per_frame_threshold"": 1.5, ""cumulative_motion_threshold"": 3, ""peak_on_shift"": ""reset"", ""write_mask_pngs"": ""true"", ""write_overlay_pngs"": ""false"", ""write_heatmap_pngs"": ""false"", ""backend"": ""cuda"", ""roi_margin"": 0.0}"
phase6__input_3__blur=median-5,input_3,True,0.9746371141220983,0.9871348523073988,0.4464492481397995,0.9582173346479228,266.0673272246495,,"{""colorspace"": ""CIELAB"", ""channel_weights"": ""1,0,0"", ""darken_only"": true, ""peak_reference"": true, ""ref_mode"": [""first""], ""ref_running_alpha"": 0.05, ""dynamic_target_fraction"": 0.2, ""dynamic_lag_scale"": 1, ""pre_delta_blur"": ""flat:3"", ""blur"": ""median:5"", ""threshold"": ""otsu"", ""threshold_offset"": -50, ""morph_kernel"": 21, ""morph_shape"": ""ellipse"", ""morph_close_iterations"": 1, ""morph_open_iterations"": 1, ""min_area"": 1600, ""lock_frames"": 3, ""camera_stable"": false, ""motion_model"": ""affine"", ""motion_per_frame_threshold"": 1.5, ""cumulative_motion_threshold"": 3, ""peak_on_shift"": ""reset"", ""write_mask_pngs"": ""true"", ""write_overlay_pngs"": ""false"", ""write_heatmap_pngs"": ""false"", ""backend"": ""cuda"", ""roi_margin"": 0.0}"
phase6__input_3__blur=triangle-7,input_3,True,0.9745761756317112,0.9871043756997819,0.4449469655394932,0.9584248461526774,269.22832585219294,,"{""colorspace"": ""CIELAB"", ""channel_weights"": ""1,0,0"", ""darken_only"": true, ""peak_reference"": true, ""ref_mode"": [""first""], ""ref_running_alpha"": 0.05, ""dynamic_target_fraction"": 0.2, ""dynamic_lag_scale"": 1, ""pre_delta_blur"": ""flat:3"", ""blur"": ""triangle:7"", ""threshold"": ""otsu"", ""threshold_offset"": -50, ""morph_kernel"": 21, ""morph_shape"": ""ellipse"", ""morph_close_iterations"": 1, ""morph_open_iterations"": 1, ""min_area"": 1600, ""lock_frames"": 3, ""camera_stable"": false, ""motion_model"": ""affine"", ""motion_per_frame_threshold"": 1.5, ""cumulative_motion_threshold"": 3, ""peak_on_shift"": ""reset"", ""write_mask_pngs"": ""true"", ""write_overlay_pngs"": ""false"", ""write_heatmap_pngs"": ""false"", ""backend"": ""cuda"", ""roi_margin"": 0.0}"
phase6__input_3__blur=triangle-11,input_3,True,0.9741212842246896,0.9868702888715942,0.441319275010998,0.9579002857418188,277.9745723186061,,"{""colorspace"": ""CIELAB"", ""channel_weights"": ""1,0,0"", ""darken_only"": true, ""peak_reference"": true, ""ref_mode"": [""first""], ""ref_running_alpha"": 0.05, ""dynamic_target_fraction"": 0.2, ""dynamic_lag_scale"": 1, ""pre_delta_blur"": ""flat:3"", ""blur"": ""triangle:11"", ""threshold"": ""otsu"", ""threshold_offset"": -50, ""morph_kernel"": 21, ""morph_shape"": ""ellipse"", ""morph_close_iterations"": 1, ""morph_open_iterations"": 1, ""min_area"": 1600, ""lock_frames"": 3, ""camera_stable"": false, ""motion_model"": ""affine"", ""motion_per_frame_threshold"": 1.5, ""cumulative_motion_threshold"": 3, ""peak_on_shift"": ""reset"", ""write_mask_pngs"": ""true"", ""write_overlay_pngs"": ""false"", ""write_heatmap_pngs"": ""false"", ""backend"": ""cuda"", ""roi_margin"": 0.0}"
phase6__input_3__blur=triangle-15,input_3,True,0.9738759315298753,0.9867447515109349,0.4373382538034053,0.9577102947889966,278.7055921247229,,"{""colorspace"": ""CIELAB"", ""channel_weights"": ""1,0,0"", ""darken_only"": true, ""peak_reference"": true, ""ref_mode"": [""first""], ""ref_running_alpha"": 0.05, ""dynamic_target_fraction"": 0.2, ""dynamic_lag_scale"": 1, ""pre_delta_blur"": ""flat:3"", ""blur"": ""triangle:15"", ""threshold"": ""otsu"", ""threshold_offset"": -50, ""morph_kernel"": 21, ""morph_shape"": ""ellipse"", ""morph_close_iterations"": 1, ""morph_open_iterations"": 1, ""min_area"": 1600, ""lock_frames"": 3, ""camera_stable"": false, ""motion_model"": ""affine"", ""motion_per_frame_threshold"": 1.5, ""cumulative_motion_threshold"": 3, ""peak_on_shift"": ""reset"", ""write_mask_pngs"": ""true"", ""write_overlay_pngs"": ""false"", ""write_heatmap_pngs"": ""false"", ""backend"": ""cuda"", ""roi_margin"": 0.0}"
phase6__input_3__blur=bilateral-9,input_3,True,0.9746504999930694,0.9871412129579946,0.4472509398743026,0.9583686378446309,286.9456361895427,,"{""colorspace"": ""CIELAB"", ""channel_weights"": ""1,0,0"", ""darken_only"": true, ""peak_reference"": true, ""ref_mode"": [""first""], ""ref_running_alpha"": 0.05, ""dynamic_target_fraction"": 0.2, ""dynamic_lag_scale"": 1, ""pre_delta_blur"": ""flat:3"", ""blur"": ""bilateral:9"", ""threshold"": ""otsu"", ""threshold_offset"": -50, ""morph_kernel"": 21, ""morph_shape"": ""ellipse"", ""morph_close_iterations"": 1, ""morph_open_iterations"": 1, ""min_area"": 1600, ""lock_frames"": 3, ""camera_stable"": false, ""motion_model"": ""affine"", ""motion_per_frame_threshold"": 1.5, ""cumulative_motion_threshold"": 3, ""peak_on_shift"": ""reset"", ""write_mask_pngs"": ""true"", ""write_overlay_pngs"": ""false"", ""write_heatmap_pngs"": ""false"", ""backend"": ""cuda"", ""roi_margin"": 0.0}"
phase6__input_4__blur=none,input_4,True,0.9324818019696435,0.9649555707373196,0.34213727877015915,0.912654951396159,890.1880838721991,,"{""colorspace"": ""CIELAB"", ""channel_weights"": ""1,0,0"", ""darken_only"": true, ""peak_reference"": true, ""ref_mode"": [""first""], ""ref_running_alpha"": 0.05, ""dynamic_target_fraction"": 0.2, ""dynamic_lag_scale"": 1, ""pre_delta_blur"": ""bilateral:9"", ""blur"": ""none"", ""threshold"": ""otsu"", ""threshold_offset"": -30, ""morph_kernel"": 13, ""morph_shape"": ""ellipse"", ""morph_close_iterations"": 1, ""morph_open_iterations"": 1, ""min_area"": 400, ""lock_frames"": 0, ""camera_stable"": false, ""motion_model"": ""affine"", ""motion_per_frame_threshold"": 1.5, ""cumulative_motion_threshold"": 3, ""peak_on_shift"": ""reset"", ""write_mask_pngs"": ""true"", ""write_overlay_pngs"": ""false"", ""write_heatmap_pngs"": ""false"", ""backend"": ""cuda"", ""roi_margin"": 0.0}"
phase6__input_5__blur=none,input_5,True,0.9590844290445514,0.9790843775422793,0.5615493725819808,0.9400305532179436,632.9803230492398,,"{""colorspace"": ""CIELAB"", ""channel_weights"": ""1,0,0"", ""darken_only"": true, ""peak_reference"": true, ""ref_mode"": [""first""], ""ref_running_alpha"": 0.05, ""dynamic_target_fraction"": 0.2, ""dynamic_lag_scale"": 1, ""pre_delta_blur"": ""gaussian:3"", ""blur"": ""none"", ""threshold"": ""otsu"", ""threshold_offset"": -10, ""morph_kernel"": 21, ""morph_shape"": ""ellipse"", ""morph_close_iterations"": 1, ""morph_open_iterations"": 1, ""min_area"": 1600, ""lock_frames"": 10, ""camera_stable"": false, ""motion_model"": ""affine"", ""motion_per_frame_threshold"": 1.5, ""cumulative_motion_threshold"": 3, ""peak_on_shift"": ""reset"", ""write_mask_pngs"": ""true"", ""write_overlay_pngs"": ""false"", ""write_heatmap_pngs"": ""false"", ""backend"": ""cuda"", ""roi_margin"": 0.0}"
phase6__input_4__blur=gaussian-3,input_4,True,0.9327194824166971,0.9651020352246198,0.3432833592531273,0.9137034636931706,1018.8132455116138,,"{""colorspace"": ""CIELAB"", ""channel_weights"": ""1,0,0"", ""darken_only"": true, ""peak_reference"": true, ""ref_mode"": [""first""], ""ref_running_alpha"": 0.05, ""dynamic_target_fraction"": 0.2, ""dynamic_lag_scale"": 1, ""pre_delta_blur"": ""bilateral:9"", ""blur"": ""gaussian:3"", ""threshold"": ""otsu"", ""threshold_offset"": -30, ""morph_kernel"": 13, ""morph_shape"": ""ellipse"", ""morph_close_iterations"": 1, ""morph_open_iterations"": 1, ""min_area"": 400, ""lock_frames"": 0, ""camera_stable"": false, ""motion_model"": ""affine"", ""motion_per_frame_threshold"": 1.5, ""cumulative_motion_threshold"": 3, ""peak_on_shift"": ""reset"", ""write_mask_pngs"": ""true"", ""write_overlay_pngs"": ""false"", ""write_heatmap_pngs"": ""false"", ""backend"": ""cuda"", ""roi_margin"": 0.0}"
phase6__input_4__blur=flat-3,input_4,True,0.9328680218895725,0.9651807873237994,0.34456792048956625,0.9144987354103806,1032.300880331546,,"{""colorspace"": ""CIELAB"", ""channel_weights"": ""1,0,0"", ""darken_only"": true, ""peak_reference"": true, ""ref_mode"": [""first""], ""ref_running_alpha"": 0.05, ""dynamic_target_fraction"": 0.2, ""dynamic_lag_scale"": 1, ""pre_delta_blur"": ""bilateral:9"", ""blur"": ""flat:3"", ""threshold"": ""otsu"", ""threshold_offset"": -30, ""morph_kernel"": 13, ""morph_shape"": ""ellipse"", ""morph_close_iterations"": 1, ""morph_open_iterations"": 1, ""min_area"": 400, ""lock_frames"": 0, ""camera_stable"": false, ""motion_model"": ""affine"", ""motion_per_frame_threshold"": 1.5, ""cumulative_motion_threshold"": 3, ""peak_on_shift"": ""reset"", ""write_mask_pngs"": ""true"", ""write_overlay_pngs"": ""false"", ""write_heatmap_pngs"": ""false"", ""backend"": ""cuda"", ""roi_margin"": 0.0}"
phase6__input_4__blur=flat-15,input_4,True,0.929259059608745,0.963236676908798,0.3206336094343781,0.9109668222590293,1029.6491531915963,,"{""colorspace"": ""CIELAB"", ""channel_weights"": ""1,0,0"", ""darken_only"": true, ""peak_reference"": true, ""ref_mode"": [""first""], ""ref_running_alpha"": 0.05, ""dynamic_target_fraction"": 0.2, ""dynamic_lag_scale"": 1, ""pre_delta_blur"": ""bilateral:9"", ""blur"": ""flat:15"", ""threshold"": ""otsu"", ""threshold_offset"": -30, ""morph_kernel"": 13, ""morph_shape"": ""ellipse"", ""morph_close_iterations"": 1, ""morph_open_iterations"": 1, ""min_area"": 400, ""lock_frames"": 0, ""camera_stable"": false, ""motion_model"": ""affine"", ""motion_per_frame_threshold"": 1.5, ""cumulative_motion_threshold"": 3, ""peak_on_shift"": ""reset"", ""write_mask_pngs"": ""true"", ""write_overlay_pngs"": ""false"", ""write_heatmap_pngs"": ""false"", ""backend"": ""cuda"", ""roi_margin"": 0.0}"
phase6__input_4__blur=gaussian-7,input_4,True,0.9332244517974052,0.9653711989905147,0.3494900024996948,0.9139630213494753,1023.1796018760651,,"{""colorspace"": ""CIELAB"", ""channel_weights"": ""1,0,0"", ""darken_only"": true, ""peak_reference"": true, ""ref_mode"": [""first""], ""ref_running_alpha"": 0.05, ""dynamic_target_fraction"": 0.2, ""dynamic_lag_scale"": 1, ""pre_delta_blur"": ""bilateral:9"", ""blur"": ""gaussian:7"", ""threshold"": ""otsu"", ""threshold_offset"": -30, ""morph_kernel"": 13, ""morph_shape"": ""ellipse"", ""morph_close_iterations"": 1, ""morph_open_iterations"": 1, ""min_area"": 400, ""lock_frames"": 0, ""camera_stable"": false, ""motion_model"": ""affine"", ""motion_per_frame_threshold"": 1.5, ""cumulative_motion_threshold"": 3, ""peak_on_shift"": ""reset"", ""write_mask_pngs"": ""true"", ""write_overlay_pngs"": ""false"", ""write_heatmap_pngs"": ""false"", ""backend"": ""cuda"", ""roi_margin"": 0.0}"
phase6__input_4__blur=flat-11,input_4,True,0.9318651439777209,0.9646354341715746,0.34103386829151433,0.9112928932063167,1040.2650077370927,,"{""colorspace"": ""CIELAB"", ""channel_weights"": ""1,0,0"", ""darken_only"": true, ""peak_reference"": true, ""ref_mode"": [""first""], ""ref_running_alpha"": 0.05, ""dynamic_target_fraction"": 0.2, ""dynamic_lag_scale"": 1, ""pre_delta_blur"": ""bilateral:9"", ""blur"": ""flat:11"", ""threshold"": ""otsu"", ""threshold_offset"": -30, ""morph_kernel"": 13, ""morph_shape"": ""ellipse"", ""morph_close_iterations"": 1, ""morph_open_iterations"": 1, ""min_area"": 400, ""lock_frames"": 0, ""camera_stable"": false, ""motion_model"": ""affine"", ""motion_per_frame_threshold"": 1.5, ""cumulative_motion_threshold"": 3, ""peak_on_shift"": ""reset"", ""write_mask_pngs"": ""true"", ""write_overlay_pngs"": ""false"", ""write_heatmap_pngs"": ""false"", ""backend"": ""cuda"", ""roi_margin"": 0.0}"
phase6__input_4__blur=flat-7,input_4,True,0.9335575248295871,0.9655461361442228,0.3516071579376298,0.9143846983334643,1047.6634998135269,,"{""colorspace"": ""CIELAB"", ""channel_weights"": ""1,0,0"", ""darken_only"": true, ""peak_reference"": true, ""ref_mode"": [""first""], ""ref_running_alpha"": 0.05, ""dynamic_target_fraction"": 0.2, ""dynamic_lag_scale"": 1, ""pre_delta_blur"": ""bilateral:9"", ""blur"": ""flat:7"", ""threshold"": ""otsu"", ""threshold_offset"": -30, ""morph_kernel"": 13, ""morph_shape"": ""ellipse"", ""morph_close_iterations"": 1, ""morph_open_iterations"": 1, ""min_area"": 400, ""lock_frames"": 0, ""camera_stable"": false, ""motion_model"": ""affine"", ""motion_per_frame_threshold"": 1.5, ""cumulative_motion_threshold"": 3, ""peak_on_shift"": ""reset"", ""write_mask_pngs"": ""true"", ""write_overlay_pngs"": ""false"", ""write_heatmap_pngs"": ""false"", ""backend"": ""cuda"", ""roi_margin"": 0.0}"
phase6__input_4__blur=gaussian-11,input_4,True,0.933357626970737,0.965439729777429,0.35131618420212407,0.9129327976884785,1038.5802144771442,,"{""colorspace"": ""CIELAB"", ""channel_weights"": ""1,0,0"", ""darken_only"": true, ""peak_reference"": true, ""ref_mode"": [""first""], ""ref_running_alpha"": 0.05, ""dynamic_target_fraction"": 0.2, ""dynamic_lag_scale"": 1, ""pre_delta_blur"": ""bilateral:9"", ""blur"": ""gaussian:11"", ""threshold"": ""otsu"", ""threshold_offset"": -30, ""morph_kernel"": 13, ""morph_shape"": ""ellipse"", ""morph_close_iterations"": 1, ""morph_open_iterations"": 1, ""min_area"": 400, ""lock_frames"": 0, ""camera_stable"": false, ""motion_model"": ""affine"", ""motion_per_frame_threshold"": 1.5, ""cumulative_motion_threshold"": 3, ""peak_on_shift"": ""reset"", ""write_mask_pngs"": ""true"", ""write_overlay_pngs"": ""false"", ""write_heatmap_pngs"": ""false"", ""backend"": ""cuda"", ""roi_margin"": 0.0}"
phase6__input_4__blur=gaussian-15,input_4,True,0.9329440333586685,0.9652180183770482,0.35095691966812875,0.9123852166831578,1040.0026116389781,,"{""colorspace"": ""CIELAB"", ""channel_weights"": ""1,0,0"", ""darken_only"": true, ""peak_reference"": true, ""ref_mode"": [""first""], ""ref_running_alpha"": 0.05, ""dynamic_target_fraction"": 0.2, ""dynamic_lag_scale"": 1, ""pre_delta_blur"": ""bilateral:9"", ""blur"": ""gaussian:15"", ""threshold"": ""otsu"", ""threshold_offset"": -30, ""morph_kernel"": 13, ""morph_shape"": ""ellipse"", ""morph_close_iterations"": 1, ""morph_open_iterations"": 1, ""min_area"": 400, ""lock_frames"": 0, ""camera_stable"": false, ""motion_model"": ""affine"", ""motion_per_frame_threshold"": 1.5, ""cumulative_motion_threshold"": 3, ""peak_on_shift"": ""reset"", ""write_mask_pngs"": ""true"", ""write_overlay_pngs"": ""false"", ""write_heatmap_pngs"": ""false"", ""backend"": ""cuda"", ""roi_margin"": 0.0}"
phase6__input_4__blur=triangle-3,input_4,True,0.9327194824166971,0.9651020352246198,0.3432833592531273,0.9137034636931706,1055.6573399128392,,"{""colorspace"": ""CIELAB"", ""channel_weights"": ""1,0,0"", ""darken_only"": true, ""peak_reference"": true, ""ref_mode"": [""first""], ""ref_running_alpha"": 0.05, ""dynamic_target_fraction"": 0.2, ""dynamic_lag_scale"": 1, ""pre_delta_blur"": ""bilateral:9"", ""blur"": ""triangle:3"", ""threshold"": ""otsu"", ""threshold_offset"": -30, ""morph_kernel"": 13, ""morph_shape"": ""ellipse"", ""morph_close_iterations"": 1, ""morph_open_iterations"": 1, ""min_area"": 400, ""lock_frames"": 0, ""camera_stable"": false, ""motion_model"": ""affine"", ""motion_per_frame_threshold"": 1.5, ""cumulative_motion_threshold"": 3, ""peak_on_shift"": ""reset"", ""write_mask_pngs"": ""true"", ""write_overlay_pngs"": ""false"", ""write_heatmap_pngs"": ""false"", ""backend"": ""cuda"", ""roi_margin"": 0.0}"
phase6__input_4__blur=triangle-7,input_4,True,0.9333439201805973,0.9654337444070571,0.35034278100303334,0.9144345352323745,1051.4445229284465,,"{""colorspace"": ""CIELAB"", ""channel_weights"": ""1,0,0"", ""darken_only"": true, ""peak_reference"": true, ""ref_mode"": [""first""], ""ref_running_alpha"": 0.05, ""dynamic_target_fraction"": 0.2, ""dynamic_lag_scale"": 1, ""pre_delta_blur"": ""bilateral:9"", ""blur"": ""triangle:7"", ""threshold"": ""otsu"", ""threshold_offset"": -30, ""morph_kernel"": 13, ""morph_shape"": ""ellipse"", ""morph_close_iterations"": 1, ""morph_open_iterations"": 1, ""min_area"": 400, ""lock_frames"": 0, ""camera_stable"": false, ""motion_model"": ""affine"", ""motion_per_frame_threshold"": 1.5, ""cumulative_motion_threshold"": 3, ""peak_on_shift"": ""reset"", ""write_mask_pngs"": ""true"", ""write_overlay_pngs"": ""false"", ""write_heatmap_pngs"": ""false"", ""backend"": ""cuda"", ""roi_margin"": 0.0}"
phase6__input_4__blur=triangle-11,input_4,True,0.9328551960555919,0.9651705648893285,0.35030385617567533,0.9120079792644546,1052.0958327678964,,"{""colorspace"": ""CIELAB"", ""channel_weights"": ""1,0,0"", ""darken_only"": true, ""peak_reference"": true, ""ref_mode"": [""first""], ""ref_running_alpha"": 0.05, ""dynamic_target_fraction"": 0.2, ""dynamic_lag_scale"": 1, ""pre_delta_blur"": ""bilateral:9"", ""blur"": ""triangle:11"", ""threshold"": ""otsu"", ""threshold_offset"": -30, ""morph_kernel"": 13, ""morph_shape"": ""ellipse"", ""morph_close_iterations"": 1, ""morph_open_iterations"": 1, ""min_area"": 400, ""lock_frames"": 0, ""camera_stable"": false, ""motion_model"": ""affine"", ""motion_per_frame_threshold"": 1.5, ""cumulative_motion_threshold"": 3, ""peak_on_shift"": ""reset"", ""write_mask_pngs"": ""true"", ""write_overlay_pngs"": ""false"", ""write_heatmap_pngs"": ""false"", ""backend"": ""cuda"", ""roi_margin"": 0.0}"
phase6__input_4__blur=median-5,input_4,True,0.9337423116819717,0.9656507637096526,0.35295482287973606,0.9161240151249601,1051.9995672767982,,"{""colorspace"": ""CIELAB"", ""channel_weights"": ""1,0,0"", ""darken_only"": true, ""peak_reference"": true, ""ref_mode"": [""first""], ""ref_running_alpha"": 0.05, ""dynamic_target_fraction"": 0.2, ""dynamic_lag_scale"": 1, ""pre_delta_blur"": ""bilateral:9"", ""blur"": ""median:5"", ""threshold"": ""otsu"", ""threshold_offset"": -30, ""morph_kernel"": 13, ""morph_shape"": ""ellipse"", ""morph_close_iterations"": 1, ""morph_open_iterations"": 1, ""min_area"": 400, ""lock_frames"": 0, ""camera_stable"": false, ""motion_model"": ""affine"", ""motion_per_frame_threshold"": 1.5, ""cumulative_motion_threshold"": 3, ""peak_on_shift"": ""reset"", ""write_mask_pngs"": ""true"", ""write_overlay_pngs"": ""false"", ""write_heatmap_pngs"": ""false"", ""backend"": ""cuda"", ""roi_margin"": 0.0}"
phase6__input_4__blur=triangle-15,input_4,True,0.9322017457334212,0.9648165812276408,0.3482672024599908,0.910906574384604,1062.5862516611814,,"{""colorspace"": ""CIELAB"", ""channel_weights"": ""1,0,0"", ""darken_only"": true, ""peak_reference"": true, ""ref_mode"": [""first""], ""ref_running_alpha"": 0.05, ""dynamic_target_fraction"": 0.2, ""dynamic_lag_scale"": 1, ""pre_delta_blur"": ""bilateral:9"", ""blur"": ""triangle:15"", ""threshold"": ""otsu"", ""threshold_offset"": -30, ""morph_kernel"": 13, ""morph_shape"": ""ellipse"", ""morph_close_iterations"": 1, ""morph_open_iterations"": 1, ""min_area"": 400, ""lock_frames"": 0, ""camera_stable"": false, ""motion_model"": ""affine"", ""motion_per_frame_threshold"": 1.5, ""cumulative_motion_threshold"": 3, ""peak_on_shift"": ""reset"", ""write_mask_pngs"": ""true"", ""write_overlay_pngs"": ""false"", ""write_heatmap_pngs"": ""false"", ""backend"": ""cuda"", ""roi_margin"": 0.0}"
phase6__input_4__blur=bilateral-9,input_4,True,0.9330119984157035,0.9652608480382693,0.3481200045230581,0.9140168810176617,1113.5043356688693,,"{""colorspace"": ""CIELAB"", ""channel_weights"": ""1,0,0"", ""darken_only"": true, ""peak_reference"": true, ""ref_mode"": [""first""], ""ref_running_alpha"": 0.05, ""dynamic_target_fraction"": 0.2, ""dynamic_lag_scale"": 1, ""pre_delta_blur"": ""bilateral:9"", ""blur"": ""bilateral:9"", ""threshold"": ""otsu"", ""threshold_offset"": -30, ""morph_kernel"": 13, ""morph_shape"": ""ellipse"", ""morph_close_iterations"": 1, ""morph_open_iterations"": 1, ""min_area"": 400, ""lock_frames"": 0, ""camera_stable"": false, ""motion_model"": ""affine"", ""motion_per_frame_threshold"": 1.5, ""cumulative_motion_threshold"": 3, ""peak_on_shift"": ""reset"", ""write_mask_pngs"": ""true"", ""write_overlay_pngs"": ""false"", ""write_heatmap_pngs"": ""false"", ""backend"": ""cuda"", ""roi_margin"": 0.0}"
phase6__input_5__blur=flat-3,input_5,True,0.9594179233488992,0.9792650176805516,0.5685292013732374,0.9408678736294,591.2938550021499,,"{""colorspace"": ""CIELAB"", ""channel_weights"": ""1,0,0"", ""darken_only"": true, ""peak_reference"": true, ""ref_mode"": [""first""], ""ref_running_alpha"": 0.05, ""dynamic_target_fraction"": 0.2, ""dynamic_lag_scale"": 1, ""pre_delta_blur"": ""gaussian:3"", ""blur"": ""flat:3"", ""threshold"": ""otsu"", ""threshold_offset"": -10, ""morph_kernel"": 21, ""morph_shape"": ""ellipse"", ""morph_close_iterations"": 1, ""morph_open_iterations"": 1, ""min_area"": 1600, ""lock_frames"": 10, ""camera_stable"": false, ""motion_model"": ""affine"", ""motion_per_frame_threshold"": 1.5, ""cumulative_motion_threshold"": 3, ""peak_on_shift"": ""reset"", ""write_mask_pngs"": ""true"", ""write_overlay_pngs"": ""false"", ""write_heatmap_pngs"": ""false"", ""backend"": ""cuda"", ""roi_margin"": 0.0}"
phase6__input_5__blur=flat-7,input_5,True,0.9590642876128902,0.9790882031426447,0.5629894807724647,0.9387704474327772,588.997128480114,,"{""colorspace"": ""CIELAB"", ""channel_weights"": ""1,0,0"", ""darken_only"": true, ""peak_reference"": true, ""ref_mode"": [""first""], ""ref_running_alpha"": 0.05, ""dynamic_target_fraction"": 0.2, ""dynamic_lag_scale"": 1, ""pre_delta_blur"": ""gaussian:3"", ""blur"": ""flat:7"", ""threshold"": ""otsu"", ""threshold_offset"": -10, ""morph_kernel"": 21, ""morph_shape"": ""ellipse"", ""morph_close_iterations"": 1, ""morph_open_iterations"": 1, ""min_area"": 1600, ""lock_frames"": 10, ""camera_stable"": false, ""motion_model"": ""affine"", ""motion_per_frame_threshold"": 1.5, ""cumulative_motion_threshold"": 3, ""peak_on_shift"": ""reset"", ""write_mask_pngs"": ""true"", ""write_overlay_pngs"": ""false"", ""write_heatmap_pngs"": ""false"", ""backend"": ""cuda"", ""roi_margin"": 0.0}"
phase6__input_5__blur=flat-11,input_5,True,0.9533998951441942,0.976135241615934,0.5083856079439344,0.9358069213015747,561.4092635326087,,"{""colorspace"": ""CIELAB"", ""channel_weights"": ""1,0,0"", ""darken_only"": true, ""peak_reference"": true, ""ref_mode"": [""first""], ""ref_running_alpha"": 0.05, ""dynamic_target_fraction"": 0.2, ""dynamic_lag_scale"": 1, ""pre_delta_blur"": ""gaussian:3"", ""blur"": ""flat:11"", ""threshold"": ""otsu"", ""threshold_offset"": -10, ""morph_kernel"": 21, ""morph_shape"": ""ellipse"", ""morph_close_iterations"": 1, ""morph_open_iterations"": 1, ""min_area"": 1600, ""lock_frames"": 10, ""camera_stable"": false, ""motion_model"": ""affine"", ""motion_per_frame_threshold"": 1.5, ""cumulative_motion_threshold"": 3, ""peak_on_shift"": ""reset"", ""write_mask_pngs"": ""true"", ""write_overlay_pngs"": ""false"", ""write_heatmap_pngs"": ""false"", ""backend"": ""cuda"", ""roi_margin"": 0.0}"
phase6__input_5__blur=gaussian-3,input_5,True,0.9593723662255146,0.9792390196087742,0.5677315029377782,0.939756358704166,555.0286450441927,,"{""colorspace"": ""CIELAB"", ""channel_weights"": ""1,0,0"", ""darken_only"": true, ""peak_reference"": true, ""ref_mode"": [""first""], ""ref_running_alpha"": 0.05, ""dynamic_target_fraction"": 0.2, ""dynamic_lag_scale"": 1, ""pre_delta_blur"": ""gaussian:3"", ""blur"": ""gaussian:3"", ""threshold"": ""otsu"", ""threshold_offset"": -10, ""morph_kernel"": 21, ""morph_shape"": ""ellipse"", ""morph_close_iterations"": 1, ""morph_open_iterations"": 1, ""min_area"": 1600, ""lock_frames"": 10, ""camera_stable"": false, ""motion_model"": ""affine"", ""motion_per_frame_threshold"": 1.5, ""cumulative_motion_threshold"": 3, ""peak_on_shift"": ""reset"", ""write_mask_pngs"": ""true"", ""write_overlay_pngs"": ""false"", ""write_heatmap_pngs"": ""false"", ""backend"": ""cuda"", ""roi_margin"": 0.0}"
phase6__input_5__blur=flat-15,input_5,True,0.9508658920913471,0.974806742298418,0.48571403486041625,0.9341159280610448,558.1686571585014,,"{""colorspace"": ""CIELAB"", ""channel_weights"": ""1,0,0"", ""darken_only"": true, ""peak_reference"": true, ""ref_mode"": [""first""], ""ref_running_alpha"": 0.05, ""dynamic_target_fraction"": 0.2, ""dynamic_lag_scale"": 1, ""pre_delta_blur"": ""gaussian:3"", ""blur"": ""flat:15"", ""threshold"": ""otsu"", ""threshold_offset"": -10, ""morph_kernel"": 21, ""morph_shape"": ""ellipse"", ""morph_close_iterations"": 1, ""morph_open_iterations"": 1, ""min_area"": 1600, ""lock_frames"": 10, ""camera_stable"": false, ""motion_model"": ""affine"", ""motion_per_frame_threshold"": 1.5, ""cumulative_motion_threshold"": 3, ""peak_on_shift"": ""reset"", ""write_mask_pngs"": ""true"", ""write_overlay_pngs"": ""false"", ""write_heatmap_pngs"": ""false"", ""backend"": ""cuda"", ""roi_margin"": 0.0}"
phase6__input_5__blur=gaussian-11,input_5,True,0.9588553176038654,0.9789788551328508,0.5630525528158764,0.939260925868995,559.225744095631,,"{""colorspace"": ""CIELAB"", ""channel_weights"": ""1,0,0"", ""darken_only"": true, ""peak_reference"": true, ""ref_mode"": [""first""], ""ref_running_alpha"": 0.05, ""dynamic_target_fraction"": 0.2, ""dynamic_lag_scale"": 1, ""pre_delta_blur"": ""gaussian:3"", ""blur"": ""gaussian:11"", ""threshold"": ""otsu"", ""threshold_offset"": -10, ""morph_kernel"": 21, ""morph_shape"": ""ellipse"", ""morph_close_iterations"": 1, ""morph_open_iterations"": 1, ""min_area"": 1600, ""lock_frames"": 10, ""camera_stable"": false, ""motion_model"": ""affine"", ""motion_per_frame_threshold"": 1.5, ""cumulative_motion_threshold"": 3, ""peak_on_shift"": ""reset"", ""write_mask_pngs"": ""true"", ""write_overlay_pngs"": ""false"", ""write_heatmap_pngs"": ""false"", ""backend"": ""cuda"", ""roi_margin"": 0.0}"
phase6__input_5__blur=gaussian-7,input_5,True,0.9589433829366799,0.9790204850900084,0.567669173681927,0.939657271643739,567.6367214219645,,"{""colorspace"": ""CIELAB"", ""channel_weights"": ""1,0,0"", ""darken_only"": true, ""peak_reference"": true, ""ref_mode"": [""first""], ""ref_running_alpha"": 0.05, ""dynamic_target_fraction"": 0.2, ""dynamic_lag_scale"": 1, ""pre_delta_blur"": ""gaussian:3"", ""blur"": ""gaussian:7"", ""threshold"": ""otsu"", ""threshold_offset"": -10, ""morph_kernel"": 21, ""morph_shape"": ""ellipse"", ""morph_close_iterations"": 1, ""morph_open_iterations"": 1, ""min_area"": 1600, ""lock_frames"": 10, ""camera_stable"": false, ""motion_model"": ""affine"", ""motion_per_frame_threshold"": 1.5, ""cumulative_motion_threshold"": 3, ""peak_on_shift"": ""reset"", ""write_mask_pngs"": ""true"", ""write_overlay_pngs"": ""false"", ""write_heatmap_pngs"": ""false"", ""backend"": ""cuda"", ""roi_margin"": 0.0}"
phase6__input_5__blur=triangle-3,input_5,True,0.9593723662255146,0.9792390196087742,0.5677315029377782,0.939756358704166,554.6205136450008,,"{""colorspace"": ""CIELAB"", ""channel_weights"": ""1,0,0"", ""darken_only"": true, ""peak_reference"": true, ""ref_mode"": [""first""], ""ref_running_alpha"": 0.05, ""dynamic_target_fraction"": 0.2, ""dynamic_lag_scale"": 1, ""pre_delta_blur"": ""gaussian:3"", ""blur"": ""triangle:3"", ""threshold"": ""otsu"", ""threshold_offset"": -10, ""morph_kernel"": 21, ""morph_shape"": ""ellipse"", ""morph_close_iterations"": 1, ""morph_open_iterations"": 1, ""min_area"": 1600, ""lock_frames"": 10, ""camera_stable"": false, ""motion_model"": ""affine"", ""motion_per_frame_threshold"": 1.5, ""cumulative_motion_threshold"": 3, ""peak_on_shift"": ""reset"", ""write_mask_pngs"": ""true"", ""write_overlay_pngs"": ""false"", ""write_heatmap_pngs"": ""false"", ""backend"": ""cuda"", ""roi_margin"": 0.0}"
phase6__input_5__blur=gaussian-15,input_5,True,0.9571787138070361,0.9781108808518273,0.5406119086611563,0.9374043475267113,568.5904674278572,,"{""colorspace"": ""CIELAB"", ""channel_weights"": ""1,0,0"", ""darken_only"": true, ""peak_reference"": true, ""ref_mode"": [""first""], ""ref_running_alpha"": 0.05, ""dynamic_target_fraction"": 0.2, ""dynamic_lag_scale"": 1, ""pre_delta_blur"": ""gaussian:3"", ""blur"": ""gaussian:15"", ""threshold"": ""otsu"", ""threshold_offset"": -10, ""morph_kernel"": 21, ""morph_shape"": ""ellipse"", ""morph_close_iterations"": 1, ""morph_open_iterations"": 1, ""min_area"": 1600, ""lock_frames"": 10, ""camera_stable"": false, ""motion_model"": ""affine"", ""motion_per_frame_threshold"": 1.5, ""cumulative_motion_threshold"": 3, ""peak_on_shift"": ""reset"", ""write_mask_pngs"": ""true"", ""write_overlay_pngs"": ""false"", ""write_heatmap_pngs"": ""false"", ""backend"": ""cuda"", ""roi_margin"": 0.0}"
phase6__input_5__blur=triangle-7,input_5,True,0.9590585866319385,0.9790829637308953,0.5685760709374654,0.9394671670124287,548.9653412727639,,"{""colorspace"": ""CIELAB"", ""channel_weights"": ""1,0,0"", ""darken_only"": true, ""peak_reference"": true, ""ref_mode"": [""first""], ""ref_running_alpha"": 0.05, ""dynamic_target_fraction"": 0.2, ""dynamic_lag_scale"": 1, ""pre_delta_blur"": ""gaussian:3"", ""blur"": ""triangle:7"", ""threshold"": ""otsu"", ""threshold_offset"": -10, ""morph_kernel"": 21, ""morph_shape"": ""ellipse"", ""morph_close_iterations"": 1, ""morph_open_iterations"": 1, ""min_area"": 1600, ""lock_frames"": 10, ""camera_stable"": false, ""motion_model"": ""affine"", ""motion_per_frame_threshold"": 1.5, ""cumulative_motion_threshold"": 3, ""peak_on_shift"": ""reset"", ""write_mask_pngs"": ""true"", ""write_overlay_pngs"": ""false"", ""write_heatmap_pngs"": ""false"", ""backend"": ""cuda"", ""roi_margin"": 0.0}"
phase6__input_5__blur=triangle-11,input_5,True,0.9575785322381212,0.9783188020484344,0.5440016648537036,0.9379980716412261,553.4128354135901,,"{""colorspace"": ""CIELAB"", ""channel_weights"": ""1,0,0"", ""darken_only"": true, ""peak_reference"": true, ""ref_mode"": [""first""], ""ref_running_alpha"": 0.05, ""dynamic_target_fraction"": 0.2, ""dynamic_lag_scale"": 1, ""pre_delta_blur"": ""gaussian:3"", ""blur"": ""triangle:11"", ""threshold"": ""otsu"", ""threshold_offset"": -10, ""morph_kernel"": 21, ""morph_shape"": ""ellipse"", ""morph_close_iterations"": 1, ""morph_open_iterations"": 1, ""min_area"": 1600, ""lock_frames"": 10, ""camera_stable"": false, ""motion_model"": ""affine"", ""motion_per_frame_threshold"": 1.5, ""cumulative_motion_threshold"": 3, ""peak_on_shift"": ""reset"", ""write_mask_pngs"": ""true"", ""write_overlay_pngs"": ""false"", ""write_heatmap_pngs"": ""false"", ""backend"": ""cuda"", ""roi_margin"": 0.0}"
phase6__input_6__blur=none,input_6,True,0.9393050949795072,0.9682601841904604,0.4011451037292394,0.9477067930058075,526.7039823308587,,"{""colorspace"": ""CIELAB"", ""channel_weights"": ""1,0,0"", ""darken_only"": true, ""peak_reference"": true, ""ref_mode"": [""first""], ""ref_running_alpha"": 0.05, ""dynamic_target_fraction"": 0.2, ""dynamic_lag_scale"": 1, ""pre_delta_blur"": ""median:5"", ""blur"": ""none"", ""threshold"": ""otsu"", ""threshold_offset"": -30, ""morph_kernel"": 13, ""morph_shape"": ""ellipse"", ""morph_close_iterations"": 1, ""morph_open_iterations"": 1, ""min_area"": 1600, ""lock_frames"": 0, ""camera_stable"": false, ""motion_model"": ""affine"", ""motion_per_frame_threshold"": 1.5, ""cumulative_motion_threshold"": 3, ""peak_on_shift"": ""reset"", ""write_mask_pngs"": ""true"", ""write_overlay_pngs"": ""false"", ""write_heatmap_pngs"": ""false"", ""backend"": ""cuda"", ""roi_margin"": 0.0}"
phase6__input_5__blur=triangle-15,input_5,True,0.9536914481928231,0.9762878420882573,0.511876234820605,0.9358069213015747,559.610935668461,,"{""colorspace"": ""CIELAB"", ""channel_weights"": ""1,0,0"", ""darken_only"": true, ""peak_reference"": true, ""ref_mode"": [""first""], ""ref_running_alpha"": 0.05, ""dynamic_target_fraction"": 0.2, ""dynamic_lag_scale"": 1, ""pre_delta_blur"": ""gaussian:3"", ""blur"": ""triangle:15"", ""threshold"": ""otsu"", ""threshold_offset"": -10, ""morph_kernel"": 21, ""morph_shape"": ""ellipse"", ""morph_close_iterations"": 1, ""morph_open_iterations"": 1, ""min_area"": 1600, ""lock_frames"": 10, ""camera_stable"": false, ""motion_model"": ""affine"", ""motion_per_frame_threshold"": 1.5, ""cumulative_motion_threshold"": 3, ""peak_on_shift"": ""reset"", ""write_mask_pngs"": ""true"", ""write_overlay_pngs"": ""false"", ""write_heatmap_pngs"": ""false"", ""backend"": ""cuda"", ""roi_margin"": 0.0}"
phase6__input_5__blur=median-5,input_5,True,0.9590454023623792,0.979074481047968,0.5684178007365506,0.9414703469407281,559.9696467593312,,"{""colorspace"": ""CIELAB"", ""channel_weights"": ""1,0,0"", ""darken_only"": true, ""peak_reference"": true, ""ref_mode"": [""first""], ""ref_running_alpha"": 0.05, ""dynamic_target_fraction"": 0.2, ""dynamic_lag_scale"": 1, ""pre_delta_blur"": ""gaussian:3"", ""blur"": ""median:5"", ""threshold"": ""otsu"", ""threshold_offset"": -10, ""morph_kernel"": 21, ""morph_shape"": ""ellipse"", ""morph_close_iterations"": 1, ""morph_open_iterations"": 1, ""min_area"": 1600, ""lock_frames"": 10, ""camera_stable"": false, ""motion_model"": ""affine"", ""motion_per_frame_threshold"": 1.5, ""cumulative_motion_threshold"": 3, ""peak_on_shift"": ""reset"", ""write_mask_pngs"": ""true"", ""write_overlay_pngs"": ""false"", ""write_heatmap_pngs"": ""false"", ""backend"": ""cuda"", ""roi_margin"": 0.0}"
phase6__input_6__blur=flat-3,input_6,True,0.9392306350639237,0.9682352958884002,0.40580493784927024,0.9484941884584662,544.4581279838458,,"{""colorspace"": ""CIELAB"", ""channel_weights"": ""1,0,0"", ""darken_only"": true, ""peak_reference"": true, ""ref_mode"": [""first""], ""ref_running_alpha"": 0.05, ""dynamic_target_fraction"": 0.2, ""dynamic_lag_scale"": 1, ""pre_delta_blur"": ""median:5"", ""blur"": ""flat:3"", ""threshold"": ""otsu"", ""threshold_offset"": -30, ""morph_kernel"": 13, ""morph_shape"": ""ellipse"", ""morph_close_iterations"": 1, ""morph_open_iterations"": 1, ""min_area"": 1600, ""lock_frames"": 0, ""camera_stable"": false, ""motion_model"": ""affine"", ""motion_per_frame_threshold"": 1.5, ""cumulative_motion_threshold"": 3, ""peak_on_shift"": ""reset"", ""write_mask_pngs"": ""true"", ""write_overlay_pngs"": ""false"", ""write_heatmap_pngs"": ""false"", ""backend"": ""cuda"", ""roi_margin"": 0.0}"
phase6__input_5__blur=bilateral-9,input_5,True,0.9591060268215598,0.9791037798749596,0.5691711454276952,0.9391880770100649,608.109532543458,,"{""colorspace"": ""CIELAB"", ""channel_weights"": ""1,0,0"", ""darken_only"": true, ""peak_reference"": true, ""ref_mode"": [""first""], ""ref_running_alpha"": 0.05, ""dynamic_target_fraction"": 0.2, ""dynamic_lag_scale"": 1, ""pre_delta_blur"": ""gaussian:3"", ""blur"": ""bilateral:9"", ""threshold"": ""otsu"", ""threshold_offset"": -10, ""morph_kernel"": 21, ""morph_shape"": ""ellipse"", ""morph_close_iterations"": 1, ""morph_open_iterations"": 1, ""min_area"": 1600, ""lock_frames"": 10, ""camera_stable"": false, ""motion_model"": ""affine"", ""motion_per_frame_threshold"": 1.5, ""cumulative_motion_threshold"": 3, ""peak_on_shift"": ""reset"", ""write_mask_pngs"": ""true"", ""write_overlay_pngs"": ""false"", ""write_heatmap_pngs"": ""false"", ""backend"": ""cuda"", ""roi_margin"": 0.0}"
phase6__input_6__blur=flat-7,input_6,True,0.9385424761683716,0.9678915027058741,0.43138021405111066,0.9411427088434235,555.3530157329515,,"{""colorspace"": ""CIELAB"", ""channel_weights"": ""1,0,0"", ""darken_only"": true, ""peak_reference"": true, ""ref_mode"": [""first""], ""ref_running_alpha"": 0.05, ""dynamic_target_fraction"": 0.2, ""dynamic_lag_scale"": 1, ""pre_delta_blur"": ""median:5"", ""blur"": ""flat:7"", ""threshold"": ""otsu"", ""threshold_offset"": -30, ""morph_kernel"": 13, ""morph_shape"": ""ellipse"", ""morph_close_iterations"": 1, ""morph_open_iterations"": 1, ""min_area"": 1600, ""lock_frames"": 0, ""camera_stable"": false, ""motion_model"": ""affine"", ""motion_per_frame_threshold"": 1.5, ""cumulative_motion_threshold"": 3, ""peak_on_shift"": ""reset"", ""write_mask_pngs"": ""true"", ""write_overlay_pngs"": ""false"", ""write_heatmap_pngs"": ""false"", ""backend"": ""cuda"", ""roi_margin"": 0.0}"
phase6__input_6__blur=flat-11,input_6,True,0.9388749792568346,0.9681088483311951,0.448885407568413,0.9377984574893006,548.4298491729423,,"{""colorspace"": ""CIELAB"", ""channel_weights"": ""1,0,0"", ""darken_only"": true, ""peak_reference"": true, ""ref_mode"": [""first""], ""ref_running_alpha"": 0.05, ""dynamic_target_fraction"": 0.2, ""dynamic_lag_scale"": 1, ""pre_delta_blur"": ""median:5"", ""blur"": ""flat:11"", ""threshold"": ""otsu"", ""threshold_offset"": -30, ""morph_kernel"": 13, ""morph_shape"": ""ellipse"", ""morph_close_iterations"": 1, ""morph_open_iterations"": 1, ""min_area"": 1600, ""lock_frames"": 0, ""camera_stable"": false, ""motion_model"": ""affine"", ""motion_per_frame_threshold"": 1.5, ""cumulative_motion_threshold"": 3, ""peak_on_shift"": ""reset"", ""write_mask_pngs"": ""true"", ""write_overlay_pngs"": ""false"", ""write_heatmap_pngs"": ""false"", ""backend"": ""cuda"", ""roi_margin"": 0.0}"
phase6__input_6__blur=flat-15,input_6,True,0.9372931691842528,0.9672927140984424,0.4602389280889055,0.9100936030684365,536.1703153857961,,"{""colorspace"": ""CIELAB"", ""channel_weights"": ""1,0,0"", ""darken_only"": true, ""peak_reference"": true, ""ref_mode"": [""first""], ""ref_running_alpha"": 0.05, ""dynamic_target_fraction"": 0.2, ""dynamic_lag_scale"": 1, ""pre_delta_blur"": ""median:5"", ""blur"": ""flat:15"", ""threshold"": ""otsu"", ""threshold_offset"": -30, ""morph_kernel"": 13, ""morph_shape"": ""ellipse"", ""morph_close_iterations"": 1, ""morph_open_iterations"": 1, ""min_area"": 1600, ""lock_frames"": 0, ""camera_stable"": false, ""motion_model"": ""affine"", ""motion_per_frame_threshold"": 1.5, ""cumulative_motion_threshold"": 3, ""peak_on_shift"": ""reset"", ""write_mask_pngs"": ""true"", ""write_overlay_pngs"": ""false"", ""write_heatmap_pngs"": ""false"", ""backend"": ""cuda"", ""roi_margin"": 0.0}"
phase6__input_6__blur=gaussian-7,input_6,True,0.9393211794277881,0.9683157998875579,0.4212413928937182,0.9496786841260978,534.0400206409395,,"{""colorspace"": ""CIELAB"", ""channel_weights"": ""1,0,0"", ""darken_only"": true, ""peak_reference"": true, ""ref_mode"": [""first""], ""ref_running_alpha"": 0.05, ""dynamic_target_fraction"": 0.2, ""dynamic_lag_scale"": 1, ""pre_delta_blur"": ""median:5"", ""blur"": ""gaussian:7"", ""threshold"": ""otsu"", ""threshold_offset"": -30, ""morph_kernel"": 13, ""morph_shape"": ""ellipse"", ""morph_close_iterations"": 1, ""morph_open_iterations"": 1, ""min_area"": 1600, ""lock_frames"": 0, ""camera_stable"": false, ""motion_model"": ""affine"", ""motion_per_frame_threshold"": 1.5, ""cumulative_motion_threshold"": 3, ""peak_on_shift"": ""reset"", ""write_mask_pngs"": ""true"", ""write_overlay_pngs"": ""false"", ""write_heatmap_pngs"": ""false"", ""backend"": ""cuda"", ""roi_margin"": 0.0}"
phase6__input_6__blur=gaussian-3,input_6,True,0.938994811081621,0.9681051980773926,0.4051859684982756,0.9481045202331266,545.9738985225558,,"{""colorspace"": ""CIELAB"", ""channel_weights"": ""1,0,0"", ""darken_only"": true, ""peak_reference"": true, ""ref_mode"": [""first""], ""ref_running_alpha"": 0.05, ""dynamic_target_fraction"": 0.2, ""dynamic_lag_scale"": 1, ""pre_delta_blur"": ""median:5"", ""blur"": ""gaussian:3"", ""threshold"": ""otsu"", ""threshold_offset"": -30, ""morph_kernel"": 13, ""morph_shape"": ""ellipse"", ""morph_close_iterations"": 1, ""morph_open_iterations"": 1, ""min_area"": 1600, ""lock_frames"": 0, ""camera_stable"": false, ""motion_model"": ""affine"", ""motion_per_frame_threshold"": 1.5, ""cumulative_motion_threshold"": 3, ""peak_on_shift"": ""reset"", ""write_mask_pngs"": ""true"", ""write_overlay_pngs"": ""false"", ""write_heatmap_pngs"": ""false"", ""backend"": ""cuda"", ""roi_margin"": 0.0}"
phase6__input_6__blur=triangle-3,input_6,True,0.938994811081621,0.9681051980773926,0.4051859684982756,0.9481045202331266,540.5016215201467,,"{""colorspace"": ""CIELAB"", ""channel_weights"": ""1,0,0"", ""darken_only"": true, ""peak_reference"": true, ""ref_mode"": [""first""], ""ref_running_alpha"": 0.05, ""dynamic_target_fraction"": 0.2, ""dynamic_lag_scale"": 1, ""pre_delta_blur"": ""median:5"", ""blur"": ""triangle:3"", ""threshold"": ""otsu"", ""threshold_offset"": -30, ""morph_kernel"": 13, ""morph_shape"": ""ellipse"", ""morph_close_iterations"": 1, ""morph_open_iterations"": 1, ""min_area"": 1600, ""lock_frames"": 0, ""camera_stable"": false, ""motion_model"": ""affine"", ""motion_per_frame_threshold"": 1.5, ""cumulative_motion_threshold"": 3, ""peak_on_shift"": ""reset"", ""write_mask_pngs"": ""true"", ""write_overlay_pngs"": ""false"", ""write_heatmap_pngs"": ""false"", ""backend"": ""cuda"", ""roi_margin"": 0.0}"
phase6__input_6__blur=gaussian-11,input_6,True,0.9385734202303138,0.9679036133542842,0.43198710943314395,0.9474882972195408,550.4104090994224,,"{""colorspace"": ""CIELAB"", ""channel_weights"": ""1,0,0"", ""darken_only"": true, ""peak_reference"": true, ""ref_mode"": [""first""], ""ref_running_alpha"": 0.05, ""dynamic_target_fraction"": 0.2, ""dynamic_lag_scale"": 1, ""pre_delta_blur"": ""median:5"", ""blur"": ""gaussian:11"", ""threshold"": ""otsu"", ""threshold_offset"": -30, ""morph_kernel"": 13, ""morph_shape"": ""ellipse"", ""morph_close_iterations"": 1, ""morph_open_iterations"": 1, ""min_area"": 1600, ""lock_frames"": 0, ""camera_stable"": false, ""motion_model"": ""affine"", ""motion_per_frame_threshold"": 1.5, ""cumulative_motion_threshold"": 3, ""peak_on_shift"": ""reset"", ""write_mask_pngs"": ""true"", ""write_overlay_pngs"": ""false"", ""write_heatmap_pngs"": ""false"", ""backend"": ""cuda"", ""roi_margin"": 0.0}"
phase6__input_6__blur=triangle-7,input_6,True,0.9397040043714313,0.9685436012683312,0.4297582924437625,0.9502807445108118,544.5869521796703,,"{""colorspace"": ""CIELAB"", ""channel_weights"": ""1,0,0"", ""darken_only"": true, ""peak_reference"": true, ""ref_mode"": [""first""], ""ref_running_alpha"": 0.05, ""dynamic_target_fraction"": 0.2, ""dynamic_lag_scale"": 1, ""pre_delta_blur"": ""median:5"", ""blur"": ""triangle:7"", ""threshold"": ""otsu"", ""threshold_offset"": -30, ""morph_kernel"": 13, ""morph_shape"": ""ellipse"", ""morph_close_iterations"": 1, ""morph_open_iterations"": 1, ""min_area"": 1600, ""lock_frames"": 0, ""camera_stable"": false, ""motion_model"": ""affine"", ""motion_per_frame_threshold"": 1.5, ""cumulative_motion_threshold"": 3, ""peak_on_shift"": ""reset"", ""write_mask_pngs"": ""true"", ""write_overlay_pngs"": ""false"", ""write_heatmap_pngs"": ""false"", ""backend"": ""cuda"", ""roi_margin"": 0.0}"
phase6__input_6__blur=gaussian-15,input_6,True,0.9381112769124119,0.9676694346770308,0.43806068231596884,0.9459724348918888,556.7735968185589,,"{""colorspace"": ""CIELAB"", ""channel_weights"": ""1,0,0"", ""darken_only"": true, ""peak_reference"": true, ""ref_mode"": [""first""], ""ref_running_alpha"": 0.05, ""dynamic_target_fraction"": 0.2, ""dynamic_lag_scale"": 1, ""pre_delta_blur"": ""median:5"", ""blur"": ""gaussian:15"", ""threshold"": ""otsu"", ""threshold_offset"": -30, ""morph_kernel"": 13, ""morph_shape"": ""ellipse"", ""morph_close_iterations"": 1, ""morph_open_iterations"": 1, ""min_area"": 1600, ""lock_frames"": 0, ""camera_stable"": false, ""motion_model"": ""affine"", ""motion_per_frame_threshold"": 1.5, ""cumulative_motion_threshold"": 3, ""peak_on_shift"": ""reset"", ""write_mask_pngs"": ""true"", ""write_overlay_pngs"": ""false"", ""write_heatmap_pngs"": ""false"", ""backend"": ""cuda"", ""roi_margin"": 0.0}"
phase6__input_6__blur=triangle-11,input_6,True,0.9382529612251629,0.9677450649590957,0.43612409407988445,0.9422802510260629,536.2153834449127,,"{""colorspace"": ""CIELAB"", ""channel_weights"": ""1,0,0"", ""darken_only"": true, ""peak_reference"": true, ""ref_mode"": [""first""], ""ref_running_alpha"": 0.05, ""dynamic_target_fraction"": 0.2, ""dynamic_lag_scale"": 1, ""pre_delta_blur"": ""median:5"", ""blur"": ""triangle:11"", ""threshold"": ""otsu"", ""threshold_offset"": -30, ""morph_kernel"": 13, ""morph_shape"": ""ellipse"", ""morph_close_iterations"": 1, ""morph_open_iterations"": 1, ""min_area"": 1600, ""lock_frames"": 0, ""camera_stable"": false, ""motion_model"": ""affine"", ""motion_per_frame_threshold"": 1.5, ""cumulative_motion_threshold"": 3, ""peak_on_shift"": ""reset"", ""write_mask_pngs"": ""true"", ""write_overlay_pngs"": ""false"", ""write_heatmap_pngs"": ""false"", ""backend"": ""cuda"", ""roi_margin"": 0.0}"
phase6__input_6__blur=triangle-15,input_6,True,0.9385886842184231,0.9679322450304599,0.4469657657405076,0.9350080794130682,552.085289943032,,"{""colorspace"": ""CIELAB"", ""channel_weights"": ""1,0,0"", ""darken_only"": true, ""peak_reference"": true, ""ref_mode"": [""first""], ""ref_running_alpha"": 0.05, ""dynamic_target_fraction"": 0.2, ""dynamic_lag_scale"": 1, ""pre_delta_blur"": ""median:5"", ""blur"": ""triangle:15"", ""threshold"": ""otsu"", ""threshold_offset"": -30, ""morph_kernel"": 13, ""morph_shape"": ""ellipse"", ""morph_close_iterations"": 1, ""morph_open_iterations"": 1, ""min_area"": 1600, ""lock_frames"": 0, ""camera_stable"": false, ""motion_model"": ""affine"", ""motion_per_frame_threshold"": 1.5, ""cumulative_motion_threshold"": 3, ""peak_on_shift"": ""reset"", ""write_mask_pngs"": ""true"", ""write_overlay_pngs"": ""false"", ""write_heatmap_pngs"": ""false"", ""backend"": ""cuda"", ""roi_margin"": 0.0}"
phase6__input_6__blur=median-5,input_6,True,0.9399127821158,0.9686391550140302,0.4269825134894664,0.9505353080044419,554.5872659543529,,"{""colorspace"": ""CIELAB"", ""channel_weights"": ""1,0,0"", ""darken_only"": true, ""peak_reference"": true, ""ref_mode"": [""first""], ""ref_running_alpha"": 0.05, ""dynamic_target_fraction"": 0.2, ""dynamic_lag_scale"": 1, ""pre_delta_blur"": ""median:5"", ""blur"": ""median:5"", ""threshold"": ""otsu"", ""threshold_offset"": -30, ""morph_kernel"": 13, ""morph_shape"": ""ellipse"", ""morph_close_iterations"": 1, ""morph_open_iterations"": 1, ""min_area"": 1600, ""lock_frames"": 0, ""camera_stable"": false, ""motion_model"": ""affine"", ""motion_per_frame_threshold"": 1.5, ""cumulative_motion_threshold"": 3, ""peak_on_shift"": ""reset"", ""write_mask_pngs"": ""true"", ""write_overlay_pngs"": ""false"", ""write_heatmap_pngs"": ""false"", ""backend"": ""cuda"", ""roi_margin"": 0.0}"
phase6__input_7__blur=none,input_7,True,0.9547766435174345,0.9767321879858228,0.5259857707565144,0.910555101959253,544.0837784288451,,"{""colorspace"": ""CIELAB"", ""channel_weights"": ""1,0,0"", ""darken_only"": true, ""peak_reference"": true, ""ref_mode"": [""prev"", 3], ""ref_running_alpha"": 0.05, ""dynamic_target_fraction"": 0.2, ""dynamic_lag_scale"": 1, ""pre_delta_blur"": ""median:5"", ""blur"": ""none"", ""threshold"": ""otsu"", ""threshold_offset"": -10, ""morph_kernel"": 13, ""morph_shape"": ""ellipse"", ""morph_close_iterations"": 1, ""morph_open_iterations"": 1, ""min_area"": 400, ""lock_frames"": 10, ""camera_stable"": false, ""motion_model"": ""affine"", ""motion_per_frame_threshold"": 1.5, ""cumulative_motion_threshold"": 3, ""peak_on_shift"": ""reset"", ""write_mask_pngs"": ""true"", ""write_overlay_pngs"": ""false"", ""write_heatmap_pngs"": ""false"", ""backend"": ""cuda"", ""roi_margin"": 0.0}"
phase6__input_6__blur=bilateral-9,input_6,True,0.9383023956748634,0.9677348142818702,0.4042292310643446,0.9477067930058075,589.0971874920651,,"{""colorspace"": ""CIELAB"", ""channel_weights"": ""1,0,0"", ""darken_only"": true, ""peak_reference"": true, ""ref_mode"": [""first""], ""ref_running_alpha"": 0.05, ""dynamic_target_fraction"": 0.2, ""dynamic_lag_scale"": 1, ""pre_delta_blur"": ""median:5"", ""blur"": ""bilateral:9"", ""threshold"": ""otsu"", ""threshold_offset"": -30, ""morph_kernel"": 13, ""morph_shape"": ""ellipse"", ""morph_close_iterations"": 1, ""morph_open_iterations"": 1, ""min_area"": 1600, ""lock_frames"": 0, ""camera_stable"": false, ""motion_model"": ""affine"", ""motion_per_frame_threshold"": 1.5, ""cumulative_motion_threshold"": 3, ""peak_on_shift"": ""reset"", ""write_mask_pngs"": ""true"", ""write_overlay_pngs"": ""false"", ""write_heatmap_pngs"": ""false"", ""backend"": ""cuda"", ""roi_margin"": 0.0}"
phase6__input_7__blur=flat-3,input_7,True,0.953971008181336,0.9763143792973266,0.5109791379172217,0.9127047015189881,546.3822597293183,,"{""colorspace"": ""CIELAB"", ""channel_weights"": ""1,0,0"", ""darken_only"": true, ""peak_reference"": true, ""ref_mode"": [""prev"", 3], ""ref_running_alpha"": 0.05, ""dynamic_target_fraction"": 0.2, ""dynamic_lag_scale"": 1, ""pre_delta_blur"": ""median:5"", ""blur"": ""flat:3"", ""threshold"": ""otsu"", ""threshold_offset"": -10, ""morph_kernel"": 13, ""morph_shape"": ""ellipse"", ""morph_close_iterations"": 1, ""morph_open_iterations"": 1, ""min_area"": 400, ""lock_frames"": 10, ""camera_stable"": false, ""motion_model"": ""affine"", ""motion_per_frame_threshold"": 1.5, ""cumulative_motion_threshold"": 3, ""peak_on_shift"": ""reset"", ""write_mask_pngs"": ""true"", ""write_overlay_pngs"": ""false"", ""write_heatmap_pngs"": ""false"", ""backend"": ""cuda"", ""roi_margin"": 0.0}"
phase6__input_7__blur=flat-7,input_7,True,0.9537986051751484,0.9762303696960707,0.5024232014518486,0.919719602532246,552.4039126103744,,"{""colorspace"": ""CIELAB"", ""channel_weights"": ""1,0,0"", ""darken_only"": true, ""peak_reference"": true, ""ref_mode"": [""prev"", 3], ""ref_running_alpha"": 0.05, ""dynamic_target_fraction"": 0.2, ""dynamic_lag_scale"": 1, ""pre_delta_blur"": ""median:5"", ""blur"": ""flat:7"", ""threshold"": ""otsu"", ""threshold_offset"": -10, ""morph_kernel"": 13, ""morph_shape"": ""ellipse"", ""morph_close_iterations"": 1, ""morph_open_iterations"": 1, ""min_area"": 400, ""lock_frames"": 10, ""camera_stable"": false, ""motion_model"": ""affine"", ""motion_per_frame_threshold"": 1.5, ""cumulative_motion_threshold"": 3, ""peak_on_shift"": ""reset"", ""write_mask_pngs"": ""true"", ""write_overlay_pngs"": ""false"", ""write_heatmap_pngs"": ""false"", ""backend"": ""cuda"", ""roi_margin"": 0.0}"
phase6__input_7__blur=flat-11,input_7,True,0.9537190488005752,0.9761906398830501,0.49664925612494254,0.9140785631552877,551.7296877335757,,"{""colorspace"": ""CIELAB"", ""channel_weights"": ""1,0,0"", ""darken_only"": true, ""peak_reference"": true, ""ref_mode"": [""prev"", 3], ""ref_running_alpha"": 0.05, ""dynamic_target_fraction"": 0.2, ""dynamic_lag_scale"": 1, ""pre_delta_blur"": ""median:5"", ""blur"": ""flat:11"", ""threshold"": ""otsu"", ""threshold_offset"": -10, ""morph_kernel"": 13, ""morph_shape"": ""ellipse"", ""morph_close_iterations"": 1, ""morph_open_iterations"": 1, ""min_area"": 400, ""lock_frames"": 10, ""camera_stable"": false, ""motion_model"": ""affine"", ""motion_per_frame_threshold"": 1.5, ""cumulative_motion_threshold"": 3, ""peak_on_shift"": ""reset"", ""write_mask_pngs"": ""true"", ""write_overlay_pngs"": ""false"", ""write_heatmap_pngs"": ""false"", ""backend"": ""cuda"", ""roi_margin"": 0.0}"
phase6__input_7__blur=flat-15,input_7,True,0.9545392163155378,0.9766228169885774,0.503723894825896,0.913131973869812,544.2740608165041,,"{""colorspace"": ""CIELAB"", ""channel_weights"": ""1,0,0"", ""darken_only"": true, ""peak_reference"": true, ""ref_mode"": [""prev"", 3], ""ref_running_alpha"": 0.05, ""dynamic_target_fraction"": 0.2, ""dynamic_lag_scale"": 1, ""pre_delta_blur"": ""median:5"", ""blur"": ""flat:15"", ""threshold"": ""otsu"", ""threshold_offset"": -10, ""morph_kernel"": 13, ""morph_shape"": ""ellipse"", ""morph_close_iterations"": 1, ""morph_open_iterations"": 1, ""min_area"": 400, ""lock_frames"": 10, ""camera_stable"": false, ""motion_model"": ""affine"", ""motion_per_frame_threshold"": 1.5, ""cumulative_motion_threshold"": 3, ""peak_on_shift"": ""reset"", ""write_mask_pngs"": ""true"", ""write_overlay_pngs"": ""false"", ""write_heatmap_pngs"": ""false"", ""backend"": ""cuda"", ""roi_margin"": 0.0}"
phase6__input_7__blur=gaussian-3,input_7,True,0.9541985506521,0.976432980473634,0.5148082291884384,0.9125159806705725,543.856924935244,,"{""colorspace"": ""CIELAB"", ""channel_weights"": ""1,0,0"", ""darken_only"": true, ""peak_reference"": true, ""ref_mode"": [""prev"", 3], ""ref_running_alpha"": 0.05, ""dynamic_target_fraction"": 0.2, ""dynamic_lag_scale"": 1, ""pre_delta_blur"": ""median:5"", ""blur"": ""gaussian:3"", ""threshold"": ""otsu"", ""threshold_offset"": -10, ""morph_kernel"": 13, ""morph_shape"": ""ellipse"", ""morph_close_iterations"": 1, ""morph_open_iterations"": 1, ""min_area"": 400, ""lock_frames"": 10, ""camera_stable"": false, ""motion_model"": ""affine"", ""motion_per_frame_threshold"": 1.5, ""cumulative_motion_threshold"": 3, ""peak_on_shift"": ""reset"", ""write_mask_pngs"": ""true"", ""write_overlay_pngs"": ""false"", ""write_heatmap_pngs"": ""false"", ""backend"": ""cuda"", ""roi_margin"": 0.0}"
phase6__input_7__blur=gaussian-7,input_7,True,0.9534238918999419,0.9760296432594926,0.5026435179712552,0.9135583485530908,555.9239217825234,,"{""colorspace"": ""CIELAB"", ""channel_weights"": ""1,0,0"", ""darken_only"": true, ""peak_reference"": true, ""ref_mode"": [""prev"", 3], ""ref_running_alpha"": 0.05, ""dynamic_target_fraction"": 0.2, ""dynamic_lag_scale"": 1, ""pre_delta_blur"": ""median:5"", ""blur"": ""gaussian:7"", ""threshold"": ""otsu"", ""threshold_offset"": -10, ""morph_kernel"": 13, ""morph_shape"": ""ellipse"", ""morph_close_iterations"": 1, ""morph_open_iterations"": 1, ""min_area"": 400, ""lock_frames"": 10, ""camera_stable"": false, ""motion_model"": ""affine"", ""motion_per_frame_threshold"": 1.5, ""cumulative_motion_threshold"": 3, ""peak_on_shift"": ""reset"", ""write_mask_pngs"": ""true"", ""write_overlay_pngs"": ""false"", ""write_heatmap_pngs"": ""false"", ""backend"": ""cuda"", ""roi_margin"": 0.0}"
phase6__input_7__blur=gaussian-11,input_7,True,0.9538142014384416,0.9762367652839986,0.5029985715525265,0.919719602532246,545.8130815112963,,"{""colorspace"": ""CIELAB"", ""channel_weights"": ""1,0,0"", ""darken_only"": true, ""peak_reference"": true, ""ref_mode"": [""prev"", 3], ""ref_running_alpha"": 0.05, ""dynamic_target_fraction"": 0.2, ""dynamic_lag_scale"": 1, ""pre_delta_blur"": ""median:5"", ""blur"": ""gaussian:11"", ""threshold"": ""otsu"", ""threshold_offset"": -10, ""morph_kernel"": 13, ""morph_shape"": ""ellipse"", ""morph_close_iterations"": 1, ""morph_open_iterations"": 1, ""min_area"": 400, ""lock_frames"": 10, ""camera_stable"": false, ""motion_model"": ""affine"", ""motion_per_frame_threshold"": 1.5, ""cumulative_motion_threshold"": 3, ""peak_on_shift"": ""reset"", ""write_mask_pngs"": ""true"", ""write_overlay_pngs"": ""false"", ""write_heatmap_pngs"": ""false"", ""backend"": ""cuda"", ""roi_margin"": 0.0}"
phase6__input_7__blur=triangle-3,input_7,True,0.9541985506521,0.976432980473634,0.5148082291884384,0.9125159806705725,539.3177743600681,,"{""colorspace"": ""CIELAB"", ""channel_weights"": ""1,0,0"", ""darken_only"": true, ""peak_reference"": true, ""ref_mode"": [""prev"", 3], ""ref_running_alpha"": 0.05, ""dynamic_target_fraction"": 0.2, ""dynamic_lag_scale"": 1, ""pre_delta_blur"": ""median:5"", ""blur"": ""triangle:3"", ""threshold"": ""otsu"", ""threshold_offset"": -10, ""morph_kernel"": 13, ""morph_shape"": ""ellipse"", ""morph_close_iterations"": 1, ""morph_open_iterations"": 1, ""min_area"": 400, ""lock_frames"": 10, ""camera_stable"": false, ""motion_model"": ""affine"", ""motion_per_frame_threshold"": 1.5, ""cumulative_motion_threshold"": 3, ""peak_on_shift"": ""reset"", ""write_mask_pngs"": ""true"", ""write_overlay_pngs"": ""false"", ""write_heatmap_pngs"": ""false"", ""backend"": ""cuda"", ""roi_margin"": 0.0}"
phase6__input_7__blur=gaussian-15,input_7,True,0.9536542133130077,0.9761548416416463,0.4984205543020973,0.9196045621560784,547.977605654858,,"{""colorspace"": ""CIELAB"", ""channel_weights"": ""1,0,0"", ""darken_only"": true, ""peak_reference"": true, ""ref_mode"": [""prev"", 3], ""ref_running_alpha"": 0.05, ""dynamic_target_fraction"": 0.2, ""dynamic_lag_scale"": 1, ""pre_delta_blur"": ""median:5"", ""blur"": ""gaussian:15"", ""threshold"": ""otsu"", ""threshold_offset"": -10, ""morph_kernel"": 13, ""morph_shape"": ""ellipse"", ""morph_close_iterations"": 1, ""morph_open_iterations"": 1, ""min_area"": 400, ""lock_frames"": 10, ""camera_stable"": false, ""motion_model"": ""affine"", ""motion_per_frame_threshold"": 1.5, ""cumulative_motion_threshold"": 3, ""peak_on_shift"": ""reset"", ""write_mask_pngs"": ""true"", ""write_overlay_pngs"": ""false"", ""write_heatmap_pngs"": ""false"", ""backend"": ""cuda"", ""roi_margin"": 0.0}"
phase6__input_7__blur=triangle-11,input_7,True,0.9536819124471716,0.976168087388275,0.4990302213201181,0.9190197262358266,549.3033337183297,,"{""colorspace"": ""CIELAB"", ""channel_weights"": ""1,0,0"", ""darken_only"": true, ""peak_reference"": true, ""ref_mode"": [""prev"", 3], ""ref_running_alpha"": 0.05, ""dynamic_target_fraction"": 0.2, ""dynamic_lag_scale"": 1, ""pre_delta_blur"": ""median:5"", ""blur"": ""triangle:11"", ""threshold"": ""otsu"", ""threshold_offset"": -10, ""morph_kernel"": 13, ""morph_shape"": ""ellipse"", ""morph_close_iterations"": 1, ""morph_open_iterations"": 1, ""min_area"": 400, ""lock_frames"": 10, ""camera_stable"": false, ""motion_model"": ""affine"", ""motion_per_frame_threshold"": 1.5, ""cumulative_motion_threshold"": 3, ""peak_on_shift"": ""reset"", ""write_mask_pngs"": ""true"", ""write_overlay_pngs"": ""false"", ""write_heatmap_pngs"": ""false"", ""backend"": ""cuda"", ""roi_margin"": 0.0}"
phase6__input_7__blur=triangle-7,input_7,True,0.9534981943450823,0.976070118022293,0.5017846146071678,0.9145818012518332,552.8672173991799,,"{""colorspace"": ""CIELAB"", ""channel_weights"": ""1,0,0"", ""darken_only"": true, ""peak_reference"": true, ""ref_mode"": [""prev"", 3], ""ref_running_alpha"": 0.05, ""dynamic_target_fraction"": 0.2, ""dynamic_lag_scale"": 1, ""pre_delta_blur"": ""median:5"", ""blur"": ""triangle:7"", ""threshold"": ""otsu"", ""threshold_offset"": -10, ""morph_kernel"": 13, ""morph_shape"": ""ellipse"", ""morph_close_iterations"": 1, ""morph_open_iterations"": 1, ""min_area"": 400, ""lock_frames"": 10, ""camera_stable"": false, ""motion_model"": ""affine"", ""motion_per_frame_threshold"": 1.5, ""cumulative_motion_threshold"": 3, ""peak_on_shift"": ""reset"", ""write_mask_pngs"": ""true"", ""write_overlay_pngs"": ""false"", ""write_heatmap_pngs"": ""false"", ""backend"": ""cuda"", ""roi_margin"": 0.0}"
phase6__input_7__blur=triangle-15,input_7,True,0.9536007639516283,0.9761281589901316,0.49745752537335103,0.9144191420082187,544.0626325625926,,"{""colorspace"": ""CIELAB"", ""channel_weights"": ""1,0,0"", ""darken_only"": true, ""peak_reference"": true, ""ref_mode"": [""prev"", 3], ""ref_running_alpha"": 0.05, ""dynamic_target_fraction"": 0.2, ""dynamic_lag_scale"": 1, ""pre_delta_blur"": ""median:5"", ""blur"": ""triangle:15"", ""threshold"": ""otsu"", ""threshold_offset"": -10, ""morph_kernel"": 13, ""morph_shape"": ""ellipse"", ""morph_close_iterations"": 1, ""morph_open_iterations"": 1, ""min_area"": 400, ""lock_frames"": 10, ""camera_stable"": false, ""motion_model"": ""affine"", ""motion_per_frame_threshold"": 1.5, ""cumulative_motion_threshold"": 3, ""peak_on_shift"": ""reset"", ""write_mask_pngs"": ""true"", ""write_overlay_pngs"": ""false"", ""write_heatmap_pngs"": ""false"", ""backend"": ""cuda"", ""roi_margin"": 0.0}"
phase6__input_7__blur=median-5,input_7,True,0.953353357014904,0.9759913358607148,0.5016638496514021,0.91314221350948,549.4331999290735,,"{""colorspace"": ""CIELAB"", ""channel_weights"": ""1,0,0"", ""darken_only"": true, ""peak_reference"": true, ""ref_mode"": [""prev"", 3], ""ref_running_alpha"": 0.05, ""dynamic_target_fraction"": 0.2, ""dynamic_lag_scale"": 1, ""pre_delta_blur"": ""median:5"", ""blur"": ""median:5"", ""threshold"": ""otsu"", ""threshold_offset"": -10, ""morph_kernel"": 13, ""morph_shape"": ""ellipse"", ""morph_close_iterations"": 1, ""morph_open_iterations"": 1, ""min_area"": 400, ""lock_frames"": 10, ""camera_stable"": false, ""motion_model"": ""affine"", ""motion_per_frame_threshold"": 1.5, ""cumulative_motion_threshold"": 3, ""peak_on_shift"": ""reset"", ""write_mask_pngs"": ""true"", ""write_overlay_pngs"": ""false"", ""write_heatmap_pngs"": ""false"", ""backend"": ""cuda"", ""roi_margin"": 0.0}"
phase6__input_7__blur=bilateral-9,input_7,True,0.952425682227374,0.9755028209182287,0.49374799820427473,0.9117162723639268,601.1437540389597,,"{""colorspace"": ""CIELAB"", ""channel_weights"": ""1,0,0"", ""darken_only"": true, ""peak_reference"": true, ""ref_mode"": [""prev"", 3], ""ref_running_alpha"": 0.05, ""dynamic_target_fraction"": 0.2, ""dynamic_lag_scale"": 1, ""pre_delta_blur"": ""median:5"", ""blur"": ""bilateral:9"", ""threshold"": ""otsu"", ""threshold_offset"": -10, ""morph_kernel"": 13, ""morph_shape"": ""ellipse"", ""morph_close_iterations"": 1, ""morph_open_iterations"": 1, ""min_area"": 400, ""lock_frames"": 10, ""camera_stable"": false, ""motion_model"": ""affine"", ""motion_per_frame_threshold"": 1.5, ""cumulative_motion_threshold"": 3, ""peak_on_shift"": ""reset"", ""write_mask_pngs"": ""true"", ""write_overlay_pngs"": ""false"", ""write_heatmap_pngs"": ""false"", ""backend"": ""cuda"", ""roi_margin"": 0.0}"
phase6__input_8__blur=none,input_8,True,0.9433043271306429,0.9707952913172224,0.44007122771141843,0.940344881895238,857.3794445861131,,"{""colorspace"": ""CIELAB"", ""channel_weights"": ""1,0,0"", ""darken_only"": true, ""peak_reference"": true, ""ref_mode"": [""first""], ""ref_running_alpha"": 0.05, ""dynamic_target_fraction"": 0.2, ""dynamic_lag_scale"": 1, ""pre_delta_blur"": ""triangle:11"", ""blur"": ""none"", ""threshold"": ""otsu"", ""threshold_offset"": -10, ""morph_kernel"": 21, ""morph_shape"": ""ellipse"", ""morph_close_iterations"": 1, ""morph_open_iterations"": 1, ""min_area"": 1600, ""lock_frames"": 10, ""camera_stable"": false, ""motion_model"": ""affine"", ""motion_per_frame_threshold"": 1.5, ""cumulative_motion_threshold"": 3, ""peak_on_shift"": ""reset"", ""write_mask_pngs"": ""true"", ""write_overlay_pngs"": ""false"", ""write_heatmap_pngs"": ""false"", ""backend"": ""cuda"", ""roi_margin"": 0.0}"
phase6__input_8__blur=flat-3,input_8,True,0.9434106210824732,0.9708518321553592,0.4411353518740391,0.9397480680261807,861.8573212623596,,"{""colorspace"": ""CIELAB"", ""channel_weights"": ""1,0,0"", ""darken_only"": true, ""peak_reference"": true, ""ref_mode"": [""first""], ""ref_running_alpha"": 0.05, ""dynamic_target_fraction"": 0.2, ""dynamic_lag_scale"": 1, ""pre_delta_blur"": ""triangle:11"", ""blur"": ""flat:3"", ""threshold"": ""otsu"", ""threshold_offset"": -10, ""morph_kernel"": 21, ""morph_shape"": ""ellipse"", ""morph_close_iterations"": 1, ""morph_open_iterations"": 1, ""min_area"": 1600, ""lock_frames"": 10, ""camera_stable"": false, ""motion_model"": ""affine"", ""motion_per_frame_threshold"": 1.5, ""cumulative_motion_threshold"": 3, ""peak_on_shift"": ""reset"", ""write_mask_pngs"": ""true"", ""write_overlay_pngs"": ""false"", ""write_heatmap_pngs"": ""false"", ""backend"": ""cuda"", ""roi_margin"": 0.0}"
phase6__input_8__blur=flat-7,input_8,True,0.9440283706448446,0.9711803994844841,0.4472457333906942,0.939627179275384,883.9321634359658,,"{""colorspace"": ""CIELAB"", ""channel_weights"": ""1,0,0"", ""darken_only"": true, ""peak_reference"": true, ""ref_mode"": [""first""], ""ref_running_alpha"": 0.05, ""dynamic_target_fraction"": 0.2, ""dynamic_lag_scale"": 1, ""pre_delta_blur"": ""triangle:11"", ""blur"": ""flat:7"", ""threshold"": ""otsu"", ""threshold_offset"": -10, ""morph_kernel"": 21, ""morph_shape"": ""ellipse"", ""morph_close_iterations"": 1, ""morph_open_iterations"": 1, ""min_area"": 1600, ""lock_frames"": 10, ""camera_stable"": false, ""motion_model"": ""affine"", ""motion_per_frame_threshold"": 1.5, ""cumulative_motion_threshold"": 3, ""peak_on_shift"": ""reset"", ""write_mask_pngs"": ""true"", ""write_overlay_pngs"": ""false"", ""write_heatmap_pngs"": ""false"", ""backend"": ""cuda"", ""roi_margin"": 0.0}"
phase6__input_8__blur=flat-11,input_8,True,0.9437662819854445,0.9710398668013773,0.449217885079357,0.9332658216090817,882.4637052481994,,"{""colorspace"": ""CIELAB"", ""channel_weights"": ""1,0,0"", ""darken_only"": true, ""peak_reference"": true, ""ref_mode"": [""first""], ""ref_running_alpha"": 0.05, ""dynamic_target_fraction"": 0.2, ""dynamic_lag_scale"": 1, ""pre_delta_blur"": ""triangle:11"", ""blur"": ""flat:11"", ""threshold"": ""otsu"", ""threshold_offset"": -10, ""morph_kernel"": 21, ""morph_shape"": ""ellipse"", ""morph_close_iterations"": 1, ""morph_open_iterations"": 1, ""min_area"": 1600, ""lock_frames"": 10, ""camera_stable"": false, ""motion_model"": ""affine"", ""motion_per_frame_threshold"": 1.5, ""cumulative_motion_threshold"": 3, ""peak_on_shift"": ""reset"", ""write_mask_pngs"": ""true"", ""write_overlay_pngs"": ""false"", ""write_heatmap_pngs"": ""false"", ""backend"": ""cuda"", ""roi_margin"": 0.0}"
phase6__input_8__blur=flat-15,input_8,True,0.9431487767049219,0.9707123414615462,0.4423339748301469,0.9293577944124933,871.0435963207856,,"{""colorspace"": ""CIELAB"", ""channel_weights"": ""1,0,0"", ""darken_only"": true, ""peak_reference"": true, ""ref_mode"": [""first""], ""ref_running_alpha"": 0.05, ""dynamic_target_fraction"": 0.2, ""dynamic_lag_scale"": 1, ""pre_delta_blur"": ""triangle:11"", ""blur"": ""flat:15"", ""threshold"": ""otsu"", ""threshold_offset"": -10, ""morph_kernel"": 21, ""morph_shape"": ""ellipse"", ""morph_close_iterations"": 1, ""morph_open_iterations"": 1, ""min_area"": 1600, ""lock_frames"": 10, ""camera_stable"": false, ""motion_model"": ""affine"", ""motion_per_frame_threshold"": 1.5, ""cumulative_motion_threshold"": 3, ""peak_on_shift"": ""reset"", ""write_mask_pngs"": ""true"", ""write_overlay_pngs"": ""false"", ""write_heatmap_pngs"": ""false"", ""backend"": ""cuda"", ""roi_margin"": 0.0}"
phase6__input_8__blur=gaussian-3,input_8,True,0.9433873200925784,0.9708394386286219,0.4408091125803243,0.9397480680261807,865.9286940479651,,"{""colorspace"": ""CIELAB"", ""channel_weights"": ""1,0,0"", ""darken_only"": true, ""peak_reference"": true, ""ref_mode"": [""first""], ""ref_running_alpha"": 0.05, ""dynamic_target_fraction"": 0.2, ""dynamic_lag_scale"": 1, ""pre_delta_blur"": ""triangle:11"", ""blur"": ""gaussian:3"", ""threshold"": ""otsu"", ""threshold_offset"": -10, ""morph_kernel"": 21, ""morph_shape"": ""ellipse"", ""morph_close_iterations"": 1, ""morph_open_iterations"": 1, ""min_area"": 1600, ""lock_frames"": 10, ""camera_stable"": false, ""motion_model"": ""affine"", ""motion_per_frame_threshold"": 1.5, ""cumulative_motion_threshold"": 3, ""peak_on_shift"": ""reset"", ""write_mask_pngs"": ""true"", ""write_overlay_pngs"": ""false"", ""write_heatmap_pngs"": ""false"", ""backend"": ""cuda"", ""roi_margin"": 0.0}"
phase6__input_8__blur=gaussian-7,input_8,True,0.9436921549542813,0.9710015868464827,0.44431741744527053,0.9397480680261807,842.0951153300703,,"{""colorspace"": ""CIELAB"", ""channel_weights"": ""1,0,0"", ""darken_only"": true, ""peak_reference"": true, ""ref_mode"": [""first""], ""ref_running_alpha"": 0.05, ""dynamic_target_fraction"": 0.2, ""dynamic_lag_scale"": 1, ""pre_delta_blur"": ""triangle:11"", ""blur"": ""gaussian:7"", ""threshold"": ""otsu"", ""threshold_offset"": -10, ""morph_kernel"": 21, ""morph_shape"": ""ellipse"", ""morph_close_iterations"": 1, ""morph_open_iterations"": 1, ""min_area"": 1600, ""lock_frames"": 10, ""camera_stable"": false, ""motion_model"": ""affine"", ""motion_per_frame_threshold"": 1.5, ""cumulative_motion_threshold"": 3, ""peak_on_shift"": ""reset"", ""write_mask_pngs"": ""true"", ""write_overlay_pngs"": ""false"", ""write_heatmap_pngs"": ""false"", ""backend"": ""cuda"", ""roi_margin"": 0.0}"
phase6__input_8__blur=gaussian-11,input_8,True,0.9439272776306797,0.9711266732666427,0.4469632483175294,0.9381377457965323,883.4613885069266,,"{""colorspace"": ""CIELAB"", ""channel_weights"": ""1,0,0"", ""darken_only"": true, ""peak_reference"": true, ""ref_mode"": [""first""], ""ref_running_alpha"": 0.05, ""dynamic_target_fraction"": 0.2, ""dynamic_lag_scale"": 1, ""pre_delta_blur"": ""triangle:11"", ""blur"": ""gaussian:11"", ""threshold"": ""otsu"", ""threshold_offset"": -10, ""morph_kernel"": 21, ""morph_shape"": ""ellipse"", ""morph_close_iterations"": 1, ""morph_open_iterations"": 1, ""min_area"": 1600, ""lock_frames"": 10, ""camera_stable"": false, ""motion_model"": ""affine"", ""motion_per_frame_threshold"": 1.5, ""cumulative_motion_threshold"": 3, ""peak_on_shift"": ""reset"", ""write_mask_pngs"": ""true"", ""write_overlay_pngs"": ""false"", ""write_heatmap_pngs"": ""false"", ""backend"": ""cuda"", ""roi_margin"": 0.0}"
phase6__input_8__blur=gaussian-15,input_8,True,0.9440090131127088,0.9711696886406657,0.4488133064035372,0.935647279976977,884.8121828855947,,"{""colorspace"": ""CIELAB"", ""channel_weights"": ""1,0,0"", ""darken_only"": true, ""peak_reference"": true, ""ref_mode"": [""first""], ""ref_running_alpha"": 0.05, ""dynamic_target_fraction"": 0.2, ""dynamic_lag_scale"": 1, ""pre_delta_blur"": ""triangle:11"", ""blur"": ""gaussian:15"", ""threshold"": ""otsu"", ""threshold_offset"": -10, ""morph_kernel"": 21, ""morph_shape"": ""ellipse"", ""morph_close_iterations"": 1, ""morph_open_iterations"": 1, ""min_area"": 1600, ""lock_frames"": 10, ""camera_stable"": false, ""motion_model"": ""affine"", ""motion_per_frame_threshold"": 1.5, ""cumulative_motion_threshold"": 3, ""peak_on_shift"": ""reset"", ""write_mask_pngs"": ""true"", ""write_overlay_pngs"": ""false"", ""write_heatmap_pngs"": ""false"", ""backend"": ""cuda"", ""roi_margin"": 0.0}"
phase6__input_8__blur=triangle-3,input_8,True,0.9433873200925784,0.9708394386286219,0.4408091125803243,0.9397480680261807,878.2734988071024,,"{""colorspace"": ""CIELAB"", ""channel_weights"": ""1,0,0"", ""darken_only"": true, ""peak_reference"": true, ""ref_mode"": [""first""], ""ref_running_alpha"": 0.05, ""dynamic_target_fraction"": 0.2, ""dynamic_lag_scale"": 1, ""pre_delta_blur"": ""triangle:11"", ""blur"": ""triangle:3"", ""threshold"": ""otsu"", ""threshold_offset"": -10, ""morph_kernel"": 21, ""morph_shape"": ""ellipse"", ""morph_close_iterations"": 1, ""morph_open_iterations"": 1, ""min_area"": 1600, ""lock_frames"": 10, ""camera_stable"": false, ""motion_model"": ""affine"", ""motion_per_frame_threshold"": 1.5, ""cumulative_motion_threshold"": 3, ""peak_on_shift"": ""reset"", ""write_mask_pngs"": ""true"", ""write_overlay_pngs"": ""false"", ""write_heatmap_pngs"": ""false"", ""backend"": ""cuda"", ""roi_margin"": 0.0}"
phase6__input_8__blur=triangle-11,input_8,True,0.9439355011945615,0.9711308713027613,0.447861298425584,0.9362402548076666,858.3305213702843,,"{""colorspace"": ""CIELAB"", ""channel_weights"": ""1,0,0"", ""darken_only"": true, ""peak_reference"": true, ""ref_mode"": [""first""], ""ref_running_alpha"": 0.05, ""dynamic_target_fraction"": 0.2, ""dynamic_lag_scale"": 1, ""pre_delta_blur"": ""triangle:11"", ""blur"": ""triangle:11"", ""threshold"": ""otsu"", ""threshold_offset"": -10, ""morph_kernel"": 21, ""morph_shape"": ""ellipse"", ""morph_close_iterations"": 1, ""morph_open_iterations"": 1, ""min_area"": 1600, ""lock_frames"": 10, ""camera_stable"": false, ""motion_model"": ""affine"", ""motion_per_frame_threshold"": 1.5, ""cumulative_motion_threshold"": 3, ""peak_on_shift"": ""reset"", ""write_mask_pngs"": ""true"", ""write_overlay_pngs"": ""false"", ""write_heatmap_pngs"": ""false"", ""backend"": ""cuda"", ""roi_margin"": 0.0}"
phase6__input_8__blur=triangle-7,input_8,True,0.9438865450830244,0.9711052258101052,0.4466749328359615,0.9393765461530803,870.9932935442775,,"{""colorspace"": ""CIELAB"", ""channel_weights"": ""1,0,0"", ""darken_only"": true, ""peak_reference"": true, ""ref_mode"": [""first""], ""ref_running_alpha"": 0.05, ""dynamic_target_fraction"": 0.2, ""dynamic_lag_scale"": 1, ""pre_delta_blur"": ""triangle:11"", ""blur"": ""triangle:7"", ""threshold"": ""otsu"", ""threshold_offset"": -10, ""morph_kernel"": 21, ""morph_shape"": ""ellipse"", ""morph_close_iterations"": 1, ""morph_open_iterations"": 1, ""min_area"": 1600, ""lock_frames"": 10, ""camera_stable"": false, ""motion_model"": ""affine"", ""motion_per_frame_threshold"": 1.5, ""cumulative_motion_threshold"": 3, ""peak_on_shift"": ""reset"", ""write_mask_pngs"": ""true"", ""write_overlay_pngs"": ""false"", ""write_heatmap_pngs"": ""false"", ""backend"": ""cuda"", ""roi_margin"": 0.0}"
phase6__input_8__blur=triangle-15,input_8,True,0.9440492038312784,0.9711907377602854,0.4481637165534996,0.9350765275391492,867.8129168190062,,"{""colorspace"": ""CIELAB"", ""channel_weights"": ""1,0,0"", ""darken_only"": true, ""peak_reference"": true, ""ref_mode"": [""first""], ""ref_running_alpha"": 0.05, ""dynamic_target_fraction"": 0.2, ""dynamic_lag_scale"": 1, ""pre_delta_blur"": ""triangle:11"", ""blur"": ""triangle:15"", ""threshold"": ""otsu"", ""threshold_offset"": -10, ""morph_kernel"": 21, ""morph_shape"": ""ellipse"", ""morph_close_iterations"": 1, ""morph_open_iterations"": 1, ""min_area"": 1600, ""lock_frames"": 10, ""camera_stable"": false, ""motion_model"": ""affine"", ""motion_per_frame_threshold"": 1.5, ""cumulative_motion_threshold"": 3, ""peak_on_shift"": ""reset"", ""write_mask_pngs"": ""true"", ""write_overlay_pngs"": ""false"", ""write_heatmap_pngs"": ""false"", ""backend"": ""cuda"", ""roi_margin"": 0.0}"
phase6__input_8__blur=median-5,input_8,True,0.9434266683145595,0.9708597855574123,0.4426976682768565,0.9401165052404492,890.5190334245563,,"{""colorspace"": ""CIELAB"", ""channel_weights"": ""1,0,0"", ""darken_only"": true, ""peak_reference"": true, ""ref_mode"": [""first""], ""ref_running_alpha"": 0.05, ""dynamic_target_fraction"": 0.2, ""dynamic_lag_scale"": 1, ""pre_delta_blur"": ""triangle:11"", ""blur"": ""median:5"", ""threshold"": ""otsu"", ""threshold_offset"": -10, ""morph_kernel"": 21, ""morph_shape"": ""ellipse"", ""morph_close_iterations"": 1, ""morph_open_iterations"": 1, ""min_area"": 1600, ""lock_frames"": 10, ""camera_stable"": false, ""motion_model"": ""affine"", ""motion_per_frame_threshold"": 1.5, ""cumulative_motion_threshold"": 3, ""peak_on_shift"": ""reset"", ""write_mask_pngs"": ""true"", ""write_overlay_pngs"": ""false"", ""write_heatmap_pngs"": ""false"", ""backend"": ""cuda"", ""roi_margin"": 0.0}"
phase6__input_8__blur=bilateral-9,input_8,True,0.9436298443427578,0.9709677104907332,0.44634832252300427,0.9405085619543353,959.6443113256246,,"{""colorspace"": ""CIELAB"", ""channel_weights"": ""1,0,0"", ""darken_only"": true, ""peak_reference"": true, ""ref_mode"": [""first""], ""ref_running_alpha"": 0.05, ""dynamic_target_fraction"": 0.2, ""dynamic_lag_scale"": 1, ""pre_delta_blur"": ""triangle:11"", ""blur"": ""bilateral:9"", ""threshold"": ""otsu"", ""threshold_offset"": -10, ""morph_kernel"": 21, ""morph_shape"": ""ellipse"", ""morph_close_iterations"": 1, ""morph_open_iterations"": 1, ""min_area"": 1600, ""lock_frames"": 10, ""camera_stable"": false, ""motion_model"": ""affine"", ""motion_per_frame_threshold"": 1.5, ""cumulative_motion_threshold"": 3, ""peak_on_shift"": ""reset"", ""write_mask_pngs"": ""true"", ""write_overlay_pngs"": ""false"", ""write_heatmap_pngs"": ""false"", ""backend"": ""cuda"", ""roi_margin"": 0.0}"
phase6__input_9__blur=none,input_9,True,0.9483627314243879,0.9734585031100073,0.4609940297246915,0.9540351205265427,997.4111287118867,,"{""colorspace"": ""CIELAB"", ""channel_weights"": ""1,0,0"", ""darken_only"": true, ""peak_reference"": true, ""ref_mode"": [""first""], ""ref_running_alpha"": 0.05, ""dynamic_target_fraction"": 0.2, ""dynamic_lag_scale"": 1, ""pre_delta_blur"": ""gaussian:7"", ""blur"": ""none"", ""threshold"": ""otsu"", ""threshold_offset"": -30, ""morph_kernel"": 13, ""morph_shape"": ""ellipse"", ""morph_close_iterations"": 1, ""morph_open_iterations"": 1, ""min_area"": 400, ""lock_frames"": 0, ""camera_stable"": false, ""motion_model"": ""affine"", ""motion_per_frame_threshold"": 1.5, ""cumulative_motion_threshold"": 3, ""peak_on_shift"": ""reset"", ""write_mask_pngs"": ""true"", ""write_overlay_pngs"": ""false"", ""write_heatmap_pngs"": ""false"", ""backend"": ""cuda"", ""roi_margin"": 0.0}"
phase6__input_9__blur=flat-3,input_9,True,0.9483676119948884,0.9734600286863324,0.4654335830280205,0.9546210940448159,1014.7693786825985,,"{""colorspace"": ""CIELAB"", ""channel_weights"": ""1,0,0"", ""darken_only"": true, ""peak_reference"": true, ""ref_mode"": [""first""], ""ref_running_alpha"": 0.05, ""dynamic_target_fraction"": 0.2, ""dynamic_lag_scale"": 1, ""pre_delta_blur"": ""gaussian:7"", ""blur"": ""flat:3"", ""threshold"": ""otsu"", ""threshold_offset"": -30, ""morph_kernel"": 13, ""morph_shape"": ""ellipse"", ""morph_close_iterations"": 1, ""morph_open_iterations"": 1, ""min_area"": 400, ""lock_frames"": 0, ""camera_stable"": false, ""motion_model"": ""affine"", ""motion_per_frame_threshold"": 1.5, ""cumulative_motion_threshold"": 3, ""peak_on_shift"": ""reset"", ""write_mask_pngs"": ""true"", ""write_overlay_pngs"": ""false"", ""write_heatmap_pngs"": ""false"", ""backend"": ""cuda"", ""roi_margin"": 0.0}"
phase6__input_9__blur=flat-7,input_9,True,0.9477735899835087,0.9731474326264662,0.4662880708287126,0.9530606876268356,1029.053869554773,,"{""colorspace"": ""CIELAB"", ""channel_weights"": ""1,0,0"", ""darken_only"": true, ""peak_reference"": true, ""ref_mode"": [""first""], ""ref_running_alpha"": 0.05, ""dynamic_target_fraction"": 0.2, ""dynamic_lag_scale"": 1, ""pre_delta_blur"": ""gaussian:7"", ""blur"": ""flat:7"", ""threshold"": ""otsu"", ""threshold_offset"": -30, ""morph_kernel"": 13, ""morph_shape"": ""ellipse"", ""morph_close_iterations"": 1, ""morph_open_iterations"": 1, ""min_area"": 400, ""lock_frames"": 0, ""camera_stable"": false, ""motion_model"": ""affine"", ""motion_per_frame_threshold"": 1.5, ""cumulative_motion_threshold"": 3, ""peak_on_shift"": ""reset"", ""write_mask_pngs"": ""true"", ""write_overlay_pngs"": ""false"", ""write_heatmap_pngs"": ""false"", ""backend"": ""cuda"", ""roi_margin"": 0.0}"
phase6__input_9__blur=flat-11,input_9,True,0.9468298393203544,0.9726501920015096,0.4580274597091937,0.9462412471644978,1029.2186990566552,,"{""colorspace"": ""CIELAB"", ""channel_weights"": ""1,0,0"", ""darken_only"": true, ""peak_reference"": true, ""ref_mode"": [""first""], ""ref_running_alpha"": 0.05, ""dynamic_target_fraction"": 0.2, ""dynamic_lag_scale"": 1, ""pre_delta_blur"": ""gaussian:7"", ""blur"": ""flat:11"", ""threshold"": ""otsu"", ""threshold_offset"": -30, ""morph_kernel"": 13, ""morph_shape"": ""ellipse"", ""morph_close_iterations"": 1, ""morph_open_iterations"": 1, ""min_area"": 400, ""lock_frames"": 0, ""camera_stable"": false, ""motion_model"": ""affine"", ""motion_per_frame_threshold"": 1.5, ""cumulative_motion_threshold"": 3, ""peak_on_shift"": ""reset"", ""write_mask_pngs"": ""true"", ""write_overlay_pngs"": ""false"", ""write_heatmap_pngs"": ""false"", ""backend"": ""cuda"", ""roi_margin"": 0.0}"
phase6__input_9__blur=flat-15,input_9,True,0.9445648526082865,0.9714557379078386,0.44171292294850495,0.9388589567683777,1028.0366314509884,,"{""colorspace"": ""CIELAB"", ""channel_weights"": ""1,0,0"", ""darken_only"": true, ""peak_reference"": true, ""ref_mode"": [""first""], ""ref_running_alpha"": 0.05, ""dynamic_target_fraction"": 0.2, ""dynamic_lag_scale"": 1, ""pre_delta_blur"": ""gaussian:7"", ""blur"": ""flat:15"", ""threshold"": ""otsu"", ""threshold_offset"": -30, ""morph_kernel"": 13, ""morph_shape"": ""ellipse"", ""morph_close_iterations"": 1, ""morph_open_iterations"": 1, ""min_area"": 400, ""lock_frames"": 0, ""camera_stable"": false, ""motion_model"": ""affine"", ""motion_per_frame_threshold"": 1.5, ""cumulative_motion_threshold"": 3, ""peak_on_shift"": ""reset"", ""write_mask_pngs"": ""true"", ""write_overlay_pngs"": ""false"", ""write_heatmap_pngs"": ""false"", ""backend"": ""cuda"", ""roi_margin"": 0.0}"
phase6__input_9__blur=gaussian-3,input_9,True,0.9482775866086884,0.9734123129741754,0.46405241613175346,0.9546210940448159,1026.1317775687203,,"{""colorspace"": ""CIELAB"", ""channel_weights"": ""1,0,0"", ""darken_only"": true, ""peak_reference"": true, ""ref_mode"": [""first""], ""ref_running_alpha"": 0.05, ""dynamic_target_fraction"": 0.2, ""dynamic_lag_scale"": 1, ""pre_delta_blur"": ""gaussian:7"", ""blur"": ""gaussian:3"", ""threshold"": ""otsu"", ""threshold_offset"": -30, ""morph_kernel"": 13, ""morph_shape"": ""ellipse"", ""morph_close_iterations"": 1, ""morph_open_iterations"": 1, ""min_area"": 400, ""lock_frames"": 0, ""camera_stable"": false, ""motion_model"": ""affine"", ""motion_per_frame_threshold"": 1.5, ""cumulative_motion_threshold"": 3, ""peak_on_shift"": ""reset"", ""write_mask_pngs"": ""true"", ""write_overlay_pngs"": ""false"", ""write_heatmap_pngs"": ""false"", ""backend"": ""cuda"", ""roi_margin"": 0.0}"
phase6__input_9__blur=gaussian-7,input_9,True,0.9483495199151559,0.9734491634985334,0.46817634988889745,0.9534823229736856,1023.52648197487,,"{""colorspace"": ""CIELAB"", ""channel_weights"": ""1,0,0"", ""darken_only"": true, ""peak_reference"": true, ""ref_mode"": [""first""], ""ref_running_alpha"": 0.05, ""dynamic_target_fraction"": 0.2, ""dynamic_lag_scale"": 1, ""pre_delta_blur"": ""gaussian:7"", ""blur"": ""gaussian:7"", ""threshold"": ""otsu"", ""threshold_offset"": -30, ""morph_kernel"": 13, ""morph_shape"": ""ellipse"", ""morph_close_iterations"": 1, ""morph_open_iterations"": 1, ""min_area"": 400, ""lock_frames"": 0, ""camera_stable"": false, ""motion_model"": ""affine"", ""motion_per_frame_threshold"": 1.5, ""cumulative_motion_threshold"": 3, ""peak_on_shift"": ""reset"", ""write_mask_pngs"": ""true"", ""write_overlay_pngs"": ""false"", ""write_heatmap_pngs"": ""false"", ""backend"": ""cuda"", ""roi_margin"": 0.0}"
phase6__input_9__blur=gaussian-11,input_9,True,0.9479101643317221,0.9732195430897542,0.46699368462910285,0.9534278889106271,1034.3849327415228,,"{""colorspace"": ""CIELAB"", ""channel_weights"": ""1,0,0"", ""darken_only"": true, ""peak_reference"": true, ""ref_mode"": [""first""], ""ref_running_alpha"": 0.05, ""dynamic_target_fraction"": 0.2, ""dynamic_lag_scale"": 1, ""pre_delta_blur"": ""gaussian:7"", ""blur"": ""gaussian:11"", ""threshold"": ""otsu"", ""threshold_offset"": -30, ""morph_kernel"": 13, ""morph_shape"": ""ellipse"", ""morph_close_iterations"": 1, ""morph_open_iterations"": 1, ""min_area"": 400, ""lock_frames"": 0, ""camera_stable"": false, ""motion_model"": ""affine"", ""motion_per_frame_threshold"": 1.5, ""cumulative_motion_threshold"": 3, ""peak_on_shift"": ""reset"", ""write_mask_pngs"": ""true"", ""write_overlay_pngs"": ""false"", ""write_heatmap_pngs"": ""false"", ""backend"": ""cuda"", ""roi_margin"": 0.0}"
phase6__input_10__blur=none,input_10,True,0.9495093721204343,0.9740880230905858,0.46829376183202587,0.9371158191386962,789.5772358551621,,"{""colorspace"": ""CIELAB"", ""channel_weights"": ""1,0,0"", ""darken_only"": true, ""peak_reference"": true, ""ref_mode"": [""first""], ""ref_running_alpha"": 0.05, ""dynamic_target_fraction"": 0.2, ""dynamic_lag_scale"": 1, ""pre_delta_blur"": ""gaussian:7"", ""blur"": ""none"", ""threshold"": ""otsu"", ""threshold_offset"": -30, ""morph_kernel"": 21, ""morph_shape"": ""ellipse"", ""morph_close_iterations"": 1, ""morph_open_iterations"": 1, ""min_area"": 100, ""lock_frames"": 0, ""camera_stable"": false, ""motion_model"": ""affine"", ""motion_per_frame_threshold"": 1.5, ""cumulative_motion_threshold"": 3, ""peak_on_shift"": ""reset"", ""write_mask_pngs"": ""true"", ""write_overlay_pngs"": ""false"", ""write_heatmap_pngs"": ""false"", ""backend"": ""cuda"", ""roi_margin"": 0.0}"
phase6__input_9__blur=gaussian-15,input_9,True,0.9476150128211668,0.97306208727677,0.466274868667124,0.9524940168540178,1016.7143236184493,,"{""colorspace"": ""CIELAB"", ""channel_weights"": ""1,0,0"", ""darken_only"": true, ""peak_reference"": true, ""ref_mode"": [""first""], ""ref_running_alpha"": 0.05, ""dynamic_target_fraction"": 0.2, ""dynamic_lag_scale"": 1, ""pre_delta_blur"": ""gaussian:7"", ""blur"": ""gaussian:15"", ""threshold"": ""otsu"", ""threshold_offset"": -30, ""morph_kernel"": 13, ""morph_shape"": ""ellipse"", ""morph_close_iterations"": 1, ""morph_open_iterations"": 1, ""min_area"": 400, ""lock_frames"": 0, ""camera_stable"": false, ""motion_model"": ""affine"", ""motion_per_frame_threshold"": 1.5, ""cumulative_motion_threshold"": 3, ""peak_on_shift"": ""reset"", ""write_mask_pngs"": ""true"", ""write_overlay_pngs"": ""false"", ""write_heatmap_pngs"": ""false"", ""backend"": ""cuda"", ""roi_margin"": 0.0}"
phase6__input_9__blur=triangle-7,input_9,True,0.9483272120799148,0.9734372041758931,0.4685970258699772,0.9541191150741983,1008.6964145889506,,"{""colorspace"": ""CIELAB"", ""channel_weights"": ""1,0,0"", ""darken_only"": true, ""peak_reference"": true, ""ref_mode"": [""first""], ""ref_running_alpha"": 0.05, ""dynamic_target_fraction"": 0.2, ""dynamic_lag_scale"": 1, ""pre_delta_blur"": ""gaussian:7"", ""blur"": ""triangle:7"", ""threshold"": ""otsu"", ""threshold_offset"": -30, ""morph_kernel"": 13, ""morph_shape"": ""ellipse"", ""morph_close_iterations"": 1, ""morph_open_iterations"": 1, ""min_area"": 400, ""lock_frames"": 0, ""camera_stable"": false, ""motion_model"": ""affine"", ""motion_per_frame_threshold"": 1.5, ""cumulative_motion_threshold"": 3, ""peak_on_shift"": ""reset"", ""write_mask_pngs"": ""true"", ""write_overlay_pngs"": ""false"", ""write_heatmap_pngs"": ""false"", ""backend"": ""cuda"", ""roi_margin"": 0.0}"
phase6__input_9__blur=triangle-15,input_9,True,0.947199003305851,0.9728443625217531,0.4609187233990838,0.9481072550407781,1020.6087076952681,,"{""colorspace"": ""CIELAB"", ""channel_weights"": ""1,0,0"", ""darken_only"": true, ""peak_reference"": true, ""ref_mode"": [""first""], ""ref_running_alpha"": 0.05, ""dynamic_target_fraction"": 0.2, ""dynamic_lag_scale"": 1, ""pre_delta_blur"": ""gaussian:7"", ""blur"": ""triangle:15"", ""threshold"": ""otsu"", ""threshold_offset"": -30, ""morph_kernel"": 13, ""morph_shape"": ""ellipse"", ""morph_close_iterations"": 1, ""morph_open_iterations"": 1, ""min_area"": 400, ""lock_frames"": 0, ""camera_stable"": false, ""motion_model"": ""affine"", ""motion_per_frame_threshold"": 1.5, ""cumulative_motion_threshold"": 3, ""peak_on_shift"": ""reset"", ""write_mask_pngs"": ""true"", ""write_overlay_pngs"": ""false"", ""write_heatmap_pngs"": ""false"", ""backend"": ""cuda"", ""roi_margin"": 0.0}"
phase6__input_9__blur=triangle-11,input_9,True,0.9475103886783309,0.9730075922389311,0.46562778198652854,0.9521123030701963,1030.7797594126314,,"{""colorspace"": ""CIELAB"", ""channel_weights"": ""1,0,0"", ""darken_only"": true, ""peak_reference"": true, ""ref_mode"": [""first""], ""ref_running_alpha"": 0.05, ""dynamic_target_fraction"": 0.2, ""dynamic_lag_scale"": 1, ""pre_delta_blur"": ""gaussian:7"", ""blur"": ""triangle:11"", ""threshold"": ""otsu"", ""threshold_offset"": -30, ""morph_kernel"": 13, ""morph_shape"": ""ellipse"", ""morph_close_iterations"": 1, ""morph_open_iterations"": 1, ""min_area"": 400, ""lock_frames"": 0, ""camera_stable"": false, ""motion_model"": ""affine"", ""motion_per_frame_threshold"": 1.5, ""cumulative_motion_threshold"": 3, ""peak_on_shift"": ""reset"", ""write_mask_pngs"": ""true"", ""write_overlay_pngs"": ""false"", ""write_heatmap_pngs"": ""false"", ""backend"": ""cuda"", ""roi_margin"": 0.0}"
phase6__input_9__blur=triangle-3,input_9,True,0.9482775866086884,0.9734123129741754,0.46405241613175346,0.9546210940448159,1038.2412595925853,,"{""colorspace"": ""CIELAB"", ""channel_weights"": ""1,0,0"", ""darken_only"": true, ""peak_reference"": true, ""ref_mode"": [""first""], ""ref_running_alpha"": 0.05, ""dynamic_target_fraction"": 0.2, ""dynamic_lag_scale"": 1, ""pre_delta_blur"": ""gaussian:7"", ""blur"": ""triangle:3"", ""threshold"": ""otsu"", ""threshold_offset"": -30, ""morph_kernel"": 13, ""morph_shape"": ""ellipse"", ""morph_close_iterations"": 1, ""morph_open_iterations"": 1, ""min_area"": 400, ""lock_frames"": 0, ""camera_stable"": false, ""motion_model"": ""affine"", ""motion_per_frame_threshold"": 1.5, ""cumulative_motion_threshold"": 3, ""peak_on_shift"": ""reset"", ""write_mask_pngs"": ""true"", ""write_overlay_pngs"": ""false"", ""write_heatmap_pngs"": ""false"", ""backend"": ""cuda"", ""roi_margin"": 0.0}"
phase6__input_9__blur=median-5,input_9,True,0.9484955399603621,0.9735245815298935,0.4698691625881783,0.9548144634171752,1031.3572801817209,,"{""colorspace"": ""CIELAB"", ""channel_weights"": ""1,0,0"", ""darken_only"": true, ""peak_reference"": true, ""ref_mode"": [""first""], ""ref_running_alpha"": 0.05, ""dynamic_target_fraction"": 0.2, ""dynamic_lag_scale"": 1, ""pre_delta_blur"": ""gaussian:7"", ""blur"": ""median:5"", ""threshold"": ""otsu"", ""threshold_offset"": -30, ""morph_kernel"": 13, ""morph_shape"": ""ellipse"", ""morph_close_iterations"": 1, ""morph_open_iterations"": 1, ""min_area"": 400, ""lock_frames"": 0, ""camera_stable"": false, ""motion_model"": ""affine"", ""motion_per_frame_threshold"": 1.5, ""cumulative_motion_threshold"": 3, ""peak_on_shift"": ""reset"", ""write_mask_pngs"": ""true"", ""write_overlay_pngs"": ""false"", ""write_heatmap_pngs"": ""false"", ""backend"": ""cuda"", ""roi_margin"": 0.0}"
phase6__input_10__blur=flat-3,input_10,True,0.9497458327751198,0.9742102189991069,0.47546893475196567,0.9367745986358544,798.132502512075,,"{""colorspace"": ""CIELAB"", ""channel_weights"": ""1,0,0"", ""darken_only"": true, ""peak_reference"": true, ""ref_mode"": [""first""], ""ref_running_alpha"": 0.05, ""dynamic_target_fraction"": 0.2, ""dynamic_lag_scale"": 1, ""pre_delta_blur"": ""gaussian:7"", ""blur"": ""flat:3"", ""threshold"": ""otsu"", ""threshold_offset"": -30, ""morph_kernel"": 21, ""morph_shape"": ""ellipse"", ""morph_close_iterations"": 1, ""morph_open_iterations"": 1, ""min_area"": 100, ""lock_frames"": 0, ""camera_stable"": false, ""motion_model"": ""affine"", ""motion_per_frame_threshold"": 1.5, ""cumulative_motion_threshold"": 3, ""peak_on_shift"": ""reset"", ""write_mask_pngs"": ""true"", ""write_overlay_pngs"": ""false"", ""write_heatmap_pngs"": ""false"", ""backend"": ""cuda"", ""roi_margin"": 0.0}"
phase6__input_9__blur=bilateral-9,input_9,True,0.9484099222279436,0.973478944253418,0.4704215929504711,0.954624528405412,1125.1721380185336,,"{""colorspace"": ""CIELAB"", ""channel_weights"": ""1,0,0"", ""darken_only"": true, ""peak_reference"": true, ""ref_mode"": [""first""], ""ref_running_alpha"": 0.05, ""dynamic_target_fraction"": 0.2, ""dynamic_lag_scale"": 1, ""pre_delta_blur"": ""gaussian:7"", ""blur"": ""bilateral:9"", ""threshold"": ""otsu"", ""threshold_offset"": -30, ""morph_kernel"": 13, ""morph_shape"": ""ellipse"", ""morph_close_iterations"": 1, ""morph_open_iterations"": 1, ""min_area"": 400, ""lock_frames"": 0, ""camera_stable"": false, ""motion_model"": ""affine"", ""motion_per_frame_threshold"": 1.5, ""cumulative_motion_threshold"": 3, ""peak_on_shift"": ""reset"", ""write_mask_pngs"": ""true"", ""write_overlay_pngs"": ""false"", ""write_heatmap_pngs"": ""false"", ""backend"": ""cuda"", ""roi_margin"": 0.0}"
phase6__input_10__blur=flat-7,input_10,True,0.9493413415369212,0.9739946030508271,0.47343994437364323,0.9465198085690523,797.8397472044453,,"{""colorspace"": ""CIELAB"", ""channel_weights"": ""1,0,0"", ""darken_only"": true, ""peak_reference"": true, ""ref_mode"": [""first""], ""ref_running_alpha"": 0.05, ""dynamic_target_fraction"": 0.2, ""dynamic_lag_scale"": 1, ""pre_delta_blur"": ""gaussian:7"", ""blur"": ""flat:7"", ""threshold"": ""otsu"", ""threshold_offset"": -30, ""morph_kernel"": 21, ""morph_shape"": ""ellipse"", ""morph_close_iterations"": 1, ""morph_open_iterations"": 1, ""min_area"": 100, ""lock_frames"": 0, ""camera_stable"": false, ""motion_model"": ""affine"", ""motion_per_frame_threshold"": 1.5, ""cumulative_motion_threshold"": 3, ""peak_on_shift"": ""reset"", ""write_mask_pngs"": ""true"", ""write_overlay_pngs"": ""false"", ""write_heatmap_pngs"": ""false"", ""backend"": ""cuda"", ""roi_margin"": 0.0}"
phase6__input_10__blur=flat-11,input_10,True,0.9474290702185609,0.9729826508236773,0.4636351026051674,0.9455170510730166,790.440498479642,,"{""colorspace"": ""CIELAB"", ""channel_weights"": ""1,0,0"", ""darken_only"": true, ""peak_reference"": true, ""ref_mode"": [""first""], ""ref_running_alpha"": 0.05, ""dynamic_target_fraction"": 0.2, ""dynamic_lag_scale"": 1, ""pre_delta_blur"": ""gaussian:7"", ""blur"": ""flat:11"", ""threshold"": ""otsu"", ""threshold_offset"": -30, ""morph_kernel"": 21, ""morph_shape"": ""ellipse"", ""morph_close_iterations"": 1, ""morph_open_iterations"": 1, ""min_area"": 100, ""lock_frames"": 0, ""camera_stable"": false, ""motion_model"": ""affine"", ""motion_per_frame_threshold"": 1.5, ""cumulative_motion_threshold"": 3, ""peak_on_shift"": ""reset"", ""write_mask_pngs"": ""true"", ""write_overlay_pngs"": ""false"", ""write_heatmap_pngs"": ""false"", ""backend"": ""cuda"", ""roi_margin"": 0.0}"
phase6__input_10__blur=gaussian-3,input_10,True,0.9495432825167164,0.9741043992942083,0.4731675763385835,0.9369531245024965,770.0729434806854,,"{""colorspace"": ""CIELAB"", ""channel_weights"": ""1,0,0"", ""darken_only"": true, ""peak_reference"": true, ""ref_mode"": [""first""], ""ref_running_alpha"": 0.05, ""dynamic_target_fraction"": 0.2, ""dynamic_lag_scale"": 1, ""pre_delta_blur"": ""gaussian:7"", ""blur"": ""gaussian:3"", ""threshold"": ""otsu"", ""threshold_offset"": -30, ""morph_kernel"": 21, ""morph_shape"": ""ellipse"", ""morph_close_iterations"": 1, ""morph_open_iterations"": 1, ""min_area"": 100, ""lock_frames"": 0, ""camera_stable"": false, ""motion_model"": ""affine"", ""motion_per_frame_threshold"": 1.5, ""cumulative_motion_threshold"": 3, ""peak_on_shift"": ""reset"", ""write_mask_pngs"": ""true"", ""write_overlay_pngs"": ""false"", ""write_heatmap_pngs"": ""false"", ""backend"": ""cuda"", ""roi_margin"": 0.0}"
phase6__input_10__blur=flat-15,input_10,True,0.9436993209526282,0.9710044153692621,0.44597810694692425,0.9434095419937967,792.3474431941286,,"{""colorspace"": ""CIELAB"", ""channel_weights"": ""1,0,0"", ""darken_only"": true, ""peak_reference"": true, ""ref_mode"": [""first""], ""ref_running_alpha"": 0.05, ""dynamic_target_fraction"": 0.2, ""dynamic_lag_scale"": 1, ""pre_delta_blur"": ""gaussian:7"", ""blur"": ""flat:15"", ""threshold"": ""otsu"", ""threshold_offset"": -30, ""morph_kernel"": 21, ""morph_shape"": ""ellipse"", ""morph_close_iterations"": 1, ""morph_open_iterations"": 1, ""min_area"": 100, ""lock_frames"": 0, ""camera_stable"": false, ""motion_model"": ""affine"", ""motion_per_frame_threshold"": 1.5, ""cumulative_motion_threshold"": 3, ""peak_on_shift"": ""reset"", ""write_mask_pngs"": ""true"", ""write_overlay_pngs"": ""false"", ""write_heatmap_pngs"": ""false"", ""backend"": ""cuda"", ""roi_margin"": 0.0}"
phase6__input_10__blur=gaussian-7,input_10,True,0.9498516824012346,0.9742656121008407,0.47584699440161976,0.9363962879846064,767.981347238645,,"{""colorspace"": ""CIELAB"", ""channel_weights"": ""1,0,0"", ""darken_only"": true, ""peak_reference"": true, ""ref_mode"": [""first""], ""ref_running_alpha"": 0.05, ""dynamic_target_fraction"": 0.2, ""dynamic_lag_scale"": 1, ""pre_delta_blur"": ""gaussian:7"", ""blur"": ""gaussian:7"", ""threshold"": ""otsu"", ""threshold_offset"": -30, ""morph_kernel"": 21, ""morph_shape"": ""ellipse"", ""morph_close_iterations"": 1, ""morph_open_iterations"": 1, ""min_area"": 100, ""lock_frames"": 0, ""camera_stable"": false, ""motion_model"": ""affine"", ""motion_per_frame_threshold"": 1.5, ""cumulative_motion_threshold"": 3, ""peak_on_shift"": ""reset"", ""write_mask_pngs"": ""true"", ""write_overlay_pngs"": ""false"", ""write_heatmap_pngs"": ""false"", ""backend"": ""cuda"", ""roi_margin"": 0.0}"
phase6__input_10__blur=gaussian-11,input_10,True,0.9496630293195187,0.9741634476235781,0.4761634148619424,0.9455474876883432,793.9831488765776,,"{""colorspace"": ""CIELAB"", ""channel_weights"": ""1,0,0"", ""darken_only"": true, ""peak_reference"": true, ""ref_mode"": [""first""], ""ref_running_alpha"": 0.05, ""dynamic_target_fraction"": 0.2, ""dynamic_lag_scale"": 1, ""pre_delta_blur"": ""gaussian:7"", ""blur"": ""gaussian:11"", ""threshold"": ""otsu"", ""threshold_offset"": -30, ""morph_kernel"": 21, ""morph_shape"": ""ellipse"", ""morph_close_iterations"": 1, ""morph_open_iterations"": 1, ""min_area"": 100, ""lock_frames"": 0, ""camera_stable"": false, ""motion_model"": ""affine"", ""motion_per_frame_threshold"": 1.5, ""cumulative_motion_threshold"": 3, ""peak_on_shift"": ""reset"", ""write_mask_pngs"": ""true"", ""write_overlay_pngs"": ""false"", ""write_heatmap_pngs"": ""false"", ""backend"": ""cuda"", ""roi_margin"": 0.0}"
phase6__input_10__blur=gaussian-15,input_10,True,0.949275110978179,0.973958979755373,0.4733137842083347,0.9459248710786232,784.5253879874945,,"{""colorspace"": ""CIELAB"", ""channel_weights"": ""1,0,0"", ""darken_only"": true, ""peak_reference"": true, ""ref_mode"": [""first""], ""ref_running_alpha"": 0.05, ""dynamic_target_fraction"": 0.2, ""dynamic_lag_scale"": 1, ""pre_delta_blur"": ""gaussian:7"", ""blur"": ""gaussian:15"", ""threshold"": ""otsu"", ""threshold_offset"": -30, ""morph_kernel"": 21, ""morph_shape"": ""ellipse"", ""morph_close_iterations"": 1, ""morph_open_iterations"": 1, ""min_area"": 100, ""lock_frames"": 0, ""camera_stable"": false, ""motion_model"": ""affine"", ""motion_per_frame_threshold"": 1.5, ""cumulative_motion_threshold"": 3, ""peak_on_shift"": ""reset"", ""write_mask_pngs"": ""true"", ""write_overlay_pngs"": ""false"", ""write_heatmap_pngs"": ""false"", ""backend"": ""cuda"", ""roi_margin"": 0.0}"
phase6__input_10__blur=triangle-3,input_10,True,0.9495432825167164,0.9741043992942083,0.4731675763385835,0.9369531245024965,788.100329907611,,"{""colorspace"": ""CIELAB"", ""channel_weights"": ""1,0,0"", ""darken_only"": true, ""peak_reference"": true, ""ref_mode"": [""first""], ""ref_running_alpha"": 0.05, ""dynamic_target_fraction"": 0.2, ""dynamic_lag_scale"": 1, ""pre_delta_blur"": ""gaussian:7"", ""blur"": ""triangle:3"", ""threshold"": ""otsu"", ""threshold_offset"": -30, ""morph_kernel"": 21, ""morph_shape"": ""ellipse"", ""morph_close_iterations"": 1, ""morph_open_iterations"": 1, ""min_area"": 100, ""lock_frames"": 0, ""camera_stable"": false, ""motion_model"": ""affine"", ""motion_per_frame_threshold"": 1.5, ""cumulative_motion_threshold"": 3, ""peak_on_shift"": ""reset"", ""write_mask_pngs"": ""true"", ""write_overlay_pngs"": ""false"", ""write_heatmap_pngs"": ""false"", ""backend"": ""cuda"", ""roi_margin"": 0.0}"
phase6__input_10__blur=triangle-11,input_10,True,0.9492885357297522,0.9739663357089563,0.4734404526790977,0.9463490451866592,800.8383859572932,,"{""colorspace"": ""CIELAB"", ""channel_weights"": ""1,0,0"", ""darken_only"": true, ""peak_reference"": true, ""ref_mode"": [""first""], ""ref_running_alpha"": 0.05, ""dynamic_target_fraction"": 0.2, ""dynamic_lag_scale"": 1, ""pre_delta_blur"": ""gaussian:7"", ""blur"": ""triangle:11"", ""threshold"": ""otsu"", ""threshold_offset"": -30, ""morph_kernel"": 21, ""morph_shape"": ""ellipse"", ""morph_close_iterations"": 1, ""morph_open_iterations"": 1, ""min_area"": 100, ""lock_frames"": 0, ""camera_stable"": false, ""motion_model"": ""affine"", ""motion_per_frame_threshold"": 1.5, ""cumulative_motion_threshold"": 3, ""peak_on_shift"": ""reset"", ""write_mask_pngs"": ""true"", ""write_overlay_pngs"": ""false"", ""write_heatmap_pngs"": ""false"", ""backend"": ""cuda"", ""roi_margin"": 0.0}"
phase6__input_10__blur=triangle-15,input_10,True,0.946792988587878,0.9726425541829709,0.4597389507899271,0.9457050269639172,786.0031463969499,,"{""colorspace"": ""CIELAB"", ""channel_weights"": ""1,0,0"", ""darken_only"": true, ""peak_reference"": true, ""ref_mode"": [""first""], ""ref_running_alpha"": 0.05, ""dynamic_target_fraction"": 0.2, ""dynamic_lag_scale"": 1, ""pre_delta_blur"": ""gaussian:7"", ""blur"": ""triangle:15"", ""threshold"": ""otsu"", ""threshold_offset"": -30, ""morph_kernel"": 21, ""morph_shape"": ""ellipse"", ""morph_close_iterations"": 1, ""morph_open_iterations"": 1, ""min_area"": 100, ""lock_frames"": 0, ""camera_stable"": false, ""motion_model"": ""affine"", ""motion_per_frame_threshold"": 1.5, ""cumulative_motion_threshold"": 3, ""peak_on_shift"": ""reset"", ""write_mask_pngs"": ""true"", ""write_overlay_pngs"": ""false"", ""write_heatmap_pngs"": ""false"", ""backend"": ""cuda"", ""roi_margin"": 0.0}"
phase6__input_10__blur=triangle-7,input_10,True,0.9498657089237648,0.9742726804753037,0.4764402426277071,0.9406923834121738,805.8104982385412,,"{""colorspace"": ""CIELAB"", ""channel_weights"": ""1,0,0"", ""darken_only"": true, ""peak_reference"": true, ""ref_mode"": [""first""], ""ref_running_alpha"": 0.05, ""dynamic_target_fraction"": 0.2, ""dynamic_lag_scale"": 1, ""pre_delta_blur"": ""gaussian:7"", ""blur"": ""triangle:7"", ""threshold"": ""otsu"", ""threshold_offset"": -30, ""morph_kernel"": 21, ""morph_shape"": ""ellipse"", ""morph_close_iterations"": 1, ""morph_open_iterations"": 1, ""min_area"": 100, ""lock_frames"": 0, ""camera_stable"": false, ""motion_model"": ""affine"", ""motion_per_frame_threshold"": 1.5, ""cumulative_motion_threshold"": 3, ""peak_on_shift"": ""reset"", ""write_mask_pngs"": ""true"", ""write_overlay_pngs"": ""false"", ""write_heatmap_pngs"": ""false"", ""backend"": ""cuda"", ""roi_margin"": 0.0}"
phase6__input_10__blur=median-5,input_10,True,0.9499445844548566,0.9743136883346161,0.47661540703118793,0.9367191612352752,802.565763194114,,"{""colorspace"": ""CIELAB"", ""channel_weights"": ""1,0,0"", ""darken_only"": true, ""peak_reference"": true, ""ref_mode"": [""first""], ""ref_running_alpha"": 0.05, ""dynamic_target_fraction"": 0.2, ""dynamic_lag_scale"": 1, ""pre_delta_blur"": ""gaussian:7"", ""blur"": ""median:5"", ""threshold"": ""otsu"", ""threshold_offset"": -30, ""morph_kernel"": 21, ""morph_shape"": ""ellipse"", ""morph_close_iterations"": 1, ""morph_open_iterations"": 1, ""min_area"": 100, ""lock_frames"": 0, ""camera_stable"": false, ""motion_model"": ""affine"", ""motion_per_frame_threshold"": 1.5, ""cumulative_motion_threshold"": 3, ""peak_on_shift"": ""reset"", ""write_mask_pngs"": ""true"", ""write_overlay_pngs"": ""false"", ""write_heatmap_pngs"": ""false"", ""backend"": ""cuda"", ""roi_margin"": 0.0}"
phase6__input_10__blur=bilateral-9,input_10,True,0.9499397859188164,0.9743107847529892,0.4757376844729066,0.9406443294350788,877.4586157454178,,"{""colorspace"": ""CIELAB"", ""channel_weights"": ""1,0,0"", ""darken_only"": true, ""peak_reference"": true, ""ref_mode"": [""first""], ""ref_running_alpha"": 0.05, ""dynamic_target_fraction"": 0.2, ""dynamic_lag_scale"": 1, ""pre_delta_blur"": ""gaussian:7"", ""blur"": ""bilateral:9"", ""threshold"": ""otsu"", ""threshold_offset"": -30, ""morph_kernel"": 21, ""morph_shape"": ""ellipse"", ""morph_close_iterations"": 1, ""morph_open_iterations"": 1, ""min_area"": 100, ""lock_frames"": 0, ""camera_stable"": false, ""motion_model"": ""affine"", ""motion_per_frame_threshold"": 1.5, ""cumulative_motion_threshold"": 3, ""peak_on_shift"": ""reset"", ""write_mask_pngs"": ""true"", ""write_overlay_pngs"": ""false"", ""write_heatmap_pngs"": ""false"", ""backend"": ""cuda"", ""roi_margin"": 0.0}"
phase6__input_11__blur=none,input_11,True,0.9124782100459653,0.9535361238429033,0.3618704761107459,0.942859207999436,964.8865870730951,,"{""colorspace"": ""CIELAB"", ""channel_weights"": ""1,0,0"", ""darken_only"": true, ""peak_reference"": true, ""ref_mode"": [""first""], ""ref_running_alpha"": 0.05, ""dynamic_target_fraction"": 0.2, ""dynamic_lag_scale"": 1, ""pre_delta_blur"": ""triangle:3"", ""blur"": ""none"", ""threshold"": ""otsu"", ""threshold_offset"": -30, ""morph_kernel"": 13, ""morph_shape"": ""ellipse"", ""morph_close_iterations"": 1, ""morph_open_iterations"": 1, ""min_area"": 1600, ""lock_frames"": 0, ""camera_stable"": false, ""motion_model"": ""affine"", ""motion_per_frame_threshold"": 1.5, ""cumulative_motion_threshold"": 3, ""peak_on_shift"": ""reset"", ""write_mask_pngs"": ""true"", ""write_overlay_pngs"": ""false"", ""write_heatmap_pngs"": ""false"", ""backend"": ""cuda"", ""roi_margin"": 0.0}"
phase6__input_11__blur=flat-3,input_11,True,0.9126212455100854,0.9536050888537524,0.3643828488160061,0.9430486288767025,966.6815618351102,,"{""colorspace"": ""CIELAB"", ""channel_weights"": ""1,0,0"", ""darken_only"": true, ""peak_reference"": true, ""ref_mode"": [""first""], ""ref_running_alpha"": 0.05, ""dynamic_target_fraction"": 0.2, ""dynamic_lag_scale"": 1, ""pre_delta_blur"": ""triangle:3"", ""blur"": ""flat:3"", ""threshold"": ""otsu"", ""threshold_offset"": -30, ""morph_kernel"": 13, ""morph_shape"": ""ellipse"", ""morph_close_iterations"": 1, ""morph_open_iterations"": 1, ""min_area"": 1600, ""lock_frames"": 0, ""camera_stable"": false, ""motion_model"": ""affine"", ""motion_per_frame_threshold"": 1.5, ""cumulative_motion_threshold"": 3, ""peak_on_shift"": ""reset"", ""write_mask_pngs"": ""true"", ""write_overlay_pngs"": ""false"", ""write_heatmap_pngs"": ""false"", ""backend"": ""cuda"", ""roi_margin"": 0.0}"
phase6__input_11__blur=flat-7,input_11,True,0.9116801274074552,0.9530746538745747,0.3585288342513562,0.9489044295995033,953.0463054925203,,"{""colorspace"": ""CIELAB"", ""channel_weights"": ""1,0,0"", ""darken_only"": true, ""peak_reference"": true, ""ref_mode"": [""first""], ""ref_running_alpha"": 0.05, ""dynamic_target_fraction"": 0.2, ""dynamic_lag_scale"": 1, ""pre_delta_blur"": ""triangle:3"", ""blur"": ""flat:7"", ""threshold"": ""otsu"", ""threshold_offset"": -30, ""morph_kernel"": 13, ""morph_shape"": ""ellipse"", ""morph_close_iterations"": 1, ""morph_open_iterations"": 1, ""min_area"": 1600, ""lock_frames"": 0, ""camera_stable"": false, ""motion_model"": ""affine"", ""motion_per_frame_threshold"": 1.5, ""cumulative_motion_threshold"": 3, ""peak_on_shift"": ""reset"", ""write_mask_pngs"": ""true"", ""write_overlay_pngs"": ""false"", ""write_heatmap_pngs"": ""false"", ""backend"": ""cuda"", ""roi_margin"": 0.0}"
phase6__input_11__blur=flat-11,input_11,True,0.9093749647396155,0.951821282630295,0.33660930665603817,0.9484397940832208,913.1567646963522,,"{""colorspace"": ""CIELAB"", ""channel_weights"": ""1,0,0"", ""darken_only"": true, ""peak_reference"": true, ""ref_mode"": [""first""], ""ref_running_alpha"": 0.05, ""dynamic_target_fraction"": 0.2, ""dynamic_lag_scale"": 1, ""pre_delta_blur"": ""triangle:3"", ""blur"": ""flat:11"", ""threshold"": ""otsu"", ""threshold_offset"": -30, ""morph_kernel"": 13, ""morph_shape"": ""ellipse"", ""morph_close_iterations"": 1, ""morph_open_iterations"": 1, ""min_area"": 1600, ""lock_frames"": 0, ""camera_stable"": false, ""motion_model"": ""affine"", ""motion_per_frame_threshold"": 1.5, ""cumulative_motion_threshold"": 3, ""peak_on_shift"": ""reset"", ""write_mask_pngs"": ""true"", ""write_overlay_pngs"": ""false"", ""write_heatmap_pngs"": ""false"", ""backend"": ""cuda"", ""roi_margin"": 0.0}"
phase6__input_11__blur=flat-15,input_11,True,0.9068728144332822,0.9504515332368365,0.3187127765253723,0.9398119080987885,894.8821324836463,,"{""colorspace"": ""CIELAB"", ""channel_weights"": ""1,0,0"", ""darken_only"": true, ""peak_reference"": true, ""ref_mode"": [""first""], ""ref_running_alpha"": 0.05, ""dynamic_target_fraction"": 0.2, ""dynamic_lag_scale"": 1, ""pre_delta_blur"": ""triangle:3"", ""blur"": ""flat:15"", ""threshold"": ""otsu"", ""threshold_offset"": -30, ""morph_kernel"": 13, ""morph_shape"": ""ellipse"", ""morph_close_iterations"": 1, ""morph_open_iterations"": 1, ""min_area"": 1600, ""lock_frames"": 0, ""camera_stable"": false, ""motion_model"": ""affine"", ""motion_per_frame_threshold"": 1.5, ""cumulative_motion_threshold"": 3, ""peak_on_shift"": ""reset"", ""write_mask_pngs"": ""true"", ""write_overlay_pngs"": ""false"", ""write_heatmap_pngs"": ""false"", ""backend"": ""cuda"", ""roi_margin"": 0.0}"
phase6__input_11__blur=gaussian-3,input_11,True,0.9125101814402375,0.9535422192598302,0.3644820393942324,0.942859207999436,892.5451025636867,,"{""colorspace"": ""CIELAB"", ""channel_weights"": ""1,0,0"", ""darken_only"": true, ""peak_reference"": true, ""ref_mode"": [""first""], ""ref_running_alpha"": 0.05, ""dynamic_target_fraction"": 0.2, ""dynamic_lag_scale"": 1, ""pre_delta_blur"": ""triangle:3"", ""blur"": ""gaussian:3"", ""threshold"": ""otsu"", ""threshold_offset"": -30, ""morph_kernel"": 13, ""morph_shape"": ""ellipse"", ""morph_close_iterations"": 1, ""morph_open_iterations"": 1, ""min_area"": 1600, ""lock_frames"": 0, ""camera_stable"": false, ""motion_model"": ""affine"", ""motion_per_frame_threshold"": 1.5, ""cumulative_motion_threshold"": 3, ""peak_on_shift"": ""reset"", ""write_mask_pngs"": ""true"", ""write_overlay_pngs"": ""false"", ""write_heatmap_pngs"": ""false"", ""backend"": ""cuda"", ""roi_margin"": 0.0}"
phase6__input_11__blur=gaussian-7,input_11,True,0.9121168634052594,0.953320904673679,0.3639618261936971,0.9463658438215307,875.790469600819,,"{""colorspace"": ""CIELAB"", ""channel_weights"": ""1,0,0"", ""darken_only"": true, ""peak_reference"": true, ""ref_mode"": [""first""], ""ref_running_alpha"": 0.05, ""dynamic_target_fraction"": 0.2, ""dynamic_lag_scale"": 1, ""pre_delta_blur"": ""triangle:3"", ""blur"": ""gaussian:7"", ""threshold"": ""otsu"", ""threshold_offset"": -30, ""morph_kernel"": 13, ""morph_shape"": ""ellipse"", ""morph_close_iterations"": 1, ""morph_open_iterations"": 1, ""min_area"": 1600, ""lock_frames"": 0, ""camera_stable"": false, ""motion_model"": ""affine"", ""motion_per_frame_threshold"": 1.5, ""cumulative_motion_threshold"": 3, ""peak_on_shift"": ""reset"", ""write_mask_pngs"": ""true"", ""write_overlay_pngs"": ""false"", ""write_heatmap_pngs"": ""false"", ""backend"": ""cuda"", ""roi_margin"": 0.0}"
phase6__input_11__blur=gaussian-11,input_11,True,0.911783567475123,0.9531336666826883,0.3597782345831541,0.9485329394362747,844.8937062304467,,"{""colorspace"": ""CIELAB"", ""channel_weights"": ""1,0,0"", ""darken_only"": true, ""peak_reference"": true, ""ref_mode"": [""first""], ""ref_running_alpha"": 0.05, ""dynamic_target_fraction"": 0.2, ""dynamic_lag_scale"": 1, ""pre_delta_blur"": ""triangle:3"", ""blur"": ""gaussian:11"", ""threshold"": ""otsu"", ""threshold_offset"": -30, ""morph_kernel"": 13, ""morph_shape"": ""ellipse"", ""morph_close_iterations"": 1, ""morph_open_iterations"": 1, ""min_area"": 1600, ""lock_frames"": 0, ""camera_stable"": false, ""motion_model"": ""affine"", ""motion_per_frame_threshold"": 1.5, ""cumulative_motion_threshold"": 3, ""peak_on_shift"": ""reset"", ""write_mask_pngs"": ""true"", ""write_overlay_pngs"": ""false"", ""write_heatmap_pngs"": ""false"", ""backend"": ""cuda"", ""roi_margin"": 0.0}"
phase6__input_11__blur=gaussian-15,input_11,True,0.9110906334809084,0.9527466437512668,0.3539275155314017,0.9502213140065766,827.1333030452952,,"{""colorspace"": ""CIELAB"", ""channel_weights"": ""1,0,0"", ""darken_only"": true, ""peak_reference"": true, ""ref_mode"": [""first""], ""ref_running_alpha"": 0.05, ""dynamic_target_fraction"": 0.2, ""dynamic_lag_scale"": 1, ""pre_delta_blur"": ""triangle:3"", ""blur"": ""gaussian:15"", ""threshold"": ""otsu"", ""threshold_offset"": -30, ""morph_kernel"": 13, ""morph_shape"": ""ellipse"", ""morph_close_iterations"": 1, ""morph_open_iterations"": 1, ""min_area"": 1600, ""lock_frames"": 0, ""camera_stable"": false, ""motion_model"": ""affine"", ""motion_per_frame_threshold"": 1.5, ""cumulative_motion_threshold"": 3, ""peak_on_shift"": ""reset"", ""write_mask_pngs"": ""true"", ""write_overlay_pngs"": ""false"", ""write_heatmap_pngs"": ""false"", ""backend"": ""cuda"", ""roi_margin"": 0.0}"
phase6__input_11__blur=triangle-3,input_11,True,0.9125101814402375,0.9535422192598302,0.3644820393942324,0.942859207999436,716.481929554604,,"{""colorspace"": ""CIELAB"", ""channel_weights"": ""1,0,0"", ""darken_only"": true, ""peak_reference"": true, ""ref_mode"": [""first""], ""ref_running_alpha"": 0.05, ""dynamic_target_fraction"": 0.2, ""dynamic_lag_scale"": 1, ""pre_delta_blur"": ""triangle:3"", ""blur"": ""triangle:3"", ""threshold"": ""otsu"", ""threshold_offset"": -30, ""morph_kernel"": 13, ""morph_shape"": ""ellipse"", ""morph_close_iterations"": 1, ""morph_open_iterations"": 1, ""min_area"": 1600, ""lock_frames"": 0, ""camera_stable"": false, ""motion_model"": ""affine"", ""motion_per_frame_threshold"": 1.5, ""cumulative_motion_threshold"": 3, ""peak_on_shift"": ""reset"", ""write_mask_pngs"": ""true"", ""write_overlay_pngs"": ""false"", ""write_heatmap_pngs"": ""false"", ""backend"": ""cuda"", ""roi_margin"": 0.0}"
phase6__input_11__blur=triangle-7,input_11,True,0.9120442467689338,0.9532764616185807,0.36347971606893803,0.9483224262765628,705.7868545828387,,"{""colorspace"": ""CIELAB"", ""channel_weights"": ""1,0,0"", ""darken_only"": true, ""peak_reference"": true, ""ref_mode"": [""first""], ""ref_running_alpha"": 0.05, ""dynamic_target_fraction"": 0.2, ""dynamic_lag_scale"": 1, ""pre_delta_blur"": ""triangle:3"", ""blur"": ""triangle:7"", ""threshold"": ""otsu"", ""threshold_offset"": -30, ""morph_kernel"": 13, ""morph_shape"": ""ellipse"", ""morph_close_iterations"": 1, ""morph_open_iterations"": 1, ""min_area"": 1600, ""lock_frames"": 0, ""camera_stable"": false, ""motion_model"": ""affine"", ""motion_per_frame_threshold"": 1.5, ""cumulative_motion_threshold"": 3, ""peak_on_shift"": ""reset"", ""write_mask_pngs"": ""true"", ""write_overlay_pngs"": ""false"", ""write_heatmap_pngs"": ""false"", ""backend"": ""cuda"", ""roi_margin"": 0.0}"
phase6__input_11__blur=triangle-11,input_11,True,0.9112195191113998,0.9528210556405303,0.3538739231338241,0.950736611981025,674.504140057601,,"{""colorspace"": ""CIELAB"", ""channel_weights"": ""1,0,0"", ""darken_only"": true, ""peak_reference"": true, ""ref_mode"": [""first""], ""ref_running_alpha"": 0.05, ""dynamic_target_fraction"": 0.2, ""dynamic_lag_scale"": 1, ""pre_delta_blur"": ""triangle:3"", ""blur"": ""triangle:11"", ""threshold"": ""otsu"", ""threshold_offset"": -30, ""morph_kernel"": 13, ""morph_shape"": ""ellipse"", ""morph_close_iterations"": 1, ""morph_open_iterations"": 1, ""min_area"": 1600, ""lock_frames"": 0, ""camera_stable"": false, ""motion_model"": ""affine"", ""motion_per_frame_threshold"": 1.5, ""cumulative_motion_threshold"": 3, ""peak_on_shift"": ""reset"", ""write_mask_pngs"": ""true"", ""write_overlay_pngs"": ""false"", ""write_heatmap_pngs"": ""false"", ""backend"": ""cuda"", ""roi_margin"": 0.0}"
phase6__input_11__blur=triangle-15,input_11,True,0.9099452454958137,0.9521282902960759,0.3413733128650868,0.949986121483699,675.2450608471408,,"{""colorspace"": ""CIELAB"", ""channel_weights"": ""1,0,0"", ""darken_only"": true, ""peak_reference"": true, ""ref_mode"": [""first""], ""ref_running_alpha"": 0.05, ""dynamic_target_fraction"": 0.2, ""dynamic_lag_scale"": 1, ""pre_delta_blur"": ""triangle:3"", ""blur"": ""triangle:15"", ""threshold"": ""otsu"", ""threshold_offset"": -30, ""morph_kernel"": 13, ""morph_shape"": ""ellipse"", ""morph_close_iterations"": 1, ""morph_open_iterations"": 1, ""min_area"": 1600, ""lock_frames"": 0, ""camera_stable"": false, ""motion_model"": ""affine"", ""motion_per_frame_threshold"": 1.5, ""cumulative_motion_threshold"": 3, ""peak_on_shift"": ""reset"", ""write_mask_pngs"": ""true"", ""write_overlay_pngs"": ""false"", ""write_heatmap_pngs"": ""false"", ""backend"": ""cuda"", ""roi_margin"": 0.0}"
phase6__input_11__blur=median-5,input_11,True,0.9124320418142133,0.9534901156271849,0.3721329474568225,0.9450582326145553,672.6084571788087,,"{""colorspace"": ""CIELAB"", ""channel_weights"": ""1,0,0"", ""darken_only"": true, ""peak_reference"": true, ""ref_mode"": [""first""], ""ref_running_alpha"": 0.05, ""dynamic_target_fraction"": 0.2, ""dynamic_lag_scale"": 1, ""pre_delta_blur"": ""triangle:3"", ""blur"": ""median:5"", ""threshold"": ""otsu"", ""threshold_offset"": -30, ""morph_kernel"": 13, ""morph_shape"": ""ellipse"", ""morph_close_iterations"": 1, ""morph_open_iterations"": 1, ""min_area"": 1600, ""lock_frames"": 0, ""camera_stable"": false, ""motion_model"": ""affine"", ""motion_per_frame_threshold"": 1.5, ""cumulative_motion_threshold"": 3, ""peak_on_shift"": ""reset"", ""write_mask_pngs"": ""true"", ""write_overlay_pngs"": ""false"", ""write_heatmap_pngs"": ""false"", ""backend"": ""cuda"", ""roi_margin"": 0.0}"
phase6__input_11__blur=bilateral-9,input_11,True,0.9127693876320958,0.9536668889503908,0.37457333897867484,0.945628381859485,657.7081697145477,,"{""colorspace"": ""CIELAB"", ""channel_weights"": ""1,0,0"", ""darken_only"": true, ""peak_reference"": true, ""ref_mode"": [""first""], ""ref_running_alpha"": 0.05, ""dynamic_target_fraction"": 0.2, ""dynamic_lag_scale"": 1, ""pre_delta_blur"": ""triangle:3"", ""blur"": ""bilateral:9"", ""threshold"": ""otsu"", ""threshold_offset"": -30, ""morph_kernel"": 13, ""morph_shape"": ""ellipse"", ""morph_close_iterations"": 1, ""morph_open_iterations"": 1, ""min_area"": 1600, ""lock_frames"": 0, ""camera_stable"": false, ""motion_model"": ""affine"", ""motion_per_frame_threshold"": 1.5, ""cumulative_motion_threshold"": 3, ""peak_on_shift"": ""reset"", ""write_mask_pngs"": ""true"", ""write_overlay_pngs"": ""false"", ""write_heatmap_pngs"": ""false"", ""backend"": ""cuda"", ""roi_margin"": 0.0}"
