trial_id,sample,ok,iou_mean,dice_mean,boundary_f1_mean,box_iou_mean,runtime_s,error,flags_json
phase7b__input_1__morph_close_iterations=1__morph_kernel=31__morph_open_iterations=1__morph_shape=ellipse,input_1,True,0.9448814053734121,0.9707112942536538,0.6711379049301035,0.9031616645812685,9.307193626649678,,"{""colorspace"": ""CIELAB"", ""channel_weights"": ""1,0,0"", ""darken_only"": true, ""peak_reference"": true, ""ref_mode"": [""first""], ""ref_running_alpha"": 0.05, ""dynamic_target_fraction"": 0.2, ""dynamic_lag_scale"": 1, ""pre_delta_blur"": ""none"", ""blur"": ""gaussian:9"", ""threshold"": ""otsu"", ""threshold_offset"": -10, ""morph_kernel"": 31, ""morph_shape"": ""ellipse"", ""morph_close_iterations"": 1, ""morph_open_iterations"": 1, ""min_area"": 1600, ""lock_frames"": 0, ""camera_stable"": false, ""motion_model"": ""affine"", ""motion_per_frame_threshold"": 1.5, ""cumulative_motion_threshold"": 3, ""peak_on_shift"": ""reset"", ""write_mask_pngs"": ""true"", ""write_overlay_pngs"": ""false"", ""write_heatmap_pngs"": ""false"", ""backend"": ""cuda"", ""__top5_kernels__"": [31, 21, 13, 51, 9], ""roi_mask"": ""/home/j-vaught/bench_vrifa/data/roi_masks/input_1.png""}"
phase7b__input_1__morph_close_iterations=1__morph_kernel=31__morph_open_iterations=2__morph_shape=ellipse,input_1,True,0.9448814053734121,0.9707112942536538,0.6711379049301035,0.9031616645812685,10.123500202782452,,"{""colorspace"": ""CIELAB"", ""channel_weights"": ""1,0,0"", ""darken_only"": true, ""peak_reference"": true, ""ref_mode"": [""first""], ""ref_running_alpha"": 0.05, ""dynamic_target_fraction"": 0.2, ""dynamic_lag_scale"": 1, ""pre_delta_blur"": ""none"", ""blur"": ""gaussian:9"", ""threshold"": ""otsu"", ""threshold_offset"": -10, ""morph_kernel"": 31, ""morph_shape"": ""ellipse"", ""morph_close_iterations"": 1, ""morph_open_iterations"": 2, ""min_area"": 1600, ""lock_frames"": 0, ""camera_stable"": false, ""motion_model"": ""affine"", ""motion_per_frame_threshold"": 1.5, ""cumulative_motion_threshold"": 3, ""peak_on_shift"": ""reset"", ""write_mask_pngs"": ""true"", ""write_overlay_pngs"": ""false"", ""write_heatmap_pngs"": ""false"", ""backend"": ""cuda"", ""__top5_kernels__"": [31, 21, 13, 51, 9], ""roi_mask"": ""/home/j-vaught/bench_vrifa/data/roi_masks/input_1.png""}"
phase7b__input_1__morph_close_iterations=2__morph_kernel=31__morph_open_iterations=1__morph_shape=ellipse,input_1,True,0.9448814053734121,0.9707112942536538,0.6711379049301035,0.9031616645812685,10.2276676800102,,"{""colorspace"": ""CIELAB"", ""channel_weights"": ""1,0,0"", ""darken_only"": true, ""peak_reference"": true, ""ref_mode"": [""first""], ""ref_running_alpha"": 0.05, ""dynamic_target_fraction"": 0.2, ""dynamic_lag_scale"": 1, ""pre_delta_blur"": ""none"", ""blur"": ""gaussian:9"", ""threshold"": ""otsu"", ""threshold_offset"": -10, ""morph_kernel"": 31, ""morph_shape"": ""ellipse"", ""morph_close_iterations"": 2, ""morph_open_iterations"": 1, ""min_area"": 1600, ""lock_frames"": 0, ""camera_stable"": false, ""motion_model"": ""affine"", ""motion_per_frame_threshold"": 1.5, ""cumulative_motion_threshold"": 3, ""peak_on_shift"": ""reset"", ""write_mask_pngs"": ""true"", ""write_overlay_pngs"": ""false"", ""write_heatmap_pngs"": ""false"", ""backend"": ""cuda"", ""__top5_kernels__"": [31, 21, 13, 51, 9], ""roi_mask"": ""/home/j-vaught/bench_vrifa/data/roi_masks/input_1.png""}"
phase7b__input_1__morph_close_iterations=2__morph_kernel=31__morph_open_iterations=2__morph_shape=ellipse,input_1,True,0.9448814053734121,0.9707112942536538,0.6711379049301035,0.9031616645812685,11.265617431141436,,"{""colorspace"": ""CIELAB"", ""channel_weights"": ""1,0,0"", ""darken_only"": true, ""peak_reference"": true, ""ref_mode"": [""first""], ""ref_running_alpha"": 0.05, ""dynamic_target_fraction"": 0.2, ""dynamic_lag_scale"": 1, ""pre_delta_blur"": ""none"", ""blur"": ""gaussian:9"", ""threshold"": ""otsu"", ""threshold_offset"": -10, ""morph_kernel"": 31, ""morph_shape"": ""ellipse"", ""morph_close_iterations"": 2, ""morph_open_iterations"": 2, ""min_area"": 1600, ""lock_frames"": 0, ""camera_stable"": false, ""motion_model"": ""affine"", ""motion_per_frame_threshold"": 1.5, ""cumulative_motion_threshold"": 3, ""peak_on_shift"": ""reset"", ""write_mask_pngs"": ""true"", ""write_overlay_pngs"": ""false"", ""write_heatmap_pngs"": ""false"", ""backend"": ""cuda"", ""__top5_kernels__"": [31, 21, 13, 51, 9], ""roi_mask"": ""/home/j-vaught/bench_vrifa/data/roi_masks/input_1.png""}"
phase7b__input_1__morph_close_iterations=1__morph_kernel=21__morph_open_iterations=1__morph_shape=ellipse,input_1,True,0.9362545348159852,0.9656145700182842,0.643258712215355,0.9108172996246584,8.325662090443075,,"{""colorspace"": ""CIELAB"", ""channel_weights"": ""1,0,0"", ""darken_only"": true, ""peak_reference"": true, ""ref_mode"": [""first""], ""ref_running_alpha"": 0.05, ""dynamic_target_fraction"": 0.2, ""dynamic_lag_scale"": 1, ""pre_delta_blur"": ""none"", ""blur"": ""gaussian:9"", ""threshold"": ""otsu"", ""threshold_offset"": -10, ""morph_kernel"": 21, ""morph_shape"": ""ellipse"", ""morph_close_iterations"": 1, ""morph_open_iterations"": 1, ""min_area"": 1600, ""lock_frames"": 0, ""camera_stable"": false, ""motion_model"": ""affine"", ""motion_per_frame_threshold"": 1.5, ""cumulative_motion_threshold"": 3, ""peak_on_shift"": ""reset"", ""write_mask_pngs"": ""true"", ""write_overlay_pngs"": ""false"", ""write_heatmap_pngs"": ""false"", ""backend"": ""cuda"", ""__top5_kernels__"": [31, 21, 13, 51, 9], ""roi_mask"": ""/home/j-vaught/bench_vrifa/data/roi_masks/input_1.png""}"
phase7b__input_1__morph_close_iterations=1__morph_kernel=21__morph_open_iterations=2__morph_shape=ellipse,input_1,True,0.9362545348159852,0.9656145700182842,0.643258712215355,0.9108172996246584,8.521892148070037,,"{""colorspace"": ""CIELAB"", ""channel_weights"": ""1,0,0"", ""darken_only"": true, ""peak_reference"": true, ""ref_mode"": [""first""], ""ref_running_alpha"": 0.05, ""dynamic_target_fraction"": 0.2, ""dynamic_lag_scale"": 1, ""pre_delta_blur"": ""none"", ""blur"": ""gaussian:9"", ""threshold"": ""otsu"", ""threshold_offset"": -10, ""morph_kernel"": 21, ""morph_shape"": ""ellipse"", ""morph_close_iterations"": 1, ""morph_open_iterations"": 2, ""min_area"": 1600, ""lock_frames"": 0, ""camera_stable"": false, ""motion_model"": ""affine"", ""motion_per_frame_threshold"": 1.5, ""cumulative_motion_threshold"": 3, ""peak_on_shift"": ""reset"", ""write_mask_pngs"": ""true"", ""write_overlay_pngs"": ""false"", ""write_heatmap_pngs"": ""false"", ""backend"": ""cuda"", ""__top5_kernels__"": [31, 21, 13, 51, 9], ""roi_mask"": ""/home/j-vaught/bench_vrifa/data/roi_masks/input_1.png""}"
phase7b__input_1__morph_close_iterations=2__morph_kernel=21__morph_open_iterations=1__morph_shape=ellipse,input_1,True,0.9362545348159852,0.9656145700182842,0.643258712215355,0.9108172996246584,8.571572386659682,,"{""colorspace"": ""CIELAB"", ""channel_weights"": ""1,0,0"", ""darken_only"": true, ""peak_reference"": true, ""ref_mode"": [""first""], ""ref_running_alpha"": 0.05, ""dynamic_target_fraction"": 0.2, ""dynamic_lag_scale"": 1, ""pre_delta_blur"": ""none"", ""blur"": ""gaussian:9"", ""threshold"": ""otsu"", ""threshold_offset"": -10, ""morph_kernel"": 21, ""morph_shape"": ""ellipse"", ""morph_close_iterations"": 2, ""morph_open_iterations"": 1, ""min_area"": 1600, ""lock_frames"": 0, ""camera_stable"": false, ""motion_model"": ""affine"", ""motion_per_frame_threshold"": 1.5, ""cumulative_motion_threshold"": 3, ""peak_on_shift"": ""reset"", ""write_mask_pngs"": ""true"", ""write_overlay_pngs"": ""false"", ""write_heatmap_pngs"": ""false"", ""backend"": ""cuda"", ""__top5_kernels__"": [31, 21, 13, 51, 9], ""roi_mask"": ""/home/j-vaught/bench_vrifa/data/roi_masks/input_1.png""}"
phase7b__input_1__morph_close_iterations=2__morph_kernel=21__morph_open_iterations=2__morph_shape=ellipse,input_1,True,0.9362545348159852,0.9656145700182842,0.643258712215355,0.9108172996246584,8.964456731453538,,"{""colorspace"": ""CIELAB"", ""channel_weights"": ""1,0,0"", ""darken_only"": true, ""peak_reference"": true, ""ref_mode"": [""first""], ""ref_running_alpha"": 0.05, ""dynamic_target_fraction"": 0.2, ""dynamic_lag_scale"": 1, ""pre_delta_blur"": ""none"", ""blur"": ""gaussian:9"", ""threshold"": ""otsu"", ""threshold_offset"": -10, ""morph_kernel"": 21, ""morph_shape"": ""ellipse"", ""morph_close_iterations"": 2, ""morph_open_iterations"": 2, ""min_area"": 1600, ""lock_frames"": 0, ""camera_stable"": false, ""motion_model"": ""affine"", ""motion_per_frame_threshold"": 1.5, ""cumulative_motion_threshold"": 3, ""peak_on_shift"": ""reset"", ""write_mask_pngs"": ""true"", ""write_overlay_pngs"": ""false"", ""write_heatmap_pngs"": ""false"", ""backend"": ""cuda"", ""__top5_kernels__"": [31, 21, 13, 51, 9], ""roi_mask"": ""/home/j-vaught/bench_vrifa/data/roi_masks/input_1.png""}"
phase7b__input_1__morph_close_iterations=1__morph_kernel=13__morph_open_iterations=1__morph_shape=ellipse,input_1,True,0.9268446692929219,0.9604301857876578,0.5906312361837983,0.9221400897007669,7.79367670416832,,"{""colorspace"": ""CIELAB"", ""channel_weights"": ""1,0,0"", ""darken_only"": true, ""peak_reference"": true, ""ref_mode"": [""first""], ""ref_running_alpha"": 0.05, ""dynamic_target_fraction"": 0.2, ""dynamic_lag_scale"": 1, ""pre_delta_blur"": ""none"", ""blur"": ""gaussian:9"", ""threshold"": ""otsu"", ""threshold_offset"": -10, ""morph_kernel"": 13, ""morph_shape"": ""ellipse"", ""morph_close_iterations"": 1, ""morph_open_iterations"": 1, ""min_area"": 1600, ""lock_frames"": 0, ""camera_stable"": false, ""motion_model"": ""affine"", ""motion_per_frame_threshold"": 1.5, ""cumulative_motion_threshold"": 3, ""peak_on_shift"": ""reset"", ""write_mask_pngs"": ""true"", ""write_overlay_pngs"": ""false"", ""write_heatmap_pngs"": ""false"", ""backend"": ""cuda"", ""__top5_kernels__"": [31, 21, 13, 51, 9], ""roi_mask"": ""/home/j-vaught/bench_vrifa/data/roi_masks/input_1.png""}"
phase7b__input_1__morph_close_iterations=1__morph_kernel=13__morph_open_iterations=2__morph_shape=ellipse,input_1,True,0.9268446692929219,0.9604301857876578,0.5906312361837983,0.9221400897007669,7.653734136372805,,"{""colorspace"": ""CIELAB"", ""channel_weights"": ""1,0,0"", ""darken_only"": true, ""peak_reference"": true, ""ref_mode"": [""first""], ""ref_running_alpha"": 0.05, ""dynamic_target_fraction"": 0.2, ""dynamic_lag_scale"": 1, ""pre_delta_blur"": ""none"", ""blur"": ""gaussian:9"", ""threshold"": ""otsu"", ""threshold_offset"": -10, ""morph_kernel"": 13, ""morph_shape"": ""ellipse"", ""morph_close_iterations"": 1, ""morph_open_iterations"": 2, ""min_area"": 1600, ""lock_frames"": 0, ""camera_stable"": false, ""motion_model"": ""affine"", ""motion_per_frame_threshold"": 1.5, ""cumulative_motion_threshold"": 3, ""peak_on_shift"": ""reset"", ""write_mask_pngs"": ""true"", ""write_overlay_pngs"": ""false"", ""write_heatmap_pngs"": ""false"", ""backend"": ""cuda"", ""__top5_kernels__"": [31, 21, 13, 51, 9], ""roi_mask"": ""/home/j-vaught/bench_vrifa/data/roi_masks/input_1.png""}"
phase7b__input_1__morph_close_iterations=2__morph_kernel=13__morph_open_iterations=1__morph_shape=ellipse,input_1,True,0.9268446692929219,0.9604301857876578,0.5906312361837983,0.9221400897007669,7.749136510305107,,"{""colorspace"": ""CIELAB"", ""channel_weights"": ""1,0,0"", ""darken_only"": true, ""peak_reference"": true, ""ref_mode"": [""first""], ""ref_running_alpha"": 0.05, ""dynamic_target_fraction"": 0.2, ""dynamic_lag_scale"": 1, ""pre_delta_blur"": ""none"", ""blur"": ""gaussian:9"", ""threshold"": ""otsu"", ""threshold_offset"": -10, ""morph_kernel"": 13, ""morph_shape"": ""ellipse"", ""morph_close_iterations"": 2, ""morph_open_iterations"": 1, ""min_area"": 1600, ""lock_frames"": 0, ""camera_stable"": false, ""motion_model"": ""affine"", ""motion_per_frame_threshold"": 1.5, ""cumulative_motion_threshold"": 3, ""peak_on_shift"": ""reset"", ""write_mask_pngs"": ""true"", ""write_overlay_pngs"": ""false"", ""write_heatmap_pngs"": ""false"", ""backend"": ""cuda"", ""__top5_kernels__"": [31, 21, 13, 51, 9], ""roi_mask"": ""/home/j-vaught/bench_vrifa/data/roi_masks/input_1.png""}"
phase7b__input_2__morph_close_iterations=1__morph_kernel=51__morph_open_iterations=1__morph_shape=ellipse,input_2,True,0.9634575412719789,0.9811741912124704,0.4239704250601978,0.947247558940074,2.4394534500315785,,"{""colorspace"": ""CIELAB"", ""channel_weights"": ""1,0,0"", ""darken_only"": true, ""peak_reference"": true, ""ref_mode"": [""first""], ""ref_running_alpha"": 0.05, ""dynamic_target_fraction"": 0.2, ""dynamic_lag_scale"": 1, ""pre_delta_blur"": ""none"", ""blur"": ""gaussian:9"", ""threshold"": ""otsu"", ""threshold_offset"": -50, ""morph_kernel"": 51, ""morph_shape"": ""ellipse"", ""morph_close_iterations"": 1, ""morph_open_iterations"": 1, ""min_area"": 100, ""lock_frames"": 10, ""camera_stable"": false, ""motion_model"": ""affine"", ""motion_per_frame_threshold"": 1.5, ""cumulative_motion_threshold"": 3, ""peak_on_shift"": ""reset"", ""write_mask_pngs"": ""true"", ""write_overlay_pngs"": ""false"", ""write_heatmap_pngs"": ""false"", ""backend"": ""cuda"", ""__top5_kernels__"": [51, 31, 21, 13, 9], ""roi_margin"": 0.0}"
phase7b__input_1__morph_close_iterations=2__morph_kernel=13__morph_open_iterations=2__morph_shape=ellipse,input_1,True,0.9268446692929219,0.9604301857876578,0.5906312361837983,0.9221400897007669,7.793057612143457,,"{""colorspace"": ""CIELAB"", ""channel_weights"": ""1,0,0"", ""darken_only"": true, ""peak_reference"": true, ""ref_mode"": [""first""], ""ref_running_alpha"": 0.05, ""dynamic_target_fraction"": 0.2, ""dynamic_lag_scale"": 1, ""pre_delta_blur"": ""none"", ""blur"": ""gaussian:9"", ""threshold"": ""otsu"", ""threshold_offset"": -10, ""morph_kernel"": 13, ""morph_shape"": ""ellipse"", ""morph_close_iterations"": 2, ""morph_open_iterations"": 2, ""min_area"": 1600, ""lock_frames"": 0, ""camera_stable"": false, ""motion_model"": ""affine"", ""motion_per_frame_threshold"": 1.5, ""cumulative_motion_threshold"": 3, ""peak_on_shift"": ""reset"", ""write_mask_pngs"": ""true"", ""write_overlay_pngs"": ""false"", ""write_heatmap_pngs"": ""false"", ""backend"": ""cuda"", ""__top5_kernels__"": [31, 21, 13, 51, 9], ""roi_mask"": ""/home/j-vaught/bench_vrifa/data/roi_masks/input_1.png""}"
phase7b__input_2__morph_close_iterations=1__morph_kernel=51__morph_open_iterations=2__morph_shape=ellipse,input_2,True,0.9634575412719789,0.9811741912124704,0.4239704250601978,0.947247558940074,3.0589255802333355,,"{""colorspace"": ""CIELAB"", ""channel_weights"": ""1,0,0"", ""darken_only"": true, ""peak_reference"": true, ""ref_mode"": [""first""], ""ref_running_alpha"": 0.05, ""dynamic_target_fraction"": 0.2, ""dynamic_lag_scale"": 1, ""pre_delta_blur"": ""none"", ""blur"": ""gaussian:9"", ""threshold"": ""otsu"", ""threshold_offset"": -50, ""morph_kernel"": 51, ""morph_shape"": ""ellipse"", ""morph_close_iterations"": 1, ""morph_open_iterations"": 2, ""min_area"": 100, ""lock_frames"": 10, ""camera_stable"": false, ""motion_model"": ""affine"", ""motion_per_frame_threshold"": 1.5, ""cumulative_motion_threshold"": 3, ""peak_on_shift"": ""reset"", ""write_mask_pngs"": ""true"", ""write_overlay_pngs"": ""false"", ""write_heatmap_pngs"": ""false"", ""backend"": ""cuda"", ""__top5_kernels__"": [51, 31, 21, 13, 9], ""roi_margin"": 0.0}"
phase7b__input_2__morph_close_iterations=2__morph_kernel=51__morph_open_iterations=1__morph_shape=ellipse,input_2,True,0.9634575412719789,0.9811741912124704,0.4239704250601978,0.947247558940074,2.9391048066318035,,"{""colorspace"": ""CIELAB"", ""channel_weights"": ""1,0,0"", ""darken_only"": true, ""peak_reference"": true, ""ref_mode"": [""first""], ""ref_running_alpha"": 0.05, ""dynamic_target_fraction"": 0.2, ""dynamic_lag_scale"": 1, ""pre_delta_blur"": ""none"", ""blur"": ""gaussian:9"", ""threshold"": ""otsu"", ""threshold_offset"": -50, ""morph_kernel"": 51, ""morph_shape"": ""ellipse"", ""morph_close_iterations"": 2, ""morph_open_iterations"": 1, ""min_area"": 100, ""lock_frames"": 10, ""camera_stable"": false, ""motion_model"": ""affine"", ""motion_per_frame_threshold"": 1.5, ""cumulative_motion_threshold"": 3, ""peak_on_shift"": ""reset"", ""write_mask_pngs"": ""true"", ""write_overlay_pngs"": ""false"", ""write_heatmap_pngs"": ""false"", ""backend"": ""cuda"", ""__top5_kernels__"": [51, 31, 21, 13, 9], ""roi_margin"": 0.0}"
phase7b__input_2__morph_close_iterations=1__morph_kernel=31__morph_open_iterations=1__morph_shape=ellipse,input_2,True,0.9628247240607728,0.9808528973201828,0.43976196364218,0.9605448854817903,2.0868857335299253,,"{""colorspace"": ""CIELAB"", ""channel_weights"": ""1,0,0"", ""darken_only"": true, ""peak_reference"": true, ""ref_mode"": [""first""], ""ref_running_alpha"": 0.05, ""dynamic_target_fraction"": 0.2, ""dynamic_lag_scale"": 1, ""pre_delta_blur"": ""none"", ""blur"": ""gaussian:9"", ""threshold"": ""otsu"", ""threshold_offset"": -50, ""morph_kernel"": 31, ""morph_shape"": ""ellipse"", ""morph_close_iterations"": 1, ""morph_open_iterations"": 1, ""min_area"": 100, ""lock_frames"": 10, ""camera_stable"": false, ""motion_model"": ""affine"", ""motion_per_frame_threshold"": 1.5, ""cumulative_motion_threshold"": 3, ""peak_on_shift"": ""reset"", ""write_mask_pngs"": ""true"", ""write_overlay_pngs"": ""false"", ""write_heatmap_pngs"": ""false"", ""backend"": ""cuda"", ""__top5_kernels__"": [51, 31, 21, 13, 9], ""roi_margin"": 0.0}"
phase7b__input_2__morph_close_iterations=2__morph_kernel=51__morph_open_iterations=2__morph_shape=ellipse,input_2,True,0.9634575412719789,0.9811741912124704,0.4239704250601978,0.947247558940074,3.6329490756615996,,"{""colorspace"": ""CIELAB"", ""channel_weights"": ""1,0,0"", ""darken_only"": true, ""peak_reference"": true, ""ref_mode"": [""first""], ""ref_running_alpha"": 0.05, ""dynamic_target_fraction"": 0.2, ""dynamic_lag_scale"": 1, ""pre_delta_blur"": ""none"", ""blur"": ""gaussian:9"", ""threshold"": ""otsu"", ""threshold_offset"": -50, ""morph_kernel"": 51, ""morph_shape"": ""ellipse"", ""morph_close_iterations"": 2, ""morph_open_iterations"": 2, ""min_area"": 100, ""lock_frames"": 10, ""camera_stable"": false, ""motion_model"": ""affine"", ""motion_per_frame_threshold"": 1.5, ""cumulative_motion_threshold"": 3, ""peak_on_shift"": ""reset"", ""write_mask_pngs"": ""true"", ""write_overlay_pngs"": ""false"", ""write_heatmap_pngs"": ""false"", ""backend"": ""cuda"", ""__top5_kernels__"": [51, 31, 21, 13, 9], ""roi_margin"": 0.0}"
phase7b__input_2__morph_close_iterations=1__morph_kernel=31__morph_open_iterations=2__morph_shape=ellipse,input_2,True,0.9628247240607728,0.9808528973201828,0.43976196364218,0.9605448854817903,2.1923047797754407,,"{""colorspace"": ""CIELAB"", ""channel_weights"": ""1,0,0"", ""darken_only"": true, ""peak_reference"": true, ""ref_mode"": [""first""], ""ref_running_alpha"": 0.05, ""dynamic_target_fraction"": 0.2, ""dynamic_lag_scale"": 1, ""pre_delta_blur"": ""none"", ""blur"": ""gaussian:9"", ""threshold"": ""otsu"", ""threshold_offset"": -50, ""morph_kernel"": 31, ""morph_shape"": ""ellipse"", ""morph_close_iterations"": 1, ""morph_open_iterations"": 2, ""min_area"": 100, ""lock_frames"": 10, ""camera_stable"": false, ""motion_model"": ""affine"", ""motion_per_frame_threshold"": 1.5, ""cumulative_motion_threshold"": 3, ""peak_on_shift"": ""reset"", ""write_mask_pngs"": ""true"", ""write_overlay_pngs"": ""false"", ""write_heatmap_pngs"": ""false"", ""backend"": ""cuda"", ""__top5_kernels__"": [51, 31, 21, 13, 9], ""roi_margin"": 0.0}"
phase7b__input_2__morph_close_iterations=2__morph_kernel=31__morph_open_iterations=1__morph_shape=ellipse,input_2,True,0.9628247240607728,0.9808528973201828,0.43976196364218,0.9605448854817903,2.166238371282816,,"{""colorspace"": ""CIELAB"", ""channel_weights"": ""1,0,0"", ""darken_only"": true, ""peak_reference"": true, ""ref_mode"": [""first""], ""ref_running_alpha"": 0.05, ""dynamic_target_fraction"": 0.2, ""dynamic_lag_scale"": 1, ""pre_delta_blur"": ""none"", ""blur"": ""gaussian:9"", ""threshold"": ""otsu"", ""threshold_offset"": -50, ""morph_kernel"": 31, ""morph_shape"": ""ellipse"", ""morph_close_iterations"": 2, ""morph_open_iterations"": 1, ""min_area"": 100, ""lock_frames"": 10, ""camera_stable"": false, ""motion_model"": ""affine"", ""motion_per_frame_threshold"": 1.5, ""cumulative_motion_threshold"": 3, ""peak_on_shift"": ""reset"", ""write_mask_pngs"": ""true"", ""write_overlay_pngs"": ""false"", ""write_heatmap_pngs"": ""false"", ""backend"": ""cuda"", ""__top5_kernels__"": [51, 31, 21, 13, 9], ""roi_margin"": 0.0}"
phase7b__input_2__morph_close_iterations=2__morph_kernel=31__morph_open_iterations=2__morph_shape=ellipse,input_2,True,0.9628247240607728,0.9808528973201828,0.43976196364218,0.9605448854817903,2.54666287638247,,"{""colorspace"": ""CIELAB"", ""channel_weights"": ""1,0,0"", ""darken_only"": true, ""peak_reference"": true, ""ref_mode"": [""first""], ""ref_running_alpha"": 0.05, ""dynamic_target_fraction"": 0.2, ""dynamic_lag_scale"": 1, ""pre_delta_blur"": ""none"", ""blur"": ""gaussian:9"", ""threshold"": ""otsu"", ""threshold_offset"": -50, ""morph_kernel"": 31, ""morph_shape"": ""ellipse"", ""morph_close_iterations"": 2, ""morph_open_iterations"": 2, ""min_area"": 100, ""lock_frames"": 10, ""camera_stable"": false, ""motion_model"": ""affine"", ""motion_per_frame_threshold"": 1.5, ""cumulative_motion_threshold"": 3, ""peak_on_shift"": ""reset"", ""write_mask_pngs"": ""true"", ""write_overlay_pngs"": ""false"", ""write_heatmap_pngs"": ""false"", ""backend"": ""cuda"", ""__top5_kernels__"": [51, 31, 21, 13, 9], ""roi_margin"": 0.0}"
phase7b__input_2__morph_close_iterations=1__morph_kernel=21__morph_open_iterations=1__morph_shape=ellipse,input_2,True,0.9627260600020338,0.9808007479747995,0.4470124185495088,0.967851747278007,1.982179818674922,,"{""colorspace"": ""CIELAB"", ""channel_weights"": ""1,0,0"", ""darken_only"": true, ""peak_reference"": true, ""ref_mode"": [""first""], ""ref_running_alpha"": 0.05, ""dynamic_target_fraction"": 0.2, ""dynamic_lag_scale"": 1, ""pre_delta_blur"": ""none"", ""blur"": ""gaussian:9"", ""threshold"": ""otsu"", ""threshold_offset"": -50, ""morph_kernel"": 21, ""morph_shape"": ""ellipse"", ""morph_close_iterations"": 1, ""morph_open_iterations"": 1, ""min_area"": 100, ""lock_frames"": 10, ""camera_stable"": false, ""motion_model"": ""affine"", ""motion_per_frame_threshold"": 1.5, ""cumulative_motion_threshold"": 3, ""peak_on_shift"": ""reset"", ""write_mask_pngs"": ""true"", ""write_overlay_pngs"": ""false"", ""write_heatmap_pngs"": ""false"", ""backend"": ""cuda"", ""__top5_kernels__"": [51, 31, 21, 13, 9], ""roi_margin"": 0.0}"
phase7b__input_2__morph_close_iterations=1__morph_kernel=21__morph_open_iterations=2__morph_shape=ellipse,input_2,True,0.9627260600020338,0.9808007479747995,0.4470124185495088,0.967851747278007,1.864796125330031,,"{""colorspace"": ""CIELAB"", ""channel_weights"": ""1,0,0"", ""darken_only"": true, ""peak_reference"": true, ""ref_mode"": [""first""], ""ref_running_alpha"": 0.05, ""dynamic_target_fraction"": 0.2, ""dynamic_lag_scale"": 1, ""pre_delta_blur"": ""none"", ""blur"": ""gaussian:9"", ""threshold"": ""otsu"", ""threshold_offset"": -50, ""morph_kernel"": 21, ""morph_shape"": ""ellipse"", ""morph_close_iterations"": 1, ""morph_open_iterations"": 2, ""min_area"": 100, ""lock_frames"": 10, ""camera_stable"": false, ""motion_model"": ""affine"", ""motion_per_frame_threshold"": 1.5, ""cumulative_motion_threshold"": 3, ""peak_on_shift"": ""reset"", ""write_mask_pngs"": ""true"", ""write_overlay_pngs"": ""false"", ""write_heatmap_pngs"": ""false"", ""backend"": ""cuda"", ""__top5_kernels__"": [51, 31, 21, 13, 9], ""roi_margin"": 0.0}"
phase7b__input_2__morph_close_iterations=2__morph_kernel=21__morph_open_iterations=1__morph_shape=ellipse,input_2,True,0.9627260600020338,0.9808007479747995,0.4470124185495088,0.967851747278007,1.8407090716063976,,"{""colorspace"": ""CIELAB"", ""channel_weights"": ""1,0,0"", ""darken_only"": true, ""peak_reference"": true, ""ref_mode"": [""first""], ""ref_running_alpha"": 0.05, ""dynamic_target_fraction"": 0.2, ""dynamic_lag_scale"": 1, ""pre_delta_blur"": ""none"", ""blur"": ""gaussian:9"", ""threshold"": ""otsu"", ""threshold_offset"": -50, ""morph_kernel"": 21, ""morph_shape"": ""ellipse"", ""morph_close_iterations"": 2, ""morph_open_iterations"": 1, ""min_area"": 100, ""lock_frames"": 10, ""camera_stable"": false, ""motion_model"": ""affine"", ""motion_per_frame_threshold"": 1.5, ""cumulative_motion_threshold"": 3, ""peak_on_shift"": ""reset"", ""write_mask_pngs"": ""true"", ""write_overlay_pngs"": ""false"", ""write_heatmap_pngs"": ""false"", ""backend"": ""cuda"", ""__top5_kernels__"": [51, 31, 21, 13, 9], ""roi_margin"": 0.0}"
phase7b__input_2__morph_close_iterations=2__morph_kernel=21__morph_open_iterations=2__morph_shape=ellipse,input_2,True,0.9627260600020338,0.9808007479747995,0.4470124185495088,0.967851747278007,1.9477377431467175,,"{""colorspace"": ""CIELAB"", ""channel_weights"": ""1,0,0"", ""darken_only"": true, ""peak_reference"": true, ""ref_mode"": [""first""], ""ref_running_alpha"": 0.05, ""dynamic_target_fraction"": 0.2, ""dynamic_lag_scale"": 1, ""pre_delta_blur"": ""none"", ""blur"": ""gaussian:9"", ""threshold"": ""otsu"", ""threshold_offset"": -50, ""morph_kernel"": 21, ""morph_shape"": ""ellipse"", ""morph_close_iterations"": 2, ""morph_open_iterations"": 2, ""min_area"": 100, ""lock_frames"": 10, ""camera_stable"": false, ""motion_model"": ""affine"", ""motion_per_frame_threshold"": 1.5, ""cumulative_motion_threshold"": 3, ""peak_on_shift"": ""reset"", ""write_mask_pngs"": ""true"", ""write_overlay_pngs"": ""false"", ""write_heatmap_pngs"": ""false"", ""backend"": ""cuda"", ""__top5_kernels__"": [51, 31, 21, 13, 9], ""roi_margin"": 0.0}"
phase7b__input_3__morph_close_iterations=1__morph_kernel=21__morph_open_iterations=1__morph_shape=ellipse,input_3,True,0.974433781892919,0.9870318763005109,0.4420189972620343,0.9579002857418188,2.8427109280601144,,"{""colorspace"": ""CIELAB"", ""channel_weights"": ""1,0,0"", ""darken_only"": true, ""peak_reference"": true, ""ref_mode"": [""first""], ""ref_running_alpha"": 0.05, ""dynamic_target_fraction"": 0.2, ""dynamic_lag_scale"": 1, ""pre_delta_blur"": ""none"", ""blur"": ""gaussian:9"", ""threshold"": ""otsu"", ""threshold_offset"": -50, ""morph_kernel"": 21, ""morph_shape"": ""ellipse"", ""morph_close_iterations"": 1, ""morph_open_iterations"": 1, ""min_area"": 1600, ""lock_frames"": 3, ""camera_stable"": false, ""motion_model"": ""affine"", ""motion_per_frame_threshold"": 1.5, ""cumulative_motion_threshold"": 3, ""peak_on_shift"": ""reset"", ""write_mask_pngs"": ""true"", ""write_overlay_pngs"": ""false"", ""write_heatmap_pngs"": ""false"", ""backend"": ""cuda"", ""__top5_kernels__"": [21, 13, 31, 9, 5], ""roi_margin"": 0.0}"
phase7b__input_3__morph_close_iterations=2__morph_kernel=21__morph_open_iterations=1__morph_shape=ellipse,input_3,True,0.974433781892919,0.9870318763005109,0.4420189972620343,0.9579002857418188,2.867834797129035,,"{""colorspace"": ""CIELAB"", ""channel_weights"": ""1,0,0"", ""darken_only"": true, ""peak_reference"": true, ""ref_mode"": [""first""], ""ref_running_alpha"": 0.05, ""dynamic_target_fraction"": 0.2, ""dynamic_lag_scale"": 1, ""pre_delta_blur"": ""none"", ""blur"": ""gaussian:9"", ""threshold"": ""otsu"", ""threshold_offset"": -50, ""morph_kernel"": 21, ""morph_shape"": ""ellipse"", ""morph_close_iterations"": 2, ""morph_open_iterations"": 1, ""min_area"": 1600, ""lock_frames"": 3, ""camera_stable"": false, ""motion_model"": ""affine"", ""motion_per_frame_threshold"": 1.5, ""cumulative_motion_threshold"": 3, ""peak_on_shift"": ""reset"", ""write_mask_pngs"": ""true"", ""write_overlay_pngs"": ""false"", ""write_heatmap_pngs"": ""false"", ""backend"": ""cuda"", ""__top5_kernels__"": [21, 13, 31, 9, 5], ""roi_margin"": 0.0}"
phase7b__input_3__morph_close_iterations=1__morph_kernel=21__morph_open_iterations=2__morph_shape=ellipse,input_3,True,0.974433781892919,0.9870318763005109,0.4420189972620343,0.9579002857418188,3.0158616956323385,,"{""colorspace"": ""CIELAB"", ""channel_weights"": ""1,0,0"", ""darken_only"": true, ""peak_reference"": true, ""ref_mode"": [""first""], ""ref_running_alpha"": 0.05, ""dynamic_target_fraction"": 0.2, ""dynamic_lag_scale"": 1, ""pre_delta_blur"": ""none"", ""blur"": ""gaussian:9"", ""threshold"": ""otsu"", ""threshold_offset"": -50, ""morph_kernel"": 21, ""morph_shape"": ""ellipse"", ""morph_close_iterations"": 1, ""morph_open_iterations"": 2, ""min_area"": 1600, ""lock_frames"": 3, ""camera_stable"": false, ""motion_model"": ""affine"", ""motion_per_frame_threshold"": 1.5, ""cumulative_motion_threshold"": 3, ""peak_on_shift"": ""reset"", ""write_mask_pngs"": ""true"", ""write_overlay_pngs"": ""false"", ""write_heatmap_pngs"": ""false"", ""backend"": ""cuda"", ""__top5_kernels__"": [21, 13, 31, 9, 5], ""roi_margin"": 0.0}"
phase7b__input_3__morph_close_iterations=2__morph_kernel=21__morph_open_iterations=2__morph_shape=ellipse,input_3,True,0.974433781892919,0.9870318763005109,0.4420189972620343,0.9579002857418188,3.1953167067840695,,"{""colorspace"": ""CIELAB"", ""channel_weights"": ""1,0,0"", ""darken_only"": true, ""peak_reference"": true, ""ref_mode"": [""first""], ""ref_running_alpha"": 0.05, ""dynamic_target_fraction"": 0.2, ""dynamic_lag_scale"": 1, ""pre_delta_blur"": ""none"", ""blur"": ""gaussian:9"", ""threshold"": ""otsu"", ""threshold_offset"": -50, ""morph_kernel"": 21, ""morph_shape"": ""ellipse"", ""morph_close_iterations"": 2, ""morph_open_iterations"": 2, ""min_area"": 1600, ""lock_frames"": 3, ""camera_stable"": false, ""motion_model"": ""affine"", ""motion_per_frame_threshold"": 1.5, ""cumulative_motion_threshold"": 3, ""peak_on_shift"": ""reset"", ""write_mask_pngs"": ""true"", ""write_overlay_pngs"": ""false"", ""write_heatmap_pngs"": ""false"", ""backend"": ""cuda"", ""__top5_kernels__"": [21, 13, 31, 9, 5], ""roi_margin"": 0.0}"
phase7b__input_3__morph_close_iterations=1__morph_kernel=13__morph_open_iterations=1__morph_shape=ellipse,input_3,True,0.973924687802608,0.9867721871626524,0.4467569539008799,0.957765996971985,2.651670548133552,,"{""colorspace"": ""CIELAB"", ""channel_weights"": ""1,0,0"", ""darken_only"": true, ""peak_reference"": true, ""ref_mode"": [""first""], ""ref_running_alpha"": 0.05, ""dynamic_target_fraction"": 0.2, ""dynamic_lag_scale"": 1, ""pre_delta_blur"": ""none"", ""blur"": ""gaussian:9"", ""threshold"": ""otsu"", ""threshold_offset"": -50, ""morph_kernel"": 13, ""morph_shape"": ""ellipse"", ""morph_close_iterations"": 1, ""morph_open_iterations"": 1, ""min_area"": 1600, ""lock_frames"": 3, ""camera_stable"": false, ""motion_model"": ""affine"", ""motion_per_frame_threshold"": 1.5, ""cumulative_motion_threshold"": 3, ""peak_on_shift"": ""reset"", ""write_mask_pngs"": ""true"", ""write_overlay_pngs"": ""false"", ""write_heatmap_pngs"": ""false"", ""backend"": ""cuda"", ""__top5_kernels__"": [21, 13, 31, 9, 5], ""roi_margin"": 0.0}"
phase7b__input_3__morph_close_iterations=2__morph_kernel=13__morph_open_iterations=1__morph_shape=ellipse,input_3,True,0.973924687802608,0.9867721871626524,0.4467569539008799,0.957765996971985,2.5311192516237497,,"{""colorspace"": ""CIELAB"", ""channel_weights"": ""1,0,0"", ""darken_only"": true, ""peak_reference"": true, ""ref_mode"": [""first""], ""ref_running_alpha"": 0.05, ""dynamic_target_fraction"": 0.2, ""dynamic_lag_scale"": 1, ""pre_delta_blur"": ""none"", ""blur"": ""gaussian:9"", ""threshold"": ""otsu"", ""threshold_offset"": -50, ""morph_kernel"": 13, ""morph_shape"": ""ellipse"", ""morph_close_iterations"": 2, ""morph_open_iterations"": 1, ""min_area"": 1600, ""lock_frames"": 3, ""camera_stable"": false, ""motion_model"": ""affine"", ""motion_per_frame_threshold"": 1.5, ""cumulative_motion_threshold"": 3, ""peak_on_shift"": ""reset"", ""write_mask_pngs"": ""true"", ""write_overlay_pngs"": ""false"", ""write_heatmap_pngs"": ""false"", ""backend"": ""cuda"", ""__top5_kernels__"": [21, 13, 31, 9, 5], ""roi_margin"": 0.0}"
phase7b__input_3__morph_close_iterations=1__morph_kernel=13__morph_open_iterations=2__morph_shape=ellipse,input_3,True,0.973924687802608,0.9867721871626524,0.4467569539008799,0.957765996971985,2.6287004202604294,,"{""colorspace"": ""CIELAB"", ""channel_weights"": ""1,0,0"", ""darken_only"": true, ""peak_reference"": true, ""ref_mode"": [""first""], ""ref_running_alpha"": 0.05, ""dynamic_target_fraction"": 0.2, ""dynamic_lag_scale"": 1, ""pre_delta_blur"": ""none"", ""blur"": ""gaussian:9"", ""threshold"": ""otsu"", ""threshold_offset"": -50, ""morph_kernel"": 13, ""morph_shape"": ""ellipse"", ""morph_close_iterations"": 1, ""morph_open_iterations"": 2, ""min_area"": 1600, ""lock_frames"": 3, ""camera_stable"": false, ""motion_model"": ""affine"", ""motion_per_frame_threshold"": 1.5, ""cumulative_motion_threshold"": 3, ""peak_on_shift"": ""reset"", ""write_mask_pngs"": ""true"", ""write_overlay_pngs"": ""false"", ""write_heatmap_pngs"": ""false"", ""backend"": ""cuda"", ""__top5_kernels__"": [21, 13, 31, 9, 5], ""roi_margin"": 0.0}"
phase7b__input_3__morph_close_iterations=2__morph_kernel=13__morph_open_iterations=2__morph_shape=ellipse,input_3,True,0.973924687802608,0.9867721871626524,0.4467569539008799,0.957765996971985,2.578611389733851,,"{""colorspace"": ""CIELAB"", ""channel_weights"": ""1,0,0"", ""darken_only"": true, ""peak_reference"": true, ""ref_mode"": [""first""], ""ref_running_alpha"": 0.05, ""dynamic_target_fraction"": 0.2, ""dynamic_lag_scale"": 1, ""pre_delta_blur"": ""none"", ""blur"": ""gaussian:9"", ""threshold"": ""otsu"", ""threshold_offset"": -50, ""morph_kernel"": 13, ""morph_shape"": ""ellipse"", ""morph_close_iterations"": 2, ""morph_open_iterations"": 2, ""min_area"": 1600, ""lock_frames"": 3, ""camera_stable"": false, ""motion_model"": ""affine"", ""motion_per_frame_threshold"": 1.5, ""cumulative_motion_threshold"": 3, ""peak_on_shift"": ""reset"", ""write_mask_pngs"": ""true"", ""write_overlay_pngs"": ""false"", ""write_heatmap_pngs"": ""false"", ""backend"": ""cuda"", ""__top5_kernels__"": [21, 13, 31, 9, 5], ""roi_margin"": 0.0}"
phase7b__input_3__morph_close_iterations=1__morph_kernel=31__morph_open_iterations=1__morph_shape=ellipse,input_3,True,0.9736188672985054,0.986614140461017,0.43084284750159235,0.9519133768393688,3.3387542758136988,,"{""colorspace"": ""CIELAB"", ""channel_weights"": ""1,0,0"", ""darken_only"": true, ""peak_reference"": true, ""ref_mode"": [""first""], ""ref_running_alpha"": 0.05, ""dynamic_target_fraction"": 0.2, ""dynamic_lag_scale"": 1, ""pre_delta_blur"": ""none"", ""blur"": ""gaussian:9"", ""threshold"": ""otsu"", ""threshold_offset"": -50, ""morph_kernel"": 31, ""morph_shape"": ""ellipse"", ""morph_close_iterations"": 1, ""morph_open_iterations"": 1, ""min_area"": 1600, ""lock_frames"": 3, ""camera_stable"": false, ""motion_model"": ""affine"", ""motion_per_frame_threshold"": 1.5, ""cumulative_motion_threshold"": 3, ""peak_on_shift"": ""reset"", ""write_mask_pngs"": ""true"", ""write_overlay_pngs"": ""false"", ""write_heatmap_pngs"": ""false"", ""backend"": ""cuda"", ""__top5_kernels__"": [21, 13, 31, 9, 5], ""roi_margin"": 0.0}"
phase7b__input_3__morph_close_iterations=1__morph_kernel=31__morph_open_iterations=2__morph_shape=ellipse,input_3,True,0.9736188672985054,0.986614140461017,0.43084284750159235,0.9519133768393688,3.486495695076883,,"{""colorspace"": ""CIELAB"", ""channel_weights"": ""1,0,0"", ""darken_only"": true, ""peak_reference"": true, ""ref_mode"": [""first""], ""ref_running_alpha"": 0.05, ""dynamic_target_fraction"": 0.2, ""dynamic_lag_scale"": 1, ""pre_delta_blur"": ""none"", ""blur"": ""gaussian:9"", ""threshold"": ""otsu"", ""threshold_offset"": -50, ""morph_kernel"": 31, ""morph_shape"": ""ellipse"", ""morph_close_iterations"": 1, ""morph_open_iterations"": 2, ""min_area"": 1600, ""lock_frames"": 3, ""camera_stable"": false, ""motion_model"": ""affine"", ""motion_per_frame_threshold"": 1.5, ""cumulative_motion_threshold"": 3, ""peak_on_shift"": ""reset"", ""write_mask_pngs"": ""true"", ""write_overlay_pngs"": ""false"", ""write_heatmap_pngs"": ""false"", ""backend"": ""cuda"", ""__top5_kernels__"": [21, 13, 31, 9, 5], ""roi_margin"": 0.0}"
phase7b__input_3__morph_close_iterations=2__morph_kernel=31__morph_open_iterations=1__morph_shape=ellipse,input_3,True,0.9736188672985054,0.986614140461017,0.43084284750159235,0.9519133768393688,3.4905516328290105,,"{""colorspace"": ""CIELAB"", ""channel_weights"": ""1,0,0"", ""darken_only"": true, ""peak_reference"": true, ""ref_mode"": [""first""], ""ref_running_alpha"": 0.05, ""dynamic_target_fraction"": 0.2, ""dynamic_lag_scale"": 1, ""pre_delta_blur"": ""none"", ""blur"": ""gaussian:9"", ""threshold"": ""otsu"", ""threshold_offset"": -50, ""morph_kernel"": 31, ""morph_shape"": ""ellipse"", ""morph_close_iterations"": 2, ""morph_open_iterations"": 1, ""min_area"": 1600, ""lock_frames"": 3, ""camera_stable"": false, ""motion_model"": ""affine"", ""motion_per_frame_threshold"": 1.5, ""cumulative_motion_threshold"": 3, ""peak_on_shift"": ""reset"", ""write_mask_pngs"": ""true"", ""write_overlay_pngs"": ""false"", ""write_heatmap_pngs"": ""false"", ""backend"": ""cuda"", ""__top5_kernels__"": [21, 13, 31, 9, 5], ""roi_margin"": 0.0}"
phase7b__input_3__morph_close_iterations=2__morph_kernel=31__morph_open_iterations=2__morph_shape=ellipse,input_3,True,0.9736188672985054,0.986614140461017,0.43084284750159235,0.9519133768393688,3.6534362994134426,,"{""colorspace"": ""CIELAB"", ""channel_weights"": ""1,0,0"", ""darken_only"": true, ""peak_reference"": true, ""ref_mode"": [""first""], ""ref_running_alpha"": 0.05, ""dynamic_target_fraction"": 0.2, ""dynamic_lag_scale"": 1, ""pre_delta_blur"": ""none"", ""blur"": ""gaussian:9"", ""threshold"": ""otsu"", ""threshold_offset"": -50, ""morph_kernel"": 31, ""morph_shape"": ""ellipse"", ""morph_close_iterations"": 2, ""morph_open_iterations"": 2, ""min_area"": 1600, ""lock_frames"": 3, ""camera_stable"": false, ""motion_model"": ""affine"", ""motion_per_frame_threshold"": 1.5, ""cumulative_motion_threshold"": 3, ""peak_on_shift"": ""reset"", ""write_mask_pngs"": ""true"", ""write_overlay_pngs"": ""false"", ""write_heatmap_pngs"": ""false"", ""backend"": ""cuda"", ""__top5_kernels__"": [21, 13, 31, 9, 5], ""roi_margin"": 0.0}"
phase7b__input_4__morph_close_iterations=1__morph_kernel=51__morph_open_iterations=1__morph_shape=ellipse,input_4,True,0.9444238693909464,0.971266688507078,0.44696096064586444,0.8972878563906945,3.8553048884496093,,"{""colorspace"": ""CIELAB"", ""channel_weights"": ""1,0,0"", ""darken_only"": true, ""peak_reference"": true, ""ref_mode"": [""first""], ""ref_running_alpha"": 0.05, ""dynamic_target_fraction"": 0.2, ""dynamic_lag_scale"": 1, ""pre_delta_blur"": ""none"", ""blur"": ""gaussian:9"", ""threshold"": ""otsu"", ""threshold_offset"": -30, ""morph_kernel"": 51, ""morph_shape"": ""ellipse"", ""morph_close_iterations"": 1, ""morph_open_iterations"": 1, ""min_area"": 400, ""lock_frames"": 0, ""camera_stable"": false, ""motion_model"": ""affine"", ""motion_per_frame_threshold"": 1.5, ""cumulative_motion_threshold"": 3, ""peak_on_shift"": ""reset"", ""write_mask_pngs"": ""true"", ""write_overlay_pngs"": ""false"", ""write_heatmap_pngs"": ""false"", ""backend"": ""cuda"", ""__top5_kernels__"": [51, 31, 13, 9, 21], ""roi_margin"": 0.0}"
phase7b__input_4__morph_close_iterations=1__morph_kernel=51__morph_open_iterations=2__morph_shape=ellipse,input_4,True,0.9444238693909464,0.971266688507078,0.44696096064586444,0.8972878563906945,4.6910112258046865,,"{""colorspace"": ""CIELAB"", ""channel_weights"": ""1,0,0"", ""darken_only"": true, ""peak_reference"": true, ""ref_mode"": [""first""], ""ref_running_alpha"": 0.05, ""dynamic_target_fraction"": 0.2, ""dynamic_lag_scale"": 1, ""pre_delta_blur"": ""none"", ""blur"": ""gaussian:9"", ""threshold"": ""otsu"", ""threshold_offset"": -30, ""morph_kernel"": 51, ""morph_shape"": ""ellipse"", ""morph_close_iterations"": 1, ""morph_open_iterations"": 2, ""min_area"": 400, ""lock_frames"": 0, ""camera_stable"": false, ""motion_model"": ""affine"", ""motion_per_frame_threshold"": 1.5, ""cumulative_motion_threshold"": 3, ""peak_on_shift"": ""reset"", ""write_mask_pngs"": ""true"", ""write_overlay_pngs"": ""false"", ""write_heatmap_pngs"": ""false"", ""backend"": ""cuda"", ""__top5_kernels__"": [51, 31, 13, 9, 21], ""roi_margin"": 0.0}"
phase7b__input_4__morph_close_iterations=2__morph_kernel=51__morph_open_iterations=1__morph_shape=ellipse,input_4,True,0.9444238693909464,0.971266688507078,0.44696096064586444,0.8972878563906945,4.658709072507918,,"{""colorspace"": ""CIELAB"", ""channel_weights"": ""1,0,0"", ""darken_only"": true, ""peak_reference"": true, ""ref_mode"": [""first""], ""ref_running_alpha"": 0.05, ""dynamic_target_fraction"": 0.2, ""dynamic_lag_scale"": 1, ""pre_delta_blur"": ""none"", ""blur"": ""gaussian:9"", ""threshold"": ""otsu"", ""threshold_offset"": -30, ""morph_kernel"": 51, ""morph_shape"": ""ellipse"", ""morph_close_iterations"": 2, ""morph_open_iterations"": 1, ""min_area"": 400, ""lock_frames"": 0, ""camera_stable"": false, ""motion_model"": ""affine"", ""motion_per_frame_threshold"": 1.5, ""cumulative_motion_threshold"": 3, ""peak_on_shift"": ""reset"", ""write_mask_pngs"": ""true"", ""write_overlay_pngs"": ""false"", ""write_heatmap_pngs"": ""false"", ""backend"": ""cuda"", ""__top5_kernels__"": [51, 31, 13, 9, 21], ""roi_margin"": 0.0}"
phase7b__input_4__morph_close_iterations=1__morph_kernel=31__morph_open_iterations=1__morph_shape=ellipse,input_4,True,0.9333399242920031,0.9654226467638706,0.33243031616672447,0.9092100967732553,2.9574718410149217,,"{""colorspace"": ""CIELAB"", ""channel_weights"": ""1,0,0"", ""darken_only"": true, ""peak_reference"": true, ""ref_mode"": [""first""], ""ref_running_alpha"": 0.05, ""dynamic_target_fraction"": 0.2, ""dynamic_lag_scale"": 1, ""pre_delta_blur"": ""none"", ""blur"": ""gaussian:9"", ""threshold"": ""otsu"", ""threshold_offset"": -30, ""morph_kernel"": 31, ""morph_shape"": ""ellipse"", ""morph_close_iterations"": 1, ""morph_open_iterations"": 1, ""min_area"": 400, ""lock_frames"": 0, ""camera_stable"": false, ""motion_model"": ""affine"", ""motion_per_frame_threshold"": 1.5, ""cumulative_motion_threshold"": 3, ""peak_on_shift"": ""reset"", ""write_mask_pngs"": ""true"", ""write_overlay_pngs"": ""false"", ""write_heatmap_pngs"": ""false"", ""backend"": ""cuda"", ""__top5_kernels__"": [51, 31, 13, 9, 21], ""roi_margin"": 0.0}"
phase7b__input_4__morph_close_iterations=2__morph_kernel=51__morph_open_iterations=2__morph_shape=ellipse,input_4,True,0.9444238693909464,0.971266688507078,0.44696096064586444,0.8972878563906945,5.41289918217808,,"{""colorspace"": ""CIELAB"", ""channel_weights"": ""1,0,0"", ""darken_only"": true, ""peak_reference"": true, ""ref_mode"": [""first""], ""ref_running_alpha"": 0.05, ""dynamic_target_fraction"": 0.2, ""dynamic_lag_scale"": 1, ""pre_delta_blur"": ""none"", ""blur"": ""gaussian:9"", ""threshold"": ""otsu"", ""threshold_offset"": -30, ""morph_kernel"": 51, ""morph_shape"": ""ellipse"", ""morph_close_iterations"": 2, ""morph_open_iterations"": 2, ""min_area"": 400, ""lock_frames"": 0, ""camera_stable"": false, ""motion_model"": ""affine"", ""motion_per_frame_threshold"": 1.5, ""cumulative_motion_threshold"": 3, ""peak_on_shift"": ""reset"", ""write_mask_pngs"": ""true"", ""write_overlay_pngs"": ""false"", ""write_heatmap_pngs"": ""false"", ""backend"": ""cuda"", ""__top5_kernels__"": [51, 31, 13, 9, 21], ""roi_margin"": 0.0}"
phase7b__input_4__morph_close_iterations=1__morph_kernel=31__morph_open_iterations=2__morph_shape=ellipse,input_4,True,0.9333399242920031,0.9654226467638706,0.33243031616672447,0.9092100967732553,3.330536204390228,,"{""colorspace"": ""CIELAB"", ""channel_weights"": ""1,0,0"", ""darken_only"": true, ""peak_reference"": true, ""ref_mode"": [""first""], ""ref_running_alpha"": 0.05, ""dynamic_target_fraction"": 0.2, ""dynamic_lag_scale"": 1, ""pre_delta_blur"": ""none"", ""blur"": ""gaussian:9"", ""threshold"": ""otsu"", ""threshold_offset"": -30, ""morph_kernel"": 31, ""morph_shape"": ""ellipse"", ""morph_close_iterations"": 1, ""morph_open_iterations"": 2, ""min_area"": 400, ""lock_frames"": 0, ""camera_stable"": false, ""motion_model"": ""affine"", ""motion_per_frame_threshold"": 1.5, ""cumulative_motion_threshold"": 3, ""peak_on_shift"": ""reset"", ""write_mask_pngs"": ""true"", ""write_overlay_pngs"": ""false"", ""write_heatmap_pngs"": ""false"", ""backend"": ""cuda"", ""__top5_kernels__"": [51, 31, 13, 9, 21], ""roi_margin"": 0.0}"
phase7b__input_4__morph_close_iterations=2__morph_kernel=31__morph_open_iterations=1__morph_shape=ellipse,input_4,True,0.9333399242920031,0.9654226467638706,0.33243031616672447,0.9092100967732553,3.377147726714611,,"{""colorspace"": ""CIELAB"", ""channel_weights"": ""1,0,0"", ""darken_only"": true, ""peak_reference"": true, ""ref_mode"": [""first""], ""ref_running_alpha"": 0.05, ""dynamic_target_fraction"": 0.2, ""dynamic_lag_scale"": 1, ""pre_delta_blur"": ""none"", ""blur"": ""gaussian:9"", ""threshold"": ""otsu"", ""threshold_offset"": -30, ""morph_kernel"": 31, ""morph_shape"": ""ellipse"", ""morph_close_iterations"": 2, ""morph_open_iterations"": 1, ""min_area"": 400, ""lock_frames"": 0, ""camera_stable"": false, ""motion_model"": ""affine"", ""motion_per_frame_threshold"": 1.5, ""cumulative_motion_threshold"": 3, ""peak_on_shift"": ""reset"", ""write_mask_pngs"": ""true"", ""write_overlay_pngs"": ""false"", ""write_heatmap_pngs"": ""false"", ""backend"": ""cuda"", ""__top5_kernels__"": [51, 31, 13, 9, 21], ""roi_margin"": 0.0}"
phase7b__input_4__morph_close_iterations=2__morph_kernel=31__morph_open_iterations=2__morph_shape=ellipse,input_4,True,0.9333399242920031,0.9654226467638706,0.33243031616672447,0.9092100967732553,3.6767509020864964,,"{""colorspace"": ""CIELAB"", ""channel_weights"": ""1,0,0"", ""darken_only"": true, ""peak_reference"": true, ""ref_mode"": [""first""], ""ref_running_alpha"": 0.05, ""dynamic_target_fraction"": 0.2, ""dynamic_lag_scale"": 1, ""pre_delta_blur"": ""none"", ""blur"": ""gaussian:9"", ""threshold"": ""otsu"", ""threshold_offset"": -30, ""morph_kernel"": 31, ""morph_shape"": ""ellipse"", ""morph_close_iterations"": 2, ""morph_open_iterations"": 2, ""min_area"": 400, ""lock_frames"": 0, ""camera_stable"": false, ""motion_model"": ""affine"", ""motion_per_frame_threshold"": 1.5, ""cumulative_motion_threshold"": 3, ""peak_on_shift"": ""reset"", ""write_mask_pngs"": ""true"", ""write_overlay_pngs"": ""false"", ""write_heatmap_pngs"": ""false"", ""backend"": ""cuda"", ""__top5_kernels__"": [51, 31, 13, 9, 21], ""roi_margin"": 0.0}"
phase7b__input_4__morph_close_iterations=1__morph_kernel=13__morph_open_iterations=1__morph_shape=ellipse,input_4,True,0.9330690520387085,0.9652874253307875,0.34694708403570373,0.9130431688068061,2.5681124879047275,,"{""colorspace"": ""CIELAB"", ""channel_weights"": ""1,0,0"", ""darken_only"": true, ""peak_reference"": true, ""ref_mode"": [""first""], ""ref_running_alpha"": 0.05, ""dynamic_target_fraction"": 0.2, ""dynamic_lag_scale"": 1, ""pre_delta_blur"": ""none"", ""blur"": ""gaussian:9"", ""threshold"": ""otsu"", ""threshold_offset"": -30, ""morph_kernel"": 13, ""morph_shape"": ""ellipse"", ""morph_close_iterations"": 1, ""morph_open_iterations"": 1, ""min_area"": 400, ""lock_frames"": 0, ""camera_stable"": false, ""motion_model"": ""affine"", ""motion_per_frame_threshold"": 1.5, ""cumulative_motion_threshold"": 3, ""peak_on_shift"": ""reset"", ""write_mask_pngs"": ""true"", ""write_overlay_pngs"": ""false"", ""write_heatmap_pngs"": ""false"", ""backend"": ""cuda"", ""__top5_kernels__"": [51, 31, 13, 9, 21], ""roi_margin"": 0.0}"
phase7b__input_4__morph_close_iterations=1__morph_kernel=13__morph_open_iterations=2__morph_shape=ellipse,input_4,True,0.9330690520387085,0.9652874253307875,0.34694708403570373,0.9130431688068061,2.4030535351485014,,"{""colorspace"": ""CIELAB"", ""channel_weights"": ""1,0,0"", ""darken_only"": true, ""peak_reference"": true, ""ref_mode"": [""first""], ""ref_running_alpha"": 0.05, ""dynamic_target_fraction"": 0.2, ""dynamic_lag_scale"": 1, ""pre_delta_blur"": ""none"", ""blur"": ""gaussian:9"", ""threshold"": ""otsu"", ""threshold_offset"": -30, ""morph_kernel"": 13, ""morph_shape"": ""ellipse"", ""morph_close_iterations"": 1, ""morph_open_iterations"": 2, ""min_area"": 400, ""lock_frames"": 0, ""camera_stable"": false, ""motion_model"": ""affine"", ""motion_per_frame_threshold"": 1.5, ""cumulative_motion_threshold"": 3, ""peak_on_shift"": ""reset"", ""write_mask_pngs"": ""true"", ""write_overlay_pngs"": ""false"", ""write_heatmap_pngs"": ""false"", ""backend"": ""cuda"", ""__top5_kernels__"": [51, 31, 13, 9, 21], ""roi_margin"": 0.0}"
phase7b__input_4__morph_close_iterations=2__morph_kernel=13__morph_open_iterations=1__morph_shape=ellipse,input_4,True,0.9330690520387085,0.9652874253307875,0.34694708403570373,0.9130431688068061,2.5359497517347336,,"{""colorspace"": ""CIELAB"", ""channel_weights"": ""1,0,0"", ""darken_only"": true, ""peak_reference"": true, ""ref_mode"": [""first""], ""ref_running_alpha"": 0.05, ""dynamic_target_fraction"": 0.2, ""dynamic_lag_scale"": 1, ""pre_delta_blur"": ""none"", ""blur"": ""gaussian:9"", ""threshold"": ""otsu"", ""threshold_offset"": -30, ""morph_kernel"": 13, ""morph_shape"": ""ellipse"", ""morph_close_iterations"": 2, ""morph_open_iterations"": 1, ""min_area"": 400, ""lock_frames"": 0, ""camera_stable"": false, ""motion_model"": ""affine"", ""motion_per_frame_threshold"": 1.5, ""cumulative_motion_threshold"": 3, ""peak_on_shift"": ""reset"", ""write_mask_pngs"": ""true"", ""write_overlay_pngs"": ""false"", ""write_heatmap_pngs"": ""false"", ""backend"": ""cuda"", ""__top5_kernels__"": [51, 31, 13, 9, 21], ""roi_margin"": 0.0}"
phase7b__input_4__morph_close_iterations=2__morph_kernel=13__morph_open_iterations=2__morph_shape=ellipse,input_4,True,0.9330690520387085,0.9652874253307875,0.34694708403570373,0.9130431688068061,2.7050878163427114,,"{""colorspace"": ""CIELAB"", ""channel_weights"": ""1,0,0"", ""darken_only"": true, ""peak_reference"": true, ""ref_mode"": [""first""], ""ref_running_alpha"": 0.05, ""dynamic_target_fraction"": 0.2, ""dynamic_lag_scale"": 1, ""pre_delta_blur"": ""none"", ""blur"": ""gaussian:9"", ""threshold"": ""otsu"", ""threshold_offset"": -30, ""morph_kernel"": 13, ""morph_shape"": ""ellipse"", ""morph_close_iterations"": 2, ""morph_open_iterations"": 2, ""min_area"": 400, ""lock_frames"": 0, ""camera_stable"": false, ""motion_model"": ""affine"", ""motion_per_frame_threshold"": 1.5, ""cumulative_motion_threshold"": 3, ""peak_on_shift"": ""reset"", ""write_mask_pngs"": ""true"", ""write_overlay_pngs"": ""false"", ""write_heatmap_pngs"": ""false"", ""backend"": ""cuda"", ""__top5_kernels__"": [51, 31, 13, 9, 21], ""roi_margin"": 0.0}"
phase7b__input_5__morph_close_iterations=1__morph_kernel=31__morph_open_iterations=1__morph_shape=ellipse,input_5,True,0.964921195800974,0.9821246676220021,0.62163425965167,0.9588802317302688,3.0391468601301312,,"{""colorspace"": ""CIELAB"", ""channel_weights"": ""1,0,0"", ""darken_only"": true, ""peak_reference"": true, ""ref_mode"": [""first""], ""ref_running_alpha"": 0.05, ""dynamic_target_fraction"": 0.2, ""dynamic_lag_scale"": 1, ""pre_delta_blur"": ""none"", ""blur"": ""gaussian:9"", ""threshold"": ""otsu"", ""threshold_offset"": -10, ""morph_kernel"": 31, ""morph_shape"": ""ellipse"", ""morph_close_iterations"": 1, ""morph_open_iterations"": 1, ""min_area"": 1600, ""lock_frames"": 10, ""camera_stable"": false, ""motion_model"": ""affine"", ""motion_per_frame_threshold"": 1.5, ""cumulative_motion_threshold"": 3, ""peak_on_shift"": ""reset"", ""write_mask_pngs"": ""true"", ""write_overlay_pngs"": ""false"", ""write_heatmap_pngs"": ""false"", ""backend"": ""cuda"", ""__top5_kernels__"": [31, 21, 13, 9, 5], ""roi_margin"": 0.0}"
phase7b__input_5__morph_close_iterations=1__morph_kernel=31__morph_open_iterations=2__morph_shape=ellipse,input_5,True,0.964921195800974,0.9821246676220021,0.62163425965167,0.9588802317302688,3.3594953324645758,,"{""colorspace"": ""CIELAB"", ""channel_weights"": ""1,0,0"", ""darken_only"": true, ""peak_reference"": true, ""ref_mode"": [""first""], ""ref_running_alpha"": 0.05, ""dynamic_target_fraction"": 0.2, ""dynamic_lag_scale"": 1, ""pre_delta_blur"": ""none"", ""blur"": ""gaussian:9"", ""threshold"": ""otsu"", ""threshold_offset"": -10, ""morph_kernel"": 31, ""morph_shape"": ""ellipse"", ""morph_close_iterations"": 1, ""morph_open_iterations"": 2, ""min_area"": 1600, ""lock_frames"": 10, ""camera_stable"": false, ""motion_model"": ""affine"", ""motion_per_frame_threshold"": 1.5, ""cumulative_motion_threshold"": 3, ""peak_on_shift"": ""reset"", ""write_mask_pngs"": ""true"", ""write_overlay_pngs"": ""false"", ""write_heatmap_pngs"": ""false"", ""backend"": ""cuda"", ""__top5_kernels__"": [31, 21, 13, 9, 5], ""roi_margin"": 0.0}"
phase7b__input_5__morph_close_iterations=2__morph_kernel=31__morph_open_iterations=1__morph_shape=ellipse,input_5,True,0.964921195800974,0.9821246676220021,0.62163425965167,0.9588802317302688,3.3157645286992192,,"{""colorspace"": ""CIELAB"", ""channel_weights"": ""1,0,0"", ""darken_only"": true, ""peak_reference"": true, ""ref_mode"": [""first""], ""ref_running_alpha"": 0.05, ""dynamic_target_fraction"": 0.2, ""dynamic_lag_scale"": 1, ""pre_delta_blur"": ""none"", ""blur"": ""gaussian:9"", ""threshold"": ""otsu"", ""threshold_offset"": -10, ""morph_kernel"": 31, ""morph_shape"": ""ellipse"", ""morph_close_iterations"": 2, ""morph_open_iterations"": 1, ""min_area"": 1600, ""lock_frames"": 10, ""camera_stable"": false, ""motion_model"": ""affine"", ""motion_per_frame_threshold"": 1.5, ""cumulative_motion_threshold"": 3, ""peak_on_shift"": ""reset"", ""write_mask_pngs"": ""true"", ""write_overlay_pngs"": ""false"", ""write_heatmap_pngs"": ""false"", ""backend"": ""cuda"", ""__top5_kernels__"": [31, 21, 13, 9, 5], ""roi_margin"": 0.0}"
phase7b__input_5__morph_close_iterations=1__morph_kernel=21__morph_open_iterations=1__morph_shape=ellipse,input_5,True,0.9613998362593892,0.9802998116466032,0.5757659145557735,0.957336538577606,2.7602065252140164,,"{""colorspace"": ""CIELAB"", ""channel_weights"": ""1,0,0"", ""darken_only"": true, ""peak_reference"": true, ""ref_mode"": [""first""], ""ref_running_alpha"": 0.05, ""dynamic_target_fraction"": 0.2, ""dynamic_lag_scale"": 1, ""pre_delta_blur"": ""none"", ""blur"": ""gaussian:9"", ""threshold"": ""otsu"", ""threshold_offset"": -10, ""morph_kernel"": 21, ""morph_shape"": ""ellipse"", ""morph_close_iterations"": 1, ""morph_open_iterations"": 1, ""min_area"": 1600, ""lock_frames"": 10, ""camera_stable"": false, ""motion_model"": ""affine"", ""motion_per_frame_threshold"": 1.5, ""cumulative_motion_threshold"": 3, ""peak_on_shift"": ""reset"", ""write_mask_pngs"": ""true"", ""write_overlay_pngs"": ""false"", ""write_heatmap_pngs"": ""false"", ""backend"": ""cuda"", ""__top5_kernels__"": [31, 21, 13, 9, 5], ""roi_margin"": 0.0}"
phase7b__input_5__morph_close_iterations=2__morph_kernel=31__morph_open_iterations=2__morph_shape=ellipse,input_5,True,0.964921195800974,0.9821246676220021,0.62163425965167,0.9588802317302688,3.8097999999299645,,"{""colorspace"": ""CIELAB"", ""channel_weights"": ""1,0,0"", ""darken_only"": true, ""peak_reference"": true, ""ref_mode"": [""first""], ""ref_running_alpha"": 0.05, ""dynamic_target_fraction"": 0.2, ""dynamic_lag_scale"": 1, ""pre_delta_blur"": ""none"", ""blur"": ""gaussian:9"", ""threshold"": ""otsu"", ""threshold_offset"": -10, ""morph_kernel"": 31, ""morph_shape"": ""ellipse"", ""morph_close_iterations"": 2, ""morph_open_iterations"": 2, ""min_area"": 1600, ""lock_frames"": 10, ""camera_stable"": false, ""motion_model"": ""affine"", ""motion_per_frame_threshold"": 1.5, ""cumulative_motion_threshold"": 3, ""peak_on_shift"": ""reset"", ""write_mask_pngs"": ""true"", ""write_overlay_pngs"": ""false"", ""write_heatmap_pngs"": ""false"", ""backend"": ""cuda"", ""__top5_kernels__"": [31, 21, 13, 9, 5], ""roi_margin"": 0.0}"
phase7b__input_5__morph_close_iterations=1__morph_kernel=21__morph_open_iterations=2__morph_shape=ellipse,input_5,True,0.9613998362593892,0.9802998116466032,0.5757659145557735,0.957336538577606,2.770385902374983,,"{""colorspace"": ""CIELAB"", ""channel_weights"": ""1,0,0"", ""darken_only"": true, ""peak_reference"": true, ""ref_mode"": [""first""], ""ref_running_alpha"": 0.05, ""dynamic_target_fraction"": 0.2, ""dynamic_lag_scale"": 1, ""pre_delta_blur"": ""none"", ""blur"": ""gaussian:9"", ""threshold"": ""otsu"", ""threshold_offset"": -10, ""morph_kernel"": 21, ""morph_shape"": ""ellipse"", ""morph_close_iterations"": 1, ""morph_open_iterations"": 2, ""min_area"": 1600, ""lock_frames"": 10, ""camera_stable"": false, ""motion_model"": ""affine"", ""motion_per_frame_threshold"": 1.5, ""cumulative_motion_threshold"": 3, ""peak_on_shift"": ""reset"", ""write_mask_pngs"": ""true"", ""write_overlay_pngs"": ""false"", ""write_heatmap_pngs"": ""false"", ""backend"": ""cuda"", ""__top5_kernels__"": [31, 21, 13, 9, 5], ""roi_margin"": 0.0}"
phase7b__input_5__morph_close_iterations=2__morph_kernel=21__morph_open_iterations=1__morph_shape=ellipse,input_5,True,0.9613998362593892,0.9802998116466032,0.5757659145557735,0.957336538577606,2.8235358027741313,,"{""colorspace"": ""CIELAB"", ""channel_weights"": ""1,0,0"", ""darken_only"": true, ""peak_reference"": true, ""ref_mode"": [""first""], ""ref_running_alpha"": 0.05, ""dynamic_target_fraction"": 0.2, ""dynamic_lag_scale"": 1, ""pre_delta_blur"": ""none"", ""blur"": ""gaussian:9"", ""threshold"": ""otsu"", ""threshold_offset"": -10, ""morph_kernel"": 21, ""morph_shape"": ""ellipse"", ""morph_close_iterations"": 2, ""morph_open_iterations"": 1, ""min_area"": 1600, ""lock_frames"": 10, ""camera_stable"": false, ""motion_model"": ""affine"", ""motion_per_frame_threshold"": 1.5, ""cumulative_motion_threshold"": 3, ""peak_on_shift"": ""reset"", ""write_mask_pngs"": ""true"", ""write_overlay_pngs"": ""false"", ""write_heatmap_pngs"": ""false"", ""backend"": ""cuda"", ""__top5_kernels__"": [31, 21, 13, 9, 5], ""roi_margin"": 0.0}"
phase7b__input_5__morph_close_iterations=2__morph_kernel=21__morph_open_iterations=2__morph_shape=ellipse,input_5,True,0.9613998362593892,0.9802998116466032,0.5757659145557735,0.957336538577606,3.056150108575821,,"{""colorspace"": ""CIELAB"", ""channel_weights"": ""1,0,0"", ""darken_only"": true, ""peak_reference"": true, ""ref_mode"": [""first""], ""ref_running_alpha"": 0.05, ""dynamic_target_fraction"": 0.2, ""dynamic_lag_scale"": 1, ""pre_delta_blur"": ""none"", ""blur"": ""gaussian:9"", ""threshold"": ""otsu"", ""threshold_offset"": -10, ""morph_kernel"": 21, ""morph_shape"": ""ellipse"", ""morph_close_iterations"": 2, ""morph_open_iterations"": 2, ""min_area"": 1600, ""lock_frames"": 10, ""camera_stable"": false, ""motion_model"": ""affine"", ""motion_per_frame_threshold"": 1.5, ""cumulative_motion_threshold"": 3, ""peak_on_shift"": ""reset"", ""write_mask_pngs"": ""true"", ""write_overlay_pngs"": ""false"", ""write_heatmap_pngs"": ""false"", ""backend"": ""cuda"", ""__top5_kernels__"": [31, 21, 13, 9, 5], ""roi_margin"": 0.0}"
phase7b__input_5__morph_close_iterations=1__morph_kernel=13__morph_open_iterations=1__morph_shape=ellipse,input_5,True,0.9572359990823568,0.9781376634093071,0.5423778794593319,0.9545316255072638,2.6593865770846605,,"{""colorspace"": ""CIELAB"", ""channel_weights"": ""1,0,0"", ""darken_only"": true, ""peak_reference"": true, ""ref_mode"": [""first""], ""ref_running_alpha"": 0.05, ""dynamic_target_fraction"": 0.2, ""dynamic_lag_scale"": 1, ""pre_delta_blur"": ""none"", ""blur"": ""gaussian:9"", ""threshold"": ""otsu"", ""threshold_offset"": -10, ""morph_kernel"": 13, ""morph_shape"": ""ellipse"", ""morph_close_iterations"": 1, ""morph_open_iterations"": 1, ""min_area"": 1600, ""lock_frames"": 10, ""camera_stable"": false, ""motion_model"": ""affine"", ""motion_per_frame_threshold"": 1.5, ""cumulative_motion_threshold"": 3, ""peak_on_shift"": ""reset"", ""write_mask_pngs"": ""true"", ""write_overlay_pngs"": ""false"", ""write_heatmap_pngs"": ""false"", ""backend"": ""cuda"", ""__top5_kernels__"": [31, 21, 13, 9, 5], ""roi_margin"": 0.0}"
phase7b__input_5__morph_close_iterations=1__morph_kernel=13__morph_open_iterations=2__morph_shape=ellipse,input_5,True,0.9572364237035945,0.9781378841364458,0.5423869490309435,0.9545316255072638,2.5571230612695217,,"{""colorspace"": ""CIELAB"", ""channel_weights"": ""1,0,0"", ""darken_only"": true, ""peak_reference"": true, ""ref_mode"": [""first""], ""ref_running_alpha"": 0.05, ""dynamic_target_fraction"": 0.2, ""dynamic_lag_scale"": 1, ""pre_delta_blur"": ""none"", ""blur"": ""gaussian:9"", ""threshold"": ""otsu"", ""threshold_offset"": -10, ""morph_kernel"": 13, ""morph_shape"": ""ellipse"", ""morph_close_iterations"": 1, ""morph_open_iterations"": 2, ""min_area"": 1600, ""lock_frames"": 10, ""camera_stable"": false, ""motion_model"": ""affine"", ""motion_per_frame_threshold"": 1.5, ""cumulative_motion_threshold"": 3, ""peak_on_shift"": ""reset"", ""write_mask_pngs"": ""true"", ""write_overlay_pngs"": ""false"", ""write_heatmap_pngs"": ""false"", ""backend"": ""cuda"", ""__top5_kernels__"": [31, 21, 13, 9, 5], ""roi_margin"": 0.0}"
phase7b__input_5__morph_close_iterations=2__morph_kernel=13__morph_open_iterations=1__morph_shape=ellipse,input_5,True,0.9572346634078517,0.978136968911351,0.5424137276822791,0.9545316255072638,2.5867850901558995,,"{""colorspace"": ""CIELAB"", ""channel_weights"": ""1,0,0"", ""darken_only"": true, ""peak_reference"": true, ""ref_mode"": [""first""], ""ref_running_alpha"": 0.05, ""dynamic_target_fraction"": 0.2, ""dynamic_lag_scale"": 1, ""pre_delta_blur"": ""none"", ""blur"": ""gaussian:9"", ""threshold"": ""otsu"", ""threshold_offset"": -10, ""morph_kernel"": 13, ""morph_shape"": ""ellipse"", ""morph_close_iterations"": 2, ""morph_open_iterations"": 1, ""min_area"": 1600, ""lock_frames"": 10, ""camera_stable"": false, ""motion_model"": ""affine"", ""motion_per_frame_threshold"": 1.5, ""cumulative_motion_threshold"": 3, ""peak_on_shift"": ""reset"", ""write_mask_pngs"": ""true"", ""write_overlay_pngs"": ""false"", ""write_heatmap_pngs"": ""false"", ""backend"": ""cuda"", ""__top5_kernels__"": [31, 21, 13, 9, 5], ""roi_margin"": 0.0}"
phase7b__input_5__morph_close_iterations=2__morph_kernel=13__morph_open_iterations=2__morph_shape=ellipse,input_5,True,0.9572061594702717,0.9781221448141475,0.5416437573255463,0.9545316255072638,2.8182158218696713,,"{""colorspace"": ""CIELAB"", ""channel_weights"": ""1,0,0"", ""darken_only"": true, ""peak_reference"": true, ""ref_mode"": [""first""], ""ref_running_alpha"": 0.05, ""dynamic_target_fraction"": 0.2, ""dynamic_lag_scale"": 1, ""pre_delta_blur"": ""none"", ""blur"": ""gaussian:9"", ""threshold"": ""otsu"", ""threshold_offset"": -10, ""morph_kernel"": 13, ""morph_shape"": ""ellipse"", ""morph_close_iterations"": 2, ""morph_open_iterations"": 2, ""min_area"": 1600, ""lock_frames"": 10, ""camera_stable"": false, ""motion_model"": ""affine"", ""motion_per_frame_threshold"": 1.5, ""cumulative_motion_threshold"": 3, ""peak_on_shift"": ""reset"", ""write_mask_pngs"": ""true"", ""write_overlay_pngs"": ""false"", ""write_heatmap_pngs"": ""false"", ""backend"": ""cuda"", ""__top5_kernels__"": [31, 21, 13, 9, 5], ""roi_margin"": 0.0}"
phase7b__input_6__morph_close_iterations=1__morph_kernel=31__morph_open_iterations=1__morph_shape=ellipse,input_6,True,0.9436286229713797,0.9705772228592349,0.46468405664514434,0.9662295686633845,2.9141205372288823,,"{""colorspace"": ""CIELAB"", ""channel_weights"": ""1,0,0"", ""darken_only"": true, ""peak_reference"": true, ""ref_mode"": [""first""], ""ref_running_alpha"": 0.05, ""dynamic_target_fraction"": 0.2, ""dynamic_lag_scale"": 1, ""pre_delta_blur"": ""none"", ""blur"": ""gaussian:9"", ""threshold"": ""otsu"", ""threshold_offset"": -30, ""morph_kernel"": 31, ""morph_shape"": ""ellipse"", ""morph_close_iterations"": 1, ""morph_open_iterations"": 1, ""min_area"": 1600, ""lock_frames"": 0, ""camera_stable"": false, ""motion_model"": ""affine"", ""motion_per_frame_threshold"": 1.5, ""cumulative_motion_threshold"": 3, ""peak_on_shift"": ""reset"", ""write_mask_pngs"": ""true"", ""write_overlay_pngs"": ""false"", ""write_heatmap_pngs"": ""false"", ""backend"": ""cuda"", ""__top5_kernels__"": [31, 51, 13, 21, 9], ""roi_margin"": 0.0}"
phase7b__input_6__morph_close_iterations=1__morph_kernel=31__morph_open_iterations=2__morph_shape=ellipse,input_6,True,0.9436286229713797,0.9705772228592349,0.46468405664514434,0.9662295686633845,3.245217273943126,,"{""colorspace"": ""CIELAB"", ""channel_weights"": ""1,0,0"", ""darken_only"": true, ""peak_reference"": true, ""ref_mode"": [""first""], ""ref_running_alpha"": 0.05, ""dynamic_target_fraction"": 0.2, ""dynamic_lag_scale"": 1, ""pre_delta_blur"": ""none"", ""blur"": ""gaussian:9"", ""threshold"": ""otsu"", ""threshold_offset"": -30, ""morph_kernel"": 31, ""morph_shape"": ""ellipse"", ""morph_close_iterations"": 1, ""morph_open_iterations"": 2, ""min_area"": 1600, ""lock_frames"": 0, ""camera_stable"": false, ""motion_model"": ""affine"", ""motion_per_frame_threshold"": 1.5, ""cumulative_motion_threshold"": 3, ""peak_on_shift"": ""reset"", ""write_mask_pngs"": ""true"", ""write_overlay_pngs"": ""false"", ""write_heatmap_pngs"": ""false"", ""backend"": ""cuda"", ""__top5_kernels__"": [31, 51, 13, 21, 9], ""roi_margin"": 0.0}"
phase7b__input_6__morph_close_iterations=2__morph_kernel=31__morph_open_iterations=1__morph_shape=ellipse,input_6,True,0.9436286229713797,0.9705772228592349,0.46468405664514434,0.9662295686633845,3.2070925356820226,,"{""colorspace"": ""CIELAB"", ""channel_weights"": ""1,0,0"", ""darken_only"": true, ""peak_reference"": true, ""ref_mode"": [""first""], ""ref_running_alpha"": 0.05, ""dynamic_target_fraction"": 0.2, ""dynamic_lag_scale"": 1, ""pre_delta_blur"": ""none"", ""blur"": ""gaussian:9"", ""threshold"": ""otsu"", ""threshold_offset"": -30, ""morph_kernel"": 31, ""morph_shape"": ""ellipse"", ""morph_close_iterations"": 2, ""morph_open_iterations"": 1, ""min_area"": 1600, ""lock_frames"": 0, ""camera_stable"": false, ""motion_model"": ""affine"", ""motion_per_frame_threshold"": 1.5, ""cumulative_motion_threshold"": 3, ""peak_on_shift"": ""reset"", ""write_mask_pngs"": ""true"", ""write_overlay_pngs"": ""false"", ""write_heatmap_pngs"": ""false"", ""backend"": ""cuda"", ""__top5_kernels__"": [31, 51, 13, 21, 9], ""roi_margin"": 0.0}"
phase7b__input_6__morph_close_iterations=2__morph_kernel=31__morph_open_iterations=2__morph_shape=ellipse,input_6,True,0.9436286229713797,0.9705772228592349,0.46468405664514434,0.9662295686633845,3.5660737408325076,,"{""colorspace"": ""CIELAB"", ""channel_weights"": ""1,0,0"", ""darken_only"": true, ""peak_reference"": true, ""ref_mode"": [""first""], ""ref_running_alpha"": 0.05, ""dynamic_target_fraction"": 0.2, ""dynamic_lag_scale"": 1, ""pre_delta_blur"": ""none"", ""blur"": ""gaussian:9"", ""threshold"": ""otsu"", ""threshold_offset"": -30, ""morph_kernel"": 31, ""morph_shape"": ""ellipse"", ""morph_close_iterations"": 2, ""morph_open_iterations"": 2, ""min_area"": 1600, ""lock_frames"": 0, ""camera_stable"": false, ""motion_model"": ""affine"", ""motion_per_frame_threshold"": 1.5, ""cumulative_motion_threshold"": 3, ""peak_on_shift"": ""reset"", ""write_mask_pngs"": ""true"", ""write_overlay_pngs"": ""false"", ""write_heatmap_pngs"": ""false"", ""backend"": ""cuda"", ""__top5_kernels__"": [31, 51, 13, 21, 9], ""roi_margin"": 0.0}"
phase7b__input_6__morph_close_iterations=1__morph_kernel=51__morph_open_iterations=1__morph_shape=ellipse,input_6,True,0.9403191777440705,0.9688485432444349,0.3837033182504236,0.9437846968686949,3.617105950601399,,"{""colorspace"": ""CIELAB"", ""channel_weights"": ""1,0,0"", ""darken_only"": true, ""peak_reference"": true, ""ref_mode"": [""first""], ""ref_running_alpha"": 0.05, ""dynamic_target_fraction"": 0.2, ""dynamic_lag_scale"": 1, ""pre_delta_blur"": ""none"", ""blur"": ""gaussian:9"", ""threshold"": ""otsu"", ""threshold_offset"": -30, ""morph_kernel"": 51, ""morph_shape"": ""ellipse"", ""morph_close_iterations"": 1, ""morph_open_iterations"": 1, ""min_area"": 1600, ""lock_frames"": 0, ""camera_stable"": false, ""motion_model"": ""affine"", ""motion_per_frame_threshold"": 1.5, ""cumulative_motion_threshold"": 3, ""peak_on_shift"": ""reset"", ""write_mask_pngs"": ""true"", ""write_overlay_pngs"": ""false"", ""write_heatmap_pngs"": ""false"", ""backend"": ""cuda"", ""__top5_kernels__"": [31, 51, 13, 21, 9], ""roi_margin"": 0.0}"
phase7b__input_6__morph_close_iterations=1__morph_kernel=51__morph_open_iterations=2__morph_shape=ellipse,input_6,True,0.9403191777440705,0.9688485432444349,0.3837033182504236,0.9437846968686949,4.4467814499512315,,"{""colorspace"": ""CIELAB"", ""channel_weights"": ""1,0,0"", ""darken_only"": true, ""peak_reference"": true, ""ref_mode"": [""first""], ""ref_running_alpha"": 0.05, ""dynamic_target_fraction"": 0.2, ""dynamic_lag_scale"": 1, ""pre_delta_blur"": ""none"", ""blur"": ""gaussian:9"", ""threshold"": ""otsu"", ""threshold_offset"": -30, ""morph_kernel"": 51, ""morph_shape"": ""ellipse"", ""morph_close_iterations"": 1, ""morph_open_iterations"": 2, ""min_area"": 1600, ""lock_frames"": 0, ""camera_stable"": false, ""motion_model"": ""affine"", ""motion_per_frame_threshold"": 1.5, ""cumulative_motion_threshold"": 3, ""peak_on_shift"": ""reset"", ""write_mask_pngs"": ""true"", ""write_overlay_pngs"": ""false"", ""write_heatmap_pngs"": ""false"", ""backend"": ""cuda"", ""__top5_kernels__"": [31, 51, 13, 21, 9], ""roi_margin"": 0.0}"
phase7b__input_6__morph_close_iterations=2__morph_kernel=51__morph_open_iterations=1__morph_shape=ellipse,input_6,True,0.9403191777440705,0.9688485432444349,0.3837033182504236,0.9437846968686949,4.381009608507156,,"{""colorspace"": ""CIELAB"", ""channel_weights"": ""1,0,0"", ""darken_only"": true, ""peak_reference"": true, ""ref_mode"": [""first""], ""ref_running_alpha"": 0.05, ""dynamic_target_fraction"": 0.2, ""dynamic_lag_scale"": 1, ""pre_delta_blur"": ""none"", ""blur"": ""gaussian:9"", ""threshold"": ""otsu"", ""threshold_offset"": -30, ""morph_kernel"": 51, ""morph_shape"": ""ellipse"", ""morph_close_iterations"": 2, ""morph_open_iterations"": 1, ""min_area"": 1600, ""lock_frames"": 0, ""camera_stable"": false, ""motion_model"": ""affine"", ""motion_per_frame_threshold"": 1.5, ""cumulative_motion_threshold"": 3, ""peak_on_shift"": ""reset"", ""write_mask_pngs"": ""true"", ""write_overlay_pngs"": ""false"", ""write_heatmap_pngs"": ""false"", ""backend"": ""cuda"", ""__top5_kernels__"": [31, 51, 13, 21, 9], ""roi_margin"": 0.0}"
phase7b__input_6__morph_close_iterations=1__morph_kernel=13__morph_open_iterations=1__morph_shape=ellipse,input_6,True,0.9374936816658579,0.9673644203044656,0.40881300195126435,0.9328189049920255,2.6475476305931807,,"{""colorspace"": ""CIELAB"", ""channel_weights"": ""1,0,0"", ""darken_only"": true, ""peak_reference"": true, ""ref_mode"": [""first""], ""ref_running_alpha"": 0.05, ""dynamic_target_fraction"": 0.2, ""dynamic_lag_scale"": 1, ""pre_delta_blur"": ""none"", ""blur"": ""gaussian:9"", ""threshold"": ""otsu"", ""threshold_offset"": -30, ""morph_kernel"": 13, ""morph_shape"": ""ellipse"", ""morph_close_iterations"": 1, ""morph_open_iterations"": 1, ""min_area"": 1600, ""lock_frames"": 0, ""camera_stable"": false, ""motion_model"": ""affine"", ""motion_per_frame_threshold"": 1.5, ""cumulative_motion_threshold"": 3, ""peak_on_shift"": ""reset"", ""write_mask_pngs"": ""true"", ""write_overlay_pngs"": ""false"", ""write_heatmap_pngs"": ""false"", ""backend"": ""cuda"", ""__top5_kernels__"": [31, 51, 13, 21, 9], ""roi_margin"": 0.0}"
phase7b__input_6__morph_close_iterations=1__morph_kernel=13__morph_open_iterations=2__morph_shape=ellipse,input_6,True,0.9374936816658579,0.9673644203044656,0.40881300195126435,0.9328189049920255,2.589843610301614,,"{""colorspace"": ""CIELAB"", ""channel_weights"": ""1,0,0"", ""darken_only"": true, ""peak_reference"": true, ""ref_mode"": [""first""], ""ref_running_alpha"": 0.05, ""dynamic_target_fraction"": 0.2, ""dynamic_lag_scale"": 1, ""pre_delta_blur"": ""none"", ""blur"": ""gaussian:9"", ""threshold"": ""otsu"", ""threshold_offset"": -30, ""morph_kernel"": 13, ""morph_shape"": ""ellipse"", ""morph_close_iterations"": 1, ""morph_open_iterations"": 2, ""min_area"": 1600, ""lock_frames"": 0, ""camera_stable"": false, ""motion_model"": ""affine"", ""motion_per_frame_threshold"": 1.5, ""cumulative_motion_threshold"": 3, ""peak_on_shift"": ""reset"", ""write_mask_pngs"": ""true"", ""write_overlay_pngs"": ""false"", ""write_heatmap_pngs"": ""false"", ""backend"": ""cuda"", ""__top5_kernels__"": [31, 51, 13, 21, 9], ""roi_margin"": 0.0}"
phase7b__input_6__morph_close_iterations=2__morph_kernel=13__morph_open_iterations=1__morph_shape=ellipse,input_6,True,0.9374936816658579,0.9673644203044656,0.40881300195126435,0.9328189049920255,2.5911869779229164,,"{""colorspace"": ""CIELAB"", ""channel_weights"": ""1,0,0"", ""darken_only"": true, ""peak_reference"": true, ""ref_mode"": [""first""], ""ref_running_alpha"": 0.05, ""dynamic_target_fraction"": 0.2, ""dynamic_lag_scale"": 1, ""pre_delta_blur"": ""none"", ""blur"": ""gaussian:9"", ""threshold"": ""otsu"", ""threshold_offset"": -30, ""morph_kernel"": 13, ""morph_shape"": ""ellipse"", ""morph_close_iterations"": 2, ""morph_open_iterations"": 1, ""min_area"": 1600, ""lock_frames"": 0, ""camera_stable"": false, ""motion_model"": ""affine"", ""motion_per_frame_threshold"": 1.5, ""cumulative_motion_threshold"": 3, ""peak_on_shift"": ""reset"", ""write_mask_pngs"": ""true"", ""write_overlay_pngs"": ""false"", ""write_heatmap_pngs"": ""false"", ""backend"": ""cuda"", ""__top5_kernels__"": [31, 51, 13, 21, 9], ""roi_margin"": 0.0}"
phase7b__input_6__morph_close_iterations=2__morph_kernel=51__morph_open_iterations=2__morph_shape=ellipse,input_6,True,0.9403191777440705,0.9688485432444349,0.3837033182504236,0.9437846968686949,5.41273954603821,,"{""colorspace"": ""CIELAB"", ""channel_weights"": ""1,0,0"", ""darken_only"": true, ""peak_reference"": true, ""ref_mode"": [""first""], ""ref_running_alpha"": 0.05, ""dynamic_target_fraction"": 0.2, ""dynamic_lag_scale"": 1, ""pre_delta_blur"": ""none"", ""blur"": ""gaussian:9"", ""threshold"": ""otsu"", ""threshold_offset"": -30, ""morph_kernel"": 51, ""morph_shape"": ""ellipse"", ""morph_close_iterations"": 2, ""morph_open_iterations"": 2, ""min_area"": 1600, ""lock_frames"": 0, ""camera_stable"": false, ""motion_model"": ""affine"", ""motion_per_frame_threshold"": 1.5, ""cumulative_motion_threshold"": 3, ""peak_on_shift"": ""reset"", ""write_mask_pngs"": ""true"", ""write_overlay_pngs"": ""false"", ""write_heatmap_pngs"": ""false"", ""backend"": ""cuda"", ""__top5_kernels__"": [31, 51, 13, 21, 9], ""roi_margin"": 0.0}"
phase7b__input_6__morph_close_iterations=2__morph_kernel=13__morph_open_iterations=2__morph_shape=ellipse,input_6,True,0.9374936816658579,0.9673644203044656,0.40881300195126435,0.9328189049920255,2.7901571029797196,,"{""colorspace"": ""CIELAB"", ""channel_weights"": ""1,0,0"", ""darken_only"": true, ""peak_reference"": true, ""ref_mode"": [""first""], ""ref_running_alpha"": 0.05, ""dynamic_target_fraction"": 0.2, ""dynamic_lag_scale"": 1, ""pre_delta_blur"": ""none"", ""blur"": ""gaussian:9"", ""threshold"": ""otsu"", ""threshold_offset"": -30, ""morph_kernel"": 13, ""morph_shape"": ""ellipse"", ""morph_close_iterations"": 2, ""morph_open_iterations"": 2, ""min_area"": 1600, ""lock_frames"": 0, ""camera_stable"": false, ""motion_model"": ""affine"", ""motion_per_frame_threshold"": 1.5, ""cumulative_motion_threshold"": 3, ""peak_on_shift"": ""reset"", ""write_mask_pngs"": ""true"", ""write_overlay_pngs"": ""false"", ""write_heatmap_pngs"": ""false"", ""backend"": ""cuda"", ""__top5_kernels__"": [31, 51, 13, 21, 9], ""roi_margin"": 0.0}"
phase7b__input_7__morph_close_iterations=1__morph_kernel=21__morph_open_iterations=1__morph_shape=cross,input_7,True,0.9538302161886627,0.9762319495945022,0.5089335124009156,0.9144389436166251,2.894418357871473,,"{""colorspace"": ""CIELAB"", ""channel_weights"": ""1,0,0"", ""darken_only"": true, ""peak_reference"": true, ""ref_mode"": [""first""], ""ref_running_alpha"": 0.05, ""dynamic_target_fraction"": 0.2, ""dynamic_lag_scale"": 1, ""pre_delta_blur"": ""none"", ""blur"": ""gaussian:9"", ""threshold"": ""otsu"", ""threshold_offset"": -10, ""morph_kernel"": 21, ""morph_shape"": ""cross"", ""morph_close_iterations"": 1, ""morph_open_iterations"": 1, ""min_area"": 400, ""lock_frames"": 10, ""camera_stable"": false, ""motion_model"": ""affine"", ""motion_per_frame_threshold"": 1.5, ""cumulative_motion_threshold"": 3, ""peak_on_shift"": ""reset"", ""write_mask_pngs"": ""true"", ""write_overlay_pngs"": ""false"", ""write_heatmap_pngs"": ""false"", ""backend"": ""cuda"", ""__top5_kernels__"": [21, 13, 9, 31, 5], ""roi_margin"": 0.0}"
phase7b__input_7__morph_close_iterations=1__morph_kernel=21__morph_open_iterations=2__morph_shape=cross,input_7,True,0.9538302161886627,0.9762319495945022,0.5089335124009156,0.9144389436166251,2.8582284366711974,,"{""colorspace"": ""CIELAB"", ""channel_weights"": ""1,0,0"", ""darken_only"": true, ""peak_reference"": true, ""ref_mode"": [""first""], ""ref_running_alpha"": 0.05, ""dynamic_target_fraction"": 0.2, ""dynamic_lag_scale"": 1, ""pre_delta_blur"": ""none"", ""blur"": ""gaussian:9"", ""threshold"": ""otsu"", ""threshold_offset"": -10, ""morph_kernel"": 21, ""morph_shape"": ""cross"", ""morph_close_iterations"": 1, ""morph_open_iterations"": 2, ""min_area"": 400, ""lock_frames"": 10, ""camera_stable"": false, ""motion_model"": ""affine"", ""motion_per_frame_threshold"": 1.5, ""cumulative_motion_threshold"": 3, ""peak_on_shift"": ""reset"", ""write_mask_pngs"": ""true"", ""write_overlay_pngs"": ""false"", ""write_heatmap_pngs"": ""false"", ""backend"": ""cuda"", ""__top5_kernels__"": [21, 13, 9, 31, 5], ""roi_margin"": 0.0}"
phase7b__input_7__morph_close_iterations=2__morph_kernel=21__morph_open_iterations=1__morph_shape=cross,input_7,True,0.9538302161886627,0.9762319495945022,0.5089335124009156,0.9144389436166251,2.906768847256899,,"{""colorspace"": ""CIELAB"", ""channel_weights"": ""1,0,0"", ""darken_only"": true, ""peak_reference"": true, ""ref_mode"": [""first""], ""ref_running_alpha"": 0.05, ""dynamic_target_fraction"": 0.2, ""dynamic_lag_scale"": 1, ""pre_delta_blur"": ""none"", ""blur"": ""gaussian:9"", ""threshold"": ""otsu"", ""threshold_offset"": -10, ""morph_kernel"": 21, ""morph_shape"": ""cross"", ""morph_close_iterations"": 2, ""morph_open_iterations"": 1, ""min_area"": 400, ""lock_frames"": 10, ""camera_stable"": false, ""motion_model"": ""affine"", ""motion_per_frame_threshold"": 1.5, ""cumulative_motion_threshold"": 3, ""peak_on_shift"": ""reset"", ""write_mask_pngs"": ""true"", ""write_overlay_pngs"": ""false"", ""write_heatmap_pngs"": ""false"", ""backend"": ""cuda"", ""__top5_kernels__"": [21, 13, 9, 31, 5], ""roi_margin"": 0.0}"
phase7b__input_7__morph_close_iterations=2__morph_kernel=21__morph_open_iterations=2__morph_shape=cross,input_7,True,0.9538302161886627,0.9762319495945022,0.5089335124009156,0.9144389436166251,2.9377203714102507,,"{""colorspace"": ""CIELAB"", ""channel_weights"": ""1,0,0"", ""darken_only"": true, ""peak_reference"": true, ""ref_mode"": [""first""], ""ref_running_alpha"": 0.05, ""dynamic_target_fraction"": 0.2, ""dynamic_lag_scale"": 1, ""pre_delta_blur"": ""none"", ""blur"": ""gaussian:9"", ""threshold"": ""otsu"", ""threshold_offset"": -10, ""morph_kernel"": 21, ""morph_shape"": ""cross"", ""morph_close_iterations"": 2, ""morph_open_iterations"": 2, ""min_area"": 400, ""lock_frames"": 10, ""camera_stable"": false, ""motion_model"": ""affine"", ""motion_per_frame_threshold"": 1.5, ""cumulative_motion_threshold"": 3, ""peak_on_shift"": ""reset"", ""write_mask_pngs"": ""true"", ""write_overlay_pngs"": ""false"", ""write_heatmap_pngs"": ""false"", ""backend"": ""cuda"", ""__top5_kernels__"": [21, 13, 9, 31, 5], ""roi_margin"": 0.0}"
phase7b__input_7__morph_close_iterations=1__morph_kernel=13__morph_open_iterations=1__morph_shape=cross,input_7,True,0.9537639416533528,0.9762035430002737,0.5007178190935898,0.912468251583112,2.885390150360763,,"{""colorspace"": ""CIELAB"", ""channel_weights"": ""1,0,0"", ""darken_only"": true, ""peak_reference"": true, ""ref_mode"": [""first""], ""ref_running_alpha"": 0.05, ""dynamic_target_fraction"": 0.2, ""dynamic_lag_scale"": 1, ""pre_delta_blur"": ""none"", ""blur"": ""gaussian:9"", ""threshold"": ""otsu"", ""threshold_offset"": -10, ""morph_kernel"": 13, ""morph_shape"": ""cross"", ""morph_close_iterations"": 1, ""morph_open_iterations"": 1, ""min_area"": 400, ""lock_frames"": 10, ""camera_stable"": false, ""motion_model"": ""affine"", ""motion_per_frame_threshold"": 1.5, ""cumulative_motion_threshold"": 3, ""peak_on_shift"": ""reset"", ""write_mask_pngs"": ""true"", ""write_overlay_pngs"": ""false"", ""write_heatmap_pngs"": ""false"", ""backend"": ""cuda"", ""__top5_kernels__"": [21, 13, 9, 31, 5], ""roi_margin"": 0.0}"
phase7b__input_7__morph_close_iterations=1__morph_kernel=13__morph_open_iterations=2__morph_shape=cross,input_7,True,0.9537639416533528,0.9762035430002737,0.5007178190935898,0.912468251583112,2.8572136173024774,,"{""colorspace"": ""CIELAB"", ""channel_weights"": ""1,0,0"", ""darken_only"": true, ""peak_reference"": true, ""ref_mode"": [""first""], ""ref_running_alpha"": 0.05, ""dynamic_target_fraction"": 0.2, ""dynamic_lag_scale"": 1, ""pre_delta_blur"": ""none"", ""blur"": ""gaussian:9"", ""threshold"": ""otsu"", ""threshold_offset"": -10, ""morph_kernel"": 13, ""morph_shape"": ""cross"", ""morph_close_iterations"": 1, ""morph_open_iterations"": 2, ""min_area"": 400, ""lock_frames"": 10, ""camera_stable"": false, ""motion_model"": ""affine"", ""motion_per_frame_threshold"": 1.5, ""cumulative_motion_threshold"": 3, ""peak_on_shift"": ""reset"", ""write_mask_pngs"": ""true"", ""write_overlay_pngs"": ""false"", ""write_heatmap_pngs"": ""false"", ""backend"": ""cuda"", ""__top5_kernels__"": [21, 13, 9, 31, 5], ""roi_margin"": 0.0}"
phase7b__input_7__morph_close_iterations=2__morph_kernel=13__morph_open_iterations=1__morph_shape=cross,input_7,True,0.9537639416533528,0.9762035430002737,0.5007178190935898,0.912468251583112,2.8995396168902516,,"{""colorspace"": ""CIELAB"", ""channel_weights"": ""1,0,0"", ""darken_only"": true, ""peak_reference"": true, ""ref_mode"": [""first""], ""ref_running_alpha"": 0.05, ""dynamic_target_fraction"": 0.2, ""dynamic_lag_scale"": 1, ""pre_delta_blur"": ""none"", ""blur"": ""gaussian:9"", ""threshold"": ""otsu"", ""threshold_offset"": -10, ""morph_kernel"": 13, ""morph_shape"": ""cross"", ""morph_close_iterations"": 2, ""morph_open_iterations"": 1, ""min_area"": 400, ""lock_frames"": 10, ""camera_stable"": false, ""motion_model"": ""affine"", ""motion_per_frame_threshold"": 1.5, ""cumulative_motion_threshold"": 3, ""peak_on_shift"": ""reset"", ""write_mask_pngs"": ""true"", ""write_overlay_pngs"": ""false"", ""write_heatmap_pngs"": ""false"", ""backend"": ""cuda"", ""__top5_kernels__"": [21, 13, 9, 31, 5], ""roi_margin"": 0.0}"
phase7b__input_7__morph_close_iterations=2__morph_kernel=13__morph_open_iterations=2__morph_shape=cross,input_7,True,0.9537639416533528,0.9762035430002737,0.5007178190935898,0.912468251583112,2.9711758606135845,,"{""colorspace"": ""CIELAB"", ""channel_weights"": ""1,0,0"", ""darken_only"": true, ""peak_reference"": true, ""ref_mode"": [""first""], ""ref_running_alpha"": 0.05, ""dynamic_target_fraction"": 0.2, ""dynamic_lag_scale"": 1, ""pre_delta_blur"": ""none"", ""blur"": ""gaussian:9"", ""threshold"": ""otsu"", ""threshold_offset"": -10, ""morph_kernel"": 13, ""morph_shape"": ""cross"", ""morph_close_iterations"": 2, ""morph_open_iterations"": 2, ""min_area"": 400, ""lock_frames"": 10, ""camera_stable"": false, ""motion_model"": ""affine"", ""motion_per_frame_threshold"": 1.5, ""cumulative_motion_threshold"": 3, ""peak_on_shift"": ""reset"", ""write_mask_pngs"": ""true"", ""write_overlay_pngs"": ""false"", ""write_heatmap_pngs"": ""false"", ""backend"": ""cuda"", ""__top5_kernels__"": [21, 13, 9, 31, 5], ""roi_margin"": 0.0}"
phase7b__input_7__morph_close_iterations=1__morph_kernel=9__morph_open_iterations=1__morph_shape=cross,input_7,True,0.9525908854699795,0.9755906999928786,0.4918527006066862,0.9122791968859001,2.951479352079332,,"{""colorspace"": ""CIELAB"", ""channel_weights"": ""1,0,0"", ""darken_only"": true, ""peak_reference"": true, ""ref_mode"": [""first""], ""ref_running_alpha"": 0.05, ""dynamic_target_fraction"": 0.2, ""dynamic_lag_scale"": 1, ""pre_delta_blur"": ""none"", ""blur"": ""gaussian:9"", ""threshold"": ""otsu"", ""threshold_offset"": -10, ""morph_kernel"": 9, ""morph_shape"": ""cross"", ""morph_close_iterations"": 1, ""morph_open_iterations"": 1, ""min_area"": 400, ""lock_frames"": 10, ""camera_stable"": false, ""motion_model"": ""affine"", ""motion_per_frame_threshold"": 1.5, ""cumulative_motion_threshold"": 3, ""peak_on_shift"": ""reset"", ""write_mask_pngs"": ""true"", ""write_overlay_pngs"": ""false"", ""write_heatmap_pngs"": ""false"", ""backend"": ""cuda"", ""__top5_kernels__"": [21, 13, 9, 31, 5], ""roi_margin"": 0.0}"
phase7b__input_7__morph_close_iterations=1__morph_kernel=9__morph_open_iterations=2__morph_shape=cross,input_7,True,0.9525908854699795,0.9755906999928786,0.4918527006066862,0.9122791968859001,3.0126513158902526,,"{""colorspace"": ""CIELAB"", ""channel_weights"": ""1,0,0"", ""darken_only"": true, ""peak_reference"": true, ""ref_mode"": [""first""], ""ref_running_alpha"": 0.05, ""dynamic_target_fraction"": 0.2, ""dynamic_lag_scale"": 1, ""pre_delta_blur"": ""none"", ""blur"": ""gaussian:9"", ""threshold"": ""otsu"", ""threshold_offset"": -10, ""morph_kernel"": 9, ""morph_shape"": ""cross"", ""morph_close_iterations"": 1, ""morph_open_iterations"": 2, ""min_area"": 400, ""lock_frames"": 10, ""camera_stable"": false, ""motion_model"": ""affine"", ""motion_per_frame_threshold"": 1.5, ""cumulative_motion_threshold"": 3, ""peak_on_shift"": ""reset"", ""write_mask_pngs"": ""true"", ""write_overlay_pngs"": ""false"", ""write_heatmap_pngs"": ""false"", ""backend"": ""cuda"", ""__top5_kernels__"": [21, 13, 9, 31, 5], ""roi_margin"": 0.0}"
phase7b__input_7__morph_close_iterations=2__morph_kernel=9__morph_open_iterations=1__morph_shape=cross,input_7,True,0.9525900334272069,0.9755902568961712,0.4918527006066862,0.9122791968859001,2.9127622358500957,,"{""colorspace"": ""CIELAB"", ""channel_weights"": ""1,0,0"", ""darken_only"": true, ""peak_reference"": true, ""ref_mode"": [""first""], ""ref_running_alpha"": 0.05, ""dynamic_target_fraction"": 0.2, ""dynamic_lag_scale"": 1, ""pre_delta_blur"": ""none"", ""blur"": ""gaussian:9"", ""threshold"": ""otsu"", ""threshold_offset"": -10, ""morph_kernel"": 9, ""morph_shape"": ""cross"", ""morph_close_iterations"": 2, ""morph_open_iterations"": 1, ""min_area"": 400, ""lock_frames"": 10, ""camera_stable"": false, ""motion_model"": ""affine"", ""motion_per_frame_threshold"": 1.5, ""cumulative_motion_threshold"": 3, ""peak_on_shift"": ""reset"", ""write_mask_pngs"": ""true"", ""write_overlay_pngs"": ""false"", ""write_heatmap_pngs"": ""false"", ""backend"": ""cuda"", ""__top5_kernels__"": [21, 13, 9, 31, 5], ""roi_margin"": 0.0}"
phase7b__input_7__morph_close_iterations=2__morph_kernel=9__morph_open_iterations=2__morph_shape=cross,input_7,True,0.9525900334272069,0.9755902568961712,0.4918527006066862,0.9122791968859001,2.874980863183737,,"{""colorspace"": ""CIELAB"", ""channel_weights"": ""1,0,0"", ""darken_only"": true, ""peak_reference"": true, ""ref_mode"": [""first""], ""ref_running_alpha"": 0.05, ""dynamic_target_fraction"": 0.2, ""dynamic_lag_scale"": 1, ""pre_delta_blur"": ""none"", ""blur"": ""gaussian:9"", ""threshold"": ""otsu"", ""threshold_offset"": -10, ""morph_kernel"": 9, ""morph_shape"": ""cross"", ""morph_close_iterations"": 2, ""morph_open_iterations"": 2, ""min_area"": 400, ""lock_frames"": 10, ""camera_stable"": false, ""motion_model"": ""affine"", ""motion_per_frame_threshold"": 1.5, ""cumulative_motion_threshold"": 3, ""peak_on_shift"": ""reset"", ""write_mask_pngs"": ""true"", ""write_overlay_pngs"": ""false"", ""write_heatmap_pngs"": ""false"", ""backend"": ""cuda"", ""__top5_kernels__"": [21, 13, 9, 31, 5], ""roi_margin"": 0.0}"
phase7b__input_8__morph_close_iterations=1__morph_kernel=51__morph_open_iterations=1__morph_shape=ellipse,input_8,True,0.9602139535521073,0.97969313195197,0.6154497155031862,0.9396008369998459,5.826677015051246,,"{""colorspace"": ""CIELAB"", ""channel_weights"": ""1,0,0"", ""darken_only"": true, ""peak_reference"": true, ""ref_mode"": [""first""], ""ref_running_alpha"": 0.05, ""dynamic_target_fraction"": 0.2, ""dynamic_lag_scale"": 1, ""pre_delta_blur"": ""none"", ""blur"": ""gaussian:9"", ""threshold"": ""otsu"", ""threshold_offset"": -10, ""morph_kernel"": 51, ""morph_shape"": ""ellipse"", ""morph_close_iterations"": 1, ""morph_open_iterations"": 1, ""min_area"": 1600, ""lock_frames"": 10, ""camera_stable"": false, ""motion_model"": ""affine"", ""motion_per_frame_threshold"": 1.5, ""cumulative_motion_threshold"": 3, ""peak_on_shift"": ""reset"", ""write_mask_pngs"": ""true"", ""write_overlay_pngs"": ""false"", ""write_heatmap_pngs"": ""false"", ""backend"": ""cuda"", ""__top5_kernels__"": [51, 31, 21, 9, 13], ""roi_margin"": 0.0}"
phase7b__input_8__morph_close_iterations=1__morph_kernel=51__morph_open_iterations=2__morph_shape=ellipse,input_8,True,0.9602139535521073,0.97969313195197,0.6154497155031862,0.9396008369998459,7.166637991555035,,"{""colorspace"": ""CIELAB"", ""channel_weights"": ""1,0,0"", ""darken_only"": true, ""peak_reference"": true, ""ref_mode"": [""first""], ""ref_running_alpha"": 0.05, ""dynamic_target_fraction"": 0.2, ""dynamic_lag_scale"": 1, ""pre_delta_blur"": ""none"", ""blur"": ""gaussian:9"", ""threshold"": ""otsu"", ""threshold_offset"": -10, ""morph_kernel"": 51, ""morph_shape"": ""ellipse"", ""morph_close_iterations"": 1, ""morph_open_iterations"": 2, ""min_area"": 1600, ""lock_frames"": 10, ""camera_stable"": false, ""motion_model"": ""affine"", ""motion_per_frame_threshold"": 1.5, ""cumulative_motion_threshold"": 3, ""peak_on_shift"": ""reset"", ""write_mask_pngs"": ""true"", ""write_overlay_pngs"": ""false"", ""write_heatmap_pngs"": ""false"", ""backend"": ""cuda"", ""__top5_kernels__"": [51, 31, 21, 9, 13], ""roi_margin"": 0.0}"
phase7b__input_8__morph_close_iterations=2__morph_kernel=51__morph_open_iterations=1__morph_shape=ellipse,input_8,True,0.9602139535521073,0.97969313195197,0.6154497155031862,0.9396008369998459,7.1032977076247334,,"{""colorspace"": ""CIELAB"", ""channel_weights"": ""1,0,0"", ""darken_only"": true, ""peak_reference"": true, ""ref_mode"": [""first""], ""ref_running_alpha"": 0.05, ""dynamic_target_fraction"": 0.2, ""dynamic_lag_scale"": 1, ""pre_delta_blur"": ""none"", ""blur"": ""gaussian:9"", ""threshold"": ""otsu"", ""threshold_offset"": -10, ""morph_kernel"": 51, ""morph_shape"": ""ellipse"", ""morph_close_iterations"": 2, ""morph_open_iterations"": 1, ""min_area"": 1600, ""lock_frames"": 10, ""camera_stable"": false, ""motion_model"": ""affine"", ""motion_per_frame_threshold"": 1.5, ""cumulative_motion_threshold"": 3, ""peak_on_shift"": ""reset"", ""write_mask_pngs"": ""true"", ""write_overlay_pngs"": ""false"", ""write_heatmap_pngs"": ""false"", ""backend"": ""cuda"", ""__top5_kernels__"": [51, 31, 21, 9, 13], ""roi_margin"": 0.0}"
phase7b__input_8__morph_close_iterations=2__morph_kernel=51__morph_open_iterations=2__morph_shape=ellipse,input_8,True,0.9602139535521073,0.97969313195197,0.6154497155031862,0.9396008369998459,8.30474063102156,,"{""colorspace"": ""CIELAB"", ""channel_weights"": ""1,0,0"", ""darken_only"": true, ""peak_reference"": true, ""ref_mode"": [""first""], ""ref_running_alpha"": 0.05, ""dynamic_target_fraction"": 0.2, ""dynamic_lag_scale"": 1, ""pre_delta_blur"": ""none"", ""blur"": ""gaussian:9"", ""threshold"": ""otsu"", ""threshold_offset"": -10, ""morph_kernel"": 51, ""morph_shape"": ""ellipse"", ""morph_close_iterations"": 2, ""morph_open_iterations"": 2, ""min_area"": 1600, ""lock_frames"": 10, ""camera_stable"": false, ""motion_model"": ""affine"", ""motion_per_frame_threshold"": 1.5, ""cumulative_motion_threshold"": 3, ""peak_on_shift"": ""reset"", ""write_mask_pngs"": ""true"", ""write_overlay_pngs"": ""false"", ""write_heatmap_pngs"": ""false"", ""backend"": ""cuda"", ""__top5_kernels__"": [51, 31, 21, 9, 13], ""roi_margin"": 0.0}"
phase7b__input_8__morph_close_iterations=1__morph_kernel=31__morph_open_iterations=1__morph_shape=ellipse,input_8,True,0.9434871183423269,0.9708987029549716,0.41652633180197113,0.9545184769221435,4.710958406329155,,"{""colorspace"": ""CIELAB"", ""channel_weights"": ""1,0,0"", ""darken_only"": true, ""peak_reference"": true, ""ref_mode"": [""first""], ""ref_running_alpha"": 0.05, ""dynamic_target_fraction"": 0.2, ""dynamic_lag_scale"": 1, ""pre_delta_blur"": ""none"", ""blur"": ""gaussian:9"", ""threshold"": ""otsu"", ""threshold_offset"": -10, ""morph_kernel"": 31, ""morph_shape"": ""ellipse"", ""morph_close_iterations"": 1, ""morph_open_iterations"": 1, ""min_area"": 1600, ""lock_frames"": 10, ""camera_stable"": false, ""motion_model"": ""affine"", ""motion_per_frame_threshold"": 1.5, ""cumulative_motion_threshold"": 3, ""peak_on_shift"": ""reset"", ""write_mask_pngs"": ""true"", ""write_overlay_pngs"": ""false"", ""write_heatmap_pngs"": ""false"", ""backend"": ""cuda"", ""__top5_kernels__"": [51, 31, 21, 9, 13], ""roi_margin"": 0.0}"
phase7b__input_8__morph_close_iterations=1__morph_kernel=31__morph_open_iterations=2__morph_shape=ellipse,input_8,True,0.9434871183423269,0.9708987029549716,0.41652633180197113,0.9545184769221435,5.2889718525111675,,"{""colorspace"": ""CIELAB"", ""channel_weights"": ""1,0,0"", ""darken_only"": true, ""peak_reference"": true, ""ref_mode"": [""first""], ""ref_running_alpha"": 0.05, ""dynamic_target_fraction"": 0.2, ""dynamic_lag_scale"": 1, ""pre_delta_blur"": ""none"", ""blur"": ""gaussian:9"", ""threshold"": ""otsu"", ""threshold_offset"": -10, ""morph_kernel"": 31, ""morph_shape"": ""ellipse"", ""morph_close_iterations"": 1, ""morph_open_iterations"": 2, ""min_area"": 1600, ""lock_frames"": 10, ""camera_stable"": false, ""motion_model"": ""affine"", ""motion_per_frame_threshold"": 1.5, ""cumulative_motion_threshold"": 3, ""peak_on_shift"": ""reset"", ""write_mask_pngs"": ""true"", ""write_overlay_pngs"": ""false"", ""write_heatmap_pngs"": ""false"", ""backend"": ""cuda"", ""__top5_kernels__"": [51, 31, 21, 9, 13], ""roi_margin"": 0.0}"
phase7b__input_8__morph_close_iterations=2__morph_kernel=31__morph_open_iterations=1__morph_shape=ellipse,input_8,True,0.9434871183423269,0.9708987029549716,0.41652633180197113,0.9545184769221435,5.229096921160817,,"{""colorspace"": ""CIELAB"", ""channel_weights"": ""1,0,0"", ""darken_only"": true, ""peak_reference"": true, ""ref_mode"": [""first""], ""ref_running_alpha"": 0.05, ""dynamic_target_fraction"": 0.2, ""dynamic_lag_scale"": 1, ""pre_delta_blur"": ""none"", ""blur"": ""gaussian:9"", ""threshold"": ""otsu"", ""threshold_offset"": -10, ""morph_kernel"": 31, ""morph_shape"": ""ellipse"", ""morph_close_iterations"": 2, ""morph_open_iterations"": 1, ""min_area"": 1600, ""lock_frames"": 10, ""camera_stable"": false, ""motion_model"": ""affine"", ""motion_per_frame_threshold"": 1.5, ""cumulative_motion_threshold"": 3, ""peak_on_shift"": ""reset"", ""write_mask_pngs"": ""true"", ""write_overlay_pngs"": ""false"", ""write_heatmap_pngs"": ""false"", ""backend"": ""cuda"", ""__top5_kernels__"": [51, 31, 21, 9, 13], ""roi_margin"": 0.0}"
phase7b__input_8__morph_close_iterations=1__morph_kernel=21__morph_open_iterations=1__morph_shape=ellipse,input_8,True,0.94085803299351,0.9694941226368616,0.4108759329992012,0.9438470161794005,4.247389213182032,,"{""colorspace"": ""CIELAB"", ""channel_weights"": ""1,0,0"", ""darken_only"": true, ""peak_reference"": true, ""ref_mode"": [""first""], ""ref_running_alpha"": 0.05, ""dynamic_target_fraction"": 0.2, ""dynamic_lag_scale"": 1, ""pre_delta_blur"": ""none"", ""blur"": ""gaussian:9"", ""threshold"": ""otsu"", ""threshold_offset"": -10, ""morph_kernel"": 21, ""morph_shape"": ""ellipse"", ""morph_close_iterations"": 1, ""morph_open_iterations"": 1, ""min_area"": 1600, ""lock_frames"": 10, ""camera_stable"": false, ""motion_model"": ""affine"", ""motion_per_frame_threshold"": 1.5, ""cumulative_motion_threshold"": 3, ""peak_on_shift"": ""reset"", ""write_mask_pngs"": ""true"", ""write_overlay_pngs"": ""false"", ""write_heatmap_pngs"": ""false"", ""backend"": ""cuda"", ""__top5_kernels__"": [51, 31, 21, 9, 13], ""roi_margin"": 0.0}"
phase7b__input_8__morph_close_iterations=2__morph_kernel=31__morph_open_iterations=2__morph_shape=ellipse,input_8,True,0.9434871183423269,0.9708987029549716,0.41652633180197113,0.9545184769221435,5.763194642029703,,"{""colorspace"": ""CIELAB"", ""channel_weights"": ""1,0,0"", ""darken_only"": true, ""peak_reference"": true, ""ref_mode"": [""first""], ""ref_running_alpha"": 0.05, ""dynamic_target_fraction"": 0.2, ""dynamic_lag_scale"": 1, ""pre_delta_blur"": ""none"", ""blur"": ""gaussian:9"", ""threshold"": ""otsu"", ""threshold_offset"": -10, ""morph_kernel"": 31, ""morph_shape"": ""ellipse"", ""morph_close_iterations"": 2, ""morph_open_iterations"": 2, ""min_area"": 1600, ""lock_frames"": 10, ""camera_stable"": false, ""motion_model"": ""affine"", ""motion_per_frame_threshold"": 1.5, ""cumulative_motion_threshold"": 3, ""peak_on_shift"": ""reset"", ""write_mask_pngs"": ""true"", ""write_overlay_pngs"": ""false"", ""write_heatmap_pngs"": ""false"", ""backend"": ""cuda"", ""__top5_kernels__"": [51, 31, 21, 9, 13], ""roi_margin"": 0.0}"
phase7b__input_8__morph_close_iterations=1__morph_kernel=21__morph_open_iterations=2__morph_shape=ellipse,input_8,True,0.94085803299351,0.9694941226368616,0.4108759329992012,0.9438470161794005,4.604701587930322,,"{""colorspace"": ""CIELAB"", ""channel_weights"": ""1,0,0"", ""darken_only"": true, ""peak_reference"": true, ""ref_mode"": [""first""], ""ref_running_alpha"": 0.05, ""dynamic_target_fraction"": 0.2, ""dynamic_lag_scale"": 1, ""pre_delta_blur"": ""none"", ""blur"": ""gaussian:9"", ""threshold"": ""otsu"", ""threshold_offset"": -10, ""morph_kernel"": 21, ""morph_shape"": ""ellipse"", ""morph_close_iterations"": 1, ""morph_open_iterations"": 2, ""min_area"": 1600, ""lock_frames"": 10, ""camera_stable"": false, ""motion_model"": ""affine"", ""motion_per_frame_threshold"": 1.5, ""cumulative_motion_threshold"": 3, ""peak_on_shift"": ""reset"", ""write_mask_pngs"": ""true"", ""write_overlay_pngs"": ""false"", ""write_heatmap_pngs"": ""false"", ""backend"": ""cuda"", ""__top5_kernels__"": [51, 31, 21, 9, 13], ""roi_margin"": 0.0}"
phase7b__input_8__morph_close_iterations=2__morph_kernel=21__morph_open_iterations=1__morph_shape=ellipse,input_8,True,0.94085803299351,0.9694941226368616,0.4108759329992012,0.9438470161794005,4.55021280515939,,"{""colorspace"": ""CIELAB"", ""channel_weights"": ""1,0,0"", ""darken_only"": true, ""peak_reference"": true, ""ref_mode"": [""first""], ""ref_running_alpha"": 0.05, ""dynamic_target_fraction"": 0.2, ""dynamic_lag_scale"": 1, ""pre_delta_blur"": ""none"", ""blur"": ""gaussian:9"", ""threshold"": ""otsu"", ""threshold_offset"": -10, ""morph_kernel"": 21, ""morph_shape"": ""ellipse"", ""morph_close_iterations"": 2, ""morph_open_iterations"": 1, ""min_area"": 1600, ""lock_frames"": 10, ""camera_stable"": false, ""motion_model"": ""affine"", ""motion_per_frame_threshold"": 1.5, ""cumulative_motion_threshold"": 3, ""peak_on_shift"": ""reset"", ""write_mask_pngs"": ""true"", ""write_overlay_pngs"": ""false"", ""write_heatmap_pngs"": ""false"", ""backend"": ""cuda"", ""__top5_kernels__"": [51, 31, 21, 9, 13], ""roi_margin"": 0.0}"
phase7b__input_8__morph_close_iterations=2__morph_kernel=21__morph_open_iterations=2__morph_shape=ellipse,input_8,True,0.94085803299351,0.9694941226368616,0.4108759329992012,0.9438470161794005,4.841441332362592,,"{""colorspace"": ""CIELAB"", ""channel_weights"": ""1,0,0"", ""darken_only"": true, ""peak_reference"": true, ""ref_mode"": [""first""], ""ref_running_alpha"": 0.05, ""dynamic_target_fraction"": 0.2, ""dynamic_lag_scale"": 1, ""pre_delta_blur"": ""none"", ""blur"": ""gaussian:9"", ""threshold"": ""otsu"", ""threshold_offset"": -10, ""morph_kernel"": 21, ""morph_shape"": ""ellipse"", ""morph_close_iterations"": 2, ""morph_open_iterations"": 2, ""min_area"": 1600, ""lock_frames"": 10, ""camera_stable"": false, ""motion_model"": ""affine"", ""motion_per_frame_threshold"": 1.5, ""cumulative_motion_threshold"": 3, ""peak_on_shift"": ""reset"", ""write_mask_pngs"": ""true"", ""write_overlay_pngs"": ""false"", ""write_heatmap_pngs"": ""false"", ""backend"": ""cuda"", ""__top5_kernels__"": [51, 31, 21, 9, 13], ""roi_margin"": 0.0}"
phase7b__input_9__morph_close_iterations=1__morph_kernel=51__morph_open_iterations=1__morph_shape=ellipse,input_9,True,0.9552694695481442,0.9771049514537198,0.523910238937723,0.9538388214708966,6.760847394354641,,"{""colorspace"": ""CIELAB"", ""channel_weights"": ""1,0,0"", ""darken_only"": true, ""peak_reference"": true, ""ref_mode"": [""first""], ""ref_running_alpha"": 0.05, ""dynamic_target_fraction"": 0.2, ""dynamic_lag_scale"": 1, ""pre_delta_blur"": ""none"", ""blur"": ""gaussian:9"", ""threshold"": ""otsu"", ""threshold_offset"": -30, ""morph_kernel"": 51, ""morph_shape"": ""ellipse"", ""morph_close_iterations"": 1, ""morph_open_iterations"": 1, ""min_area"": 400, ""lock_frames"": 0, ""camera_stable"": false, ""motion_model"": ""affine"", ""motion_per_frame_threshold"": 1.5, ""cumulative_motion_threshold"": 3, ""peak_on_shift"": ""reset"", ""write_mask_pngs"": ""true"", ""write_overlay_pngs"": ""false"", ""write_heatmap_pngs"": ""false"", ""backend"": ""cuda"", ""__top5_kernels__"": [51, 31, 21, 13, 9], ""roi_margin"": 0.0}"
phase7b__input_9__morph_close_iterations=1__morph_kernel=51__morph_open_iterations=2__morph_shape=ellipse,input_9,True,0.9552694695481442,0.9771049514537198,0.523910238937723,0.9538388214708966,8.323214373551309,,"{""colorspace"": ""CIELAB"", ""channel_weights"": ""1,0,0"", ""darken_only"": true, ""peak_reference"": true, ""ref_mode"": [""first""], ""ref_running_alpha"": 0.05, ""dynamic_target_fraction"": 0.2, ""dynamic_lag_scale"": 1, ""pre_delta_blur"": ""none"", ""blur"": ""gaussian:9"", ""threshold"": ""otsu"", ""threshold_offset"": -30, ""morph_kernel"": 51, ""morph_shape"": ""ellipse"", ""morph_close_iterations"": 1, ""morph_open_iterations"": 2, ""min_area"": 400, ""lock_frames"": 0, ""camera_stable"": false, ""motion_model"": ""affine"", ""motion_per_frame_threshold"": 1.5, ""cumulative_motion_threshold"": 3, ""peak_on_shift"": ""reset"", ""write_mask_pngs"": ""true"", ""write_overlay_pngs"": ""false"", ""write_heatmap_pngs"": ""false"", ""backend"": ""cuda"", ""__top5_kernels__"": [51, 31, 21, 13, 9], ""roi_margin"": 0.0}"
phase7b__input_9__morph_close_iterations=2__morph_kernel=51__morph_open_iterations=1__morph_shape=ellipse,input_9,True,0.9552694695481442,0.9771049514537198,0.523910238937723,0.9538388214708966,8.266376421786845,,"{""colorspace"": ""CIELAB"", ""channel_weights"": ""1,0,0"", ""darken_only"": true, ""peak_reference"": true, ""ref_mode"": [""first""], ""ref_running_alpha"": 0.05, ""dynamic_target_fraction"": 0.2, ""dynamic_lag_scale"": 1, ""pre_delta_blur"": ""none"", ""blur"": ""gaussian:9"", ""threshold"": ""otsu"", ""threshold_offset"": -30, ""morph_kernel"": 51, ""morph_shape"": ""ellipse"", ""morph_close_iterations"": 2, ""morph_open_iterations"": 1, ""min_area"": 400, ""lock_frames"": 0, ""camera_stable"": false, ""motion_model"": ""affine"", ""motion_per_frame_threshold"": 1.5, ""cumulative_motion_threshold"": 3, ""peak_on_shift"": ""reset"", ""write_mask_pngs"": ""true"", ""write_overlay_pngs"": ""false"", ""write_heatmap_pngs"": ""false"", ""backend"": ""cuda"", ""__top5_kernels__"": [51, 31, 21, 13, 9], ""roi_margin"": 0.0}"
phase7b__input_9__morph_close_iterations=1__morph_kernel=31__morph_open_iterations=1__morph_shape=ellipse,input_9,True,0.9550083789776416,0.976953954238534,0.5195405560005317,0.9715178590438025,5.315312158316374,,"{""colorspace"": ""CIELAB"", ""channel_weights"": ""1,0,0"", ""darken_only"": true, ""peak_reference"": true, ""ref_mode"": [""first""], ""ref_running_alpha"": 0.05, ""dynamic_target_fraction"": 0.2, ""dynamic_lag_scale"": 1, ""pre_delta_blur"": ""none"", ""blur"": ""gaussian:9"", ""threshold"": ""otsu"", ""threshold_offset"": -30, ""morph_kernel"": 31, ""morph_shape"": ""ellipse"", ""morph_close_iterations"": 1, ""morph_open_iterations"": 1, ""min_area"": 400, ""lock_frames"": 0, ""camera_stable"": false, ""motion_model"": ""affine"", ""motion_per_frame_threshold"": 1.5, ""cumulative_motion_threshold"": 3, ""peak_on_shift"": ""reset"", ""write_mask_pngs"": ""true"", ""write_overlay_pngs"": ""false"", ""write_heatmap_pngs"": ""false"", ""backend"": ""cuda"", ""__top5_kernels__"": [51, 31, 21, 13, 9], ""roi_margin"": 0.0}"
phase7b__input_9__morph_close_iterations=2__morph_kernel=51__morph_open_iterations=2__morph_shape=ellipse,input_9,True,0.9552694695481442,0.9771049514537198,0.523910238937723,0.9538388214708966,9.761734025552869,,"{""colorspace"": ""CIELAB"", ""channel_weights"": ""1,0,0"", ""darken_only"": true, ""peak_reference"": true, ""ref_mode"": [""first""], ""ref_running_alpha"": 0.05, ""dynamic_target_fraction"": 0.2, ""dynamic_lag_scale"": 1, ""pre_delta_blur"": ""none"", ""blur"": ""gaussian:9"", ""threshold"": ""otsu"", ""threshold_offset"": -30, ""morph_kernel"": 51, ""morph_shape"": ""ellipse"", ""morph_close_iterations"": 2, ""morph_open_iterations"": 2, ""min_area"": 400, ""lock_frames"": 0, ""camera_stable"": false, ""motion_model"": ""affine"", ""motion_per_frame_threshold"": 1.5, ""cumulative_motion_threshold"": 3, ""peak_on_shift"": ""reset"", ""write_mask_pngs"": ""true"", ""write_overlay_pngs"": ""false"", ""write_heatmap_pngs"": ""false"", ""backend"": ""cuda"", ""__top5_kernels__"": [51, 31, 21, 13, 9], ""roi_margin"": 0.0}"
phase7b__input_9__morph_close_iterations=1__morph_kernel=31__morph_open_iterations=2__morph_shape=ellipse,input_9,True,0.9550083789776416,0.976953954238534,0.5195405560005317,0.9715178590438025,6.047635508701205,,"{""colorspace"": ""CIELAB"", ""channel_weights"": ""1,0,0"", ""darken_only"": true, ""peak_reference"": true, ""ref_mode"": [""first""], ""ref_running_alpha"": 0.05, ""dynamic_target_fraction"": 0.2, ""dynamic_lag_scale"": 1, ""pre_delta_blur"": ""none"", ""blur"": ""gaussian:9"", ""threshold"": ""otsu"", ""threshold_offset"": -30, ""morph_kernel"": 31, ""morph_shape"": ""ellipse"", ""morph_close_iterations"": 1, ""morph_open_iterations"": 2, ""min_area"": 400, ""lock_frames"": 0, ""camera_stable"": false, ""motion_model"": ""affine"", ""motion_per_frame_threshold"": 1.5, ""cumulative_motion_threshold"": 3, ""peak_on_shift"": ""reset"", ""write_mask_pngs"": ""true"", ""write_overlay_pngs"": ""false"", ""write_heatmap_pngs"": ""false"", ""backend"": ""cuda"", ""__top5_kernels__"": [51, 31, 21, 13, 9], ""roi_margin"": 0.0}"
phase7b__input_9__morph_close_iterations=2__morph_kernel=31__morph_open_iterations=1__morph_shape=ellipse,input_9,True,0.9550083789776416,0.976953954238534,0.5195405560005317,0.9715178590438025,5.845654065720737,,"{""colorspace"": ""CIELAB"", ""channel_weights"": ""1,0,0"", ""darken_only"": true, ""peak_reference"": true, ""ref_mode"": [""first""], ""ref_running_alpha"": 0.05, ""dynamic_target_fraction"": 0.2, ""dynamic_lag_scale"": 1, ""pre_delta_blur"": ""none"", ""blur"": ""gaussian:9"", ""threshold"": ""otsu"", ""threshold_offset"": -30, ""morph_kernel"": 31, ""morph_shape"": ""ellipse"", ""morph_close_iterations"": 2, ""morph_open_iterations"": 1, ""min_area"": 400, ""lock_frames"": 0, ""camera_stable"": false, ""motion_model"": ""affine"", ""motion_per_frame_threshold"": 1.5, ""cumulative_motion_threshold"": 3, ""peak_on_shift"": ""reset"", ""write_mask_pngs"": ""true"", ""write_overlay_pngs"": ""false"", ""write_heatmap_pngs"": ""false"", ""backend"": ""cuda"", ""__top5_kernels__"": [51, 31, 21, 13, 9], ""roi_margin"": 0.0}"
phase7b__input_9__morph_close_iterations=1__morph_kernel=21__morph_open_iterations=1__morph_shape=ellipse,input_9,True,0.9494543991661363,0.9740398842758019,0.4561690018732499,0.9587146984679965,4.751422215253115,,"{""colorspace"": ""CIELAB"", ""channel_weights"": ""1,0,0"", ""darken_only"": true, ""peak_reference"": true, ""ref_mode"": [""first""], ""ref_running_alpha"": 0.05, ""dynamic_target_fraction"": 0.2, ""dynamic_lag_scale"": 1, ""pre_delta_blur"": ""none"", ""blur"": ""gaussian:9"", ""threshold"": ""otsu"", ""threshold_offset"": -30, ""morph_kernel"": 21, ""morph_shape"": ""ellipse"", ""morph_close_iterations"": 1, ""morph_open_iterations"": 1, ""min_area"": 400, ""lock_frames"": 0, ""camera_stable"": false, ""motion_model"": ""affine"", ""motion_per_frame_threshold"": 1.5, ""cumulative_motion_threshold"": 3, ""peak_on_shift"": ""reset"", ""write_mask_pngs"": ""true"", ""write_overlay_pngs"": ""false"", ""write_heatmap_pngs"": ""false"", ""backend"": ""cuda"", ""__top5_kernels__"": [51, 31, 21, 13, 9], ""roi_margin"": 0.0}"
phase7b__input_9__morph_close_iterations=2__morph_kernel=31__morph_open_iterations=2__morph_shape=ellipse,input_9,True,0.9550083789776416,0.976953954238534,0.5195405560005317,0.9715178590438025,6.619296259246767,,"{""colorspace"": ""CIELAB"", ""channel_weights"": ""1,0,0"", ""darken_only"": true, ""peak_reference"": true, ""ref_mode"": [""first""], ""ref_running_alpha"": 0.05, ""dynamic_target_fraction"": 0.2, ""dynamic_lag_scale"": 1, ""pre_delta_blur"": ""none"", ""blur"": ""gaussian:9"", ""threshold"": ""otsu"", ""threshold_offset"": -30, ""morph_kernel"": 31, ""morph_shape"": ""ellipse"", ""morph_close_iterations"": 2, ""morph_open_iterations"": 2, ""min_area"": 400, ""lock_frames"": 0, ""camera_stable"": false, ""motion_model"": ""affine"", ""motion_per_frame_threshold"": 1.5, ""cumulative_motion_threshold"": 3, ""peak_on_shift"": ""reset"", ""write_mask_pngs"": ""true"", ""write_overlay_pngs"": ""false"", ""write_heatmap_pngs"": ""false"", ""backend"": ""cuda"", ""__top5_kernels__"": [51, 31, 21, 13, 9], ""roi_margin"": 0.0}"
phase7b__input_9__morph_close_iterations=1__morph_kernel=21__morph_open_iterations=2__morph_shape=ellipse,input_9,True,0.9494543991661363,0.9740398842758019,0.4561690018732499,0.9587146984679965,5.201968335546553,,"{""colorspace"": ""CIELAB"", ""channel_weights"": ""1,0,0"", ""darken_only"": true, ""peak_reference"": true, ""ref_mode"": [""first""], ""ref_running_alpha"": 0.05, ""dynamic_target_fraction"": 0.2, ""dynamic_lag_scale"": 1, ""pre_delta_blur"": ""none"", ""blur"": ""gaussian:9"", ""threshold"": ""otsu"", ""threshold_offset"": -30, ""morph_kernel"": 21, ""morph_shape"": ""ellipse"", ""morph_close_iterations"": 1, ""morph_open_iterations"": 2, ""min_area"": 400, ""lock_frames"": 0, ""camera_stable"": false, ""motion_model"": ""affine"", ""motion_per_frame_threshold"": 1.5, ""cumulative_motion_threshold"": 3, ""peak_on_shift"": ""reset"", ""write_mask_pngs"": ""true"", ""write_overlay_pngs"": ""false"", ""write_heatmap_pngs"": ""false"", ""backend"": ""cuda"", ""__top5_kernels__"": [51, 31, 21, 13, 9], ""roi_margin"": 0.0}"
phase7b__input_9__morph_close_iterations=2__morph_kernel=21__morph_open_iterations=1__morph_shape=ellipse,input_9,True,0.9494543991661363,0.9740398842758019,0.4561690018732499,0.9587146984679965,5.071073015220463,,"{""colorspace"": ""CIELAB"", ""channel_weights"": ""1,0,0"", ""darken_only"": true, ""peak_reference"": true, ""ref_mode"": [""first""], ""ref_running_alpha"": 0.05, ""dynamic_target_fraction"": 0.2, ""dynamic_lag_scale"": 1, ""pre_delta_blur"": ""none"", ""blur"": ""gaussian:9"", ""threshold"": ""otsu"", ""threshold_offset"": -30, ""morph_kernel"": 21, ""morph_shape"": ""ellipse"", ""morph_close_iterations"": 2, ""morph_open_iterations"": 1, ""min_area"": 400, ""lock_frames"": 0, ""camera_stable"": false, ""motion_model"": ""affine"", ""motion_per_frame_threshold"": 1.5, ""cumulative_motion_threshold"": 3, ""peak_on_shift"": ""reset"", ""write_mask_pngs"": ""true"", ""write_overlay_pngs"": ""false"", ""write_heatmap_pngs"": ""false"", ""backend"": ""cuda"", ""__top5_kernels__"": [51, 31, 21, 13, 9], ""roi_margin"": 0.0}"
phase7b__input_10__morph_close_iterations=1__morph_kernel=31__morph_open_iterations=1__morph_shape=ellipse,input_10,True,0.9567470615234012,0.977886375516259,0.5074008525596757,0.9603867003006563,4.300924672745168,,"{""colorspace"": ""CIELAB"", ""channel_weights"": ""1,0,0"", ""darken_only"": true, ""peak_reference"": true, ""ref_mode"": [""first""], ""ref_running_alpha"": 0.05, ""dynamic_target_fraction"": 0.2, ""dynamic_lag_scale"": 1, ""pre_delta_blur"": ""none"", ""blur"": ""gaussian:9"", ""threshold"": ""otsu"", ""threshold_offset"": -30, ""morph_kernel"": 31, ""morph_shape"": ""ellipse"", ""morph_close_iterations"": 1, ""morph_open_iterations"": 1, ""min_area"": 100, ""lock_frames"": 0, ""camera_stable"": false, ""motion_model"": ""affine"", ""motion_per_frame_threshold"": 1.5, ""cumulative_motion_threshold"": 3, ""peak_on_shift"": ""reset"", ""write_mask_pngs"": ""true"", ""write_overlay_pngs"": ""false"", ""write_heatmap_pngs"": ""false"", ""backend"": ""cuda"", ""__top5_kernels__"": [31, 21, 51, 13, 9], ""roi_margin"": 0.0}"
phase7b__input_9__morph_close_iterations=2__morph_kernel=21__morph_open_iterations=2__morph_shape=ellipse,input_9,True,0.9494543991661363,0.9740398842758019,0.4561690018732499,0.9587146984679965,5.5425714664161205,,"{""colorspace"": ""CIELAB"", ""channel_weights"": ""1,0,0"", ""darken_only"": true, ""peak_reference"": true, ""ref_mode"": [""first""], ""ref_running_alpha"": 0.05, ""dynamic_target_fraction"": 0.2, ""dynamic_lag_scale"": 1, ""pre_delta_blur"": ""none"", ""blur"": ""gaussian:9"", ""threshold"": ""otsu"", ""threshold_offset"": -30, ""morph_kernel"": 21, ""morph_shape"": ""ellipse"", ""morph_close_iterations"": 2, ""morph_open_iterations"": 2, ""min_area"": 400, ""lock_frames"": 0, ""camera_stable"": false, ""motion_model"": ""affine"", ""motion_per_frame_threshold"": 1.5, ""cumulative_motion_threshold"": 3, ""peak_on_shift"": ""reset"", ""write_mask_pngs"": ""true"", ""write_overlay_pngs"": ""false"", ""write_heatmap_pngs"": ""false"", ""backend"": ""cuda"", ""__top5_kernels__"": [51, 31, 21, 13, 9], ""roi_margin"": 0.0}"
phase7b__input_10__morph_close_iterations=1__morph_kernel=31__morph_open_iterations=2__morph_shape=ellipse,input_10,True,0.9567470615234012,0.977886375516259,0.5074008525596757,0.9603867003006563,4.808597909286618,,"{""colorspace"": ""CIELAB"", ""channel_weights"": ""1,0,0"", ""darken_only"": true, ""peak_reference"": true, ""ref_mode"": [""first""], ""ref_running_alpha"": 0.05, ""dynamic_target_fraction"": 0.2, ""dynamic_lag_scale"": 1, ""pre_delta_blur"": ""none"", ""blur"": ""gaussian:9"", ""threshold"": ""otsu"", ""threshold_offset"": -30, ""morph_kernel"": 31, ""morph_shape"": ""ellipse"", ""morph_close_iterations"": 1, ""morph_open_iterations"": 2, ""min_area"": 100, ""lock_frames"": 0, ""camera_stable"": false, ""motion_model"": ""affine"", ""motion_per_frame_threshold"": 1.5, ""cumulative_motion_threshold"": 3, ""peak_on_shift"": ""reset"", ""write_mask_pngs"": ""true"", ""write_overlay_pngs"": ""false"", ""write_heatmap_pngs"": ""false"", ""backend"": ""cuda"", ""__top5_kernels__"": [31, 21, 51, 13, 9], ""roi_margin"": 0.0}"
phase7b__input_10__morph_close_iterations=2__morph_kernel=31__morph_open_iterations=1__morph_shape=ellipse,input_10,True,0.9567470615234012,0.977886375516259,0.5074008525596757,0.9603867003006563,4.670941919088364,,"{""colorspace"": ""CIELAB"", ""channel_weights"": ""1,0,0"", ""darken_only"": true, ""peak_reference"": true, ""ref_mode"": [""first""], ""ref_running_alpha"": 0.05, ""dynamic_target_fraction"": 0.2, ""dynamic_lag_scale"": 1, ""pre_delta_blur"": ""none"", ""blur"": ""gaussian:9"", ""threshold"": ""otsu"", ""threshold_offset"": -30, ""morph_kernel"": 31, ""morph_shape"": ""ellipse"", ""morph_close_iterations"": 2, ""morph_open_iterations"": 1, ""min_area"": 100, ""lock_frames"": 0, ""camera_stable"": false, ""motion_model"": ""affine"", ""motion_per_frame_threshold"": 1.5, ""cumulative_motion_threshold"": 3, ""peak_on_shift"": ""reset"", ""write_mask_pngs"": ""true"", ""write_overlay_pngs"": ""false"", ""write_heatmap_pngs"": ""false"", ""backend"": ""cuda"", ""__top5_kernels__"": [31, 21, 51, 13, 9], ""roi_margin"": 0.0}"
phase7b__input_10__morph_close_iterations=1__morph_kernel=21__morph_open_iterations=1__morph_shape=ellipse,input_10,True,0.9523592418034099,0.9755894627301649,0.4628193565695842,0.9536766229365208,3.948313985951245,,"{""colorspace"": ""CIELAB"", ""channel_weights"": ""1,0,0"", ""darken_only"": true, ""peak_reference"": true, ""ref_mode"": [""first""], ""ref_running_alpha"": 0.05, ""dynamic_target_fraction"": 0.2, ""dynamic_lag_scale"": 1, ""pre_delta_blur"": ""none"", ""blur"": ""gaussian:9"", ""threshold"": ""otsu"", ""threshold_offset"": -30, ""morph_kernel"": 21, ""morph_shape"": ""ellipse"", ""morph_close_iterations"": 1, ""morph_open_iterations"": 1, ""min_area"": 100, ""lock_frames"": 0, ""camera_stable"": false, ""motion_model"": ""affine"", ""motion_per_frame_threshold"": 1.5, ""cumulative_motion_threshold"": 3, ""peak_on_shift"": ""reset"", ""write_mask_pngs"": ""true"", ""write_overlay_pngs"": ""false"", ""write_heatmap_pngs"": ""false"", ""backend"": ""cuda"", ""__top5_kernels__"": [31, 21, 51, 13, 9], ""roi_margin"": 0.0}"
phase7b__input_10__morph_close_iterations=2__morph_kernel=31__morph_open_iterations=2__morph_shape=ellipse,input_10,True,0.9567470615234012,0.977886375516259,0.5074008525596757,0.9603867003006563,5.265330255031586,,"{""colorspace"": ""CIELAB"", ""channel_weights"": ""1,0,0"", ""darken_only"": true, ""peak_reference"": true, ""ref_mode"": [""first""], ""ref_running_alpha"": 0.05, ""dynamic_target_fraction"": 0.2, ""dynamic_lag_scale"": 1, ""pre_delta_blur"": ""none"", ""blur"": ""gaussian:9"", ""threshold"": ""otsu"", ""threshold_offset"": -30, ""morph_kernel"": 31, ""morph_shape"": ""ellipse"", ""morph_close_iterations"": 2, ""morph_open_iterations"": 2, ""min_area"": 100, ""lock_frames"": 0, ""camera_stable"": false, ""motion_model"": ""affine"", ""motion_per_frame_threshold"": 1.5, ""cumulative_motion_threshold"": 3, ""peak_on_shift"": ""reset"", ""write_mask_pngs"": ""true"", ""write_overlay_pngs"": ""false"", ""write_heatmap_pngs"": ""false"", ""backend"": ""cuda"", ""__top5_kernels__"": [31, 21, 51, 13, 9], ""roi_margin"": 0.0}"
phase7b__input_10__morph_close_iterations=1__morph_kernel=21__morph_open_iterations=2__morph_shape=ellipse,input_10,True,0.9523592418034099,0.9755894627301649,0.4628193565695842,0.9536766229365208,4.204476426355541,,"{""colorspace"": ""CIELAB"", ""channel_weights"": ""1,0,0"", ""darken_only"": true, ""peak_reference"": true, ""ref_mode"": [""first""], ""ref_running_alpha"": 0.05, ""dynamic_target_fraction"": 0.2, ""dynamic_lag_scale"": 1, ""pre_delta_blur"": ""none"", ""blur"": ""gaussian:9"", ""threshold"": ""otsu"", ""threshold_offset"": -30, ""morph_kernel"": 21, ""morph_shape"": ""ellipse"", ""morph_close_iterations"": 1, ""morph_open_iterations"": 2, ""min_area"": 100, ""lock_frames"": 0, ""camera_stable"": false, ""motion_model"": ""affine"", ""motion_per_frame_threshold"": 1.5, ""cumulative_motion_threshold"": 3, ""peak_on_shift"": ""reset"", ""write_mask_pngs"": ""true"", ""write_overlay_pngs"": ""false"", ""write_heatmap_pngs"": ""false"", ""backend"": ""cuda"", ""__top5_kernels__"": [31, 21, 51, 13, 9], ""roi_margin"": 0.0}"
phase7b__input_10__morph_close_iterations=2__morph_kernel=21__morph_open_iterations=1__morph_shape=ellipse,input_10,True,0.9523592418034099,0.9755894627301649,0.4628193565695842,0.9536766229365208,4.125198658555746,,"{""colorspace"": ""CIELAB"", ""channel_weights"": ""1,0,0"", ""darken_only"": true, ""peak_reference"": true, ""ref_mode"": [""first""], ""ref_running_alpha"": 0.05, ""dynamic_target_fraction"": 0.2, ""dynamic_lag_scale"": 1, ""pre_delta_blur"": ""none"", ""blur"": ""gaussian:9"", ""threshold"": ""otsu"", ""threshold_offset"": -30, ""morph_kernel"": 21, ""morph_shape"": ""ellipse"", ""morph_close_iterations"": 2, ""morph_open_iterations"": 1, ""min_area"": 100, ""lock_frames"": 0, ""camera_stable"": false, ""motion_model"": ""affine"", ""motion_per_frame_threshold"": 1.5, ""cumulative_motion_threshold"": 3, ""peak_on_shift"": ""reset"", ""write_mask_pngs"": ""true"", ""write_overlay_pngs"": ""false"", ""write_heatmap_pngs"": ""false"", ""backend"": ""cuda"", ""__top5_kernels__"": [31, 21, 51, 13, 9], ""roi_margin"": 0.0}"
phase7b__input_10__morph_close_iterations=2__morph_kernel=21__morph_open_iterations=2__morph_shape=ellipse,input_10,True,0.9523592418034099,0.9755894627301649,0.4628193565695842,0.9536766229365208,4.426756870932877,,"{""colorspace"": ""CIELAB"", ""channel_weights"": ""1,0,0"", ""darken_only"": true, ""peak_reference"": true, ""ref_mode"": [""first""], ""ref_running_alpha"": 0.05, ""dynamic_target_fraction"": 0.2, ""dynamic_lag_scale"": 1, ""pre_delta_blur"": ""none"", ""blur"": ""gaussian:9"", ""threshold"": ""otsu"", ""threshold_offset"": -30, ""morph_kernel"": 21, ""morph_shape"": ""ellipse"", ""morph_close_iterations"": 2, ""morph_open_iterations"": 2, ""min_area"": 100, ""lock_frames"": 0, ""camera_stable"": false, ""motion_model"": ""affine"", ""motion_per_frame_threshold"": 1.5, ""cumulative_motion_threshold"": 3, ""peak_on_shift"": ""reset"", ""write_mask_pngs"": ""true"", ""write_overlay_pngs"": ""false"", ""write_heatmap_pngs"": ""false"", ""backend"": ""cuda"", ""__top5_kernels__"": [31, 21, 51, 13, 9], ""roi_margin"": 0.0}"
phase7b__input_10__morph_close_iterations=1__morph_kernel=51__morph_open_iterations=1__morph_shape=ellipse,input_10,True,0.9517598066530327,0.9752704548229474,0.48041072546602753,0.9066365128771026,5.413821748457849,,"{""colorspace"": ""CIELAB"", ""channel_weights"": ""1,0,0"", ""darken_only"": true, ""peak_reference"": true, ""ref_mode"": [""first""], ""ref_running_alpha"": 0.05, ""dynamic_target_fraction"": 0.2, ""dynamic_lag_scale"": 1, ""pre_delta_blur"": ""none"", ""blur"": ""gaussian:9"", ""threshold"": ""otsu"", ""threshold_offset"": -30, ""morph_kernel"": 51, ""morph_shape"": ""ellipse"", ""morph_close_iterations"": 1, ""morph_open_iterations"": 1, ""min_area"": 100, ""lock_frames"": 0, ""camera_stable"": false, ""motion_model"": ""affine"", ""motion_per_frame_threshold"": 1.5, ""cumulative_motion_threshold"": 3, ""peak_on_shift"": ""reset"", ""write_mask_pngs"": ""true"", ""write_overlay_pngs"": ""false"", ""write_heatmap_pngs"": ""false"", ""backend"": ""cuda"", ""__top5_kernels__"": [31, 21, 51, 13, 9], ""roi_margin"": 0.0}"
phase7b__input_10__morph_close_iterations=1__morph_kernel=51__morph_open_iterations=2__morph_shape=ellipse,input_10,True,0.9517598066530327,0.9752704548229474,0.48041072546602753,0.9066365128771026,6.592027012258768,,"{""colorspace"": ""CIELAB"", ""channel_weights"": ""1,0,0"", ""darken_only"": true, ""peak_reference"": true, ""ref_mode"": [""first""], ""ref_running_alpha"": 0.05, ""dynamic_target_fraction"": 0.2, ""dynamic_lag_scale"": 1, ""pre_delta_blur"": ""none"", ""blur"": ""gaussian:9"", ""threshold"": ""otsu"", ""threshold_offset"": -30, ""morph_kernel"": 51, ""morph_shape"": ""ellipse"", ""morph_close_iterations"": 1, ""morph_open_iterations"": 2, ""min_area"": 100, ""lock_frames"": 0, ""camera_stable"": false, ""motion_model"": ""affine"", ""motion_per_frame_threshold"": 1.5, ""cumulative_motion_threshold"": 3, ""peak_on_shift"": ""reset"", ""write_mask_pngs"": ""true"", ""write_overlay_pngs"": ""false"", ""write_heatmap_pngs"": ""false"", ""backend"": ""cuda"", ""__top5_kernels__"": [31, 21, 51, 13, 9], ""roi_margin"": 0.0}"
phase7b__input_10__morph_close_iterations=2__morph_kernel=51__morph_open_iterations=1__morph_shape=ellipse,input_10,True,0.9517598066530327,0.9752704548229474,0.48041072546602753,0.9066365128771026,6.411988436244428,,"{""colorspace"": ""CIELAB"", ""channel_weights"": ""1,0,0"", ""darken_only"": true, ""peak_reference"": true, ""ref_mode"": [""first""], ""ref_running_alpha"": 0.05, ""dynamic_target_fraction"": 0.2, ""dynamic_lag_scale"": 1, ""pre_delta_blur"": ""none"", ""blur"": ""gaussian:9"", ""threshold"": ""otsu"", ""threshold_offset"": -30, ""morph_kernel"": 51, ""morph_shape"": ""ellipse"", ""morph_close_iterations"": 2, ""morph_open_iterations"": 1, ""min_area"": 100, ""lock_frames"": 0, ""camera_stable"": false, ""motion_model"": ""affine"", ""motion_per_frame_threshold"": 1.5, ""cumulative_motion_threshold"": 3, ""peak_on_shift"": ""reset"", ""write_mask_pngs"": ""true"", ""write_overlay_pngs"": ""false"", ""write_heatmap_pngs"": ""false"", ""backend"": ""cuda"", ""__top5_kernels__"": [31, 21, 51, 13, 9], ""roi_margin"": 0.0}"
phase7b__input_11__morph_close_iterations=1__morph_kernel=31__morph_open_iterations=1__morph_shape=ellipse,input_11,True,0.9171333531756689,0.9561769187561296,0.4148555856776345,0.9544834735585092,5.4317874275147915,,"{""colorspace"": ""CIELAB"", ""channel_weights"": ""1,0,0"", ""darken_only"": true, ""peak_reference"": true, ""ref_mode"": [""first""], ""ref_running_alpha"": 0.05, ""dynamic_target_fraction"": 0.2, ""dynamic_lag_scale"": 1, ""pre_delta_blur"": ""none"", ""blur"": ""gaussian:9"", ""threshold"": ""otsu"", ""threshold_offset"": -30, ""morph_kernel"": 31, ""morph_shape"": ""ellipse"", ""morph_close_iterations"": 1, ""morph_open_iterations"": 1, ""min_area"": 1600, ""lock_frames"": 0, ""camera_stable"": false, ""motion_model"": ""affine"", ""motion_per_frame_threshold"": 1.5, ""cumulative_motion_threshold"": 3, ""peak_on_shift"": ""reset"", ""write_mask_pngs"": ""true"", ""write_overlay_pngs"": ""false"", ""write_heatmap_pngs"": ""false"", ""backend"": ""cuda"", ""__top5_kernels__"": [31, 51, 21, 13, 9], ""roi_margin"": 0.0}"
phase7b__input_10__morph_close_iterations=2__morph_kernel=51__morph_open_iterations=2__morph_shape=ellipse,input_10,True,0.9517598066530327,0.9752704548229474,0.48041072546602753,0.9066365128771026,7.699038117192686,,"{""colorspace"": ""CIELAB"", ""channel_weights"": ""1,0,0"", ""darken_only"": true, ""peak_reference"": true, ""ref_mode"": [""first""], ""ref_running_alpha"": 0.05, ""dynamic_target_fraction"": 0.2, ""dynamic_lag_scale"": 1, ""pre_delta_blur"": ""none"", ""blur"": ""gaussian:9"", ""threshold"": ""otsu"", ""threshold_offset"": -30, ""morph_kernel"": 51, ""morph_shape"": ""ellipse"", ""morph_close_iterations"": 2, ""morph_open_iterations"": 2, ""min_area"": 100, ""lock_frames"": 0, ""camera_stable"": false, ""motion_model"": ""affine"", ""motion_per_frame_threshold"": 1.5, ""cumulative_motion_threshold"": 3, ""peak_on_shift"": ""reset"", ""write_mask_pngs"": ""true"", ""write_overlay_pngs"": ""false"", ""write_heatmap_pngs"": ""false"", ""backend"": ""cuda"", ""__top5_kernels__"": [31, 21, 51, 13, 9], ""roi_margin"": 0.0}"
phase7b__input_11__morph_close_iterations=2__morph_kernel=31__morph_open_iterations=1__morph_shape=ellipse,input_11,True,0.9171333531756689,0.9561769187561296,0.4148555856776345,0.9544834735585092,6.027585424482822,,"{""colorspace"": ""CIELAB"", ""channel_weights"": ""1,0,0"", ""darken_only"": true, ""peak_reference"": true, ""ref_mode"": [""first""], ""ref_running_alpha"": 0.05, ""dynamic_target_fraction"": 0.2, ""dynamic_lag_scale"": 1, ""pre_delta_blur"": ""none"", ""blur"": ""gaussian:9"", ""threshold"": ""otsu"", ""threshold_offset"": -30, ""morph_kernel"": 31, ""morph_shape"": ""ellipse"", ""morph_close_iterations"": 2, ""morph_open_iterations"": 1, ""min_area"": 1600, ""lock_frames"": 0, ""camera_stable"": false, ""motion_model"": ""affine"", ""motion_per_frame_threshold"": 1.5, ""cumulative_motion_threshold"": 3, ""peak_on_shift"": ""reset"", ""write_mask_pngs"": ""true"", ""write_overlay_pngs"": ""false"", ""write_heatmap_pngs"": ""false"", ""backend"": ""cuda"", ""__top5_kernels__"": [31, 51, 21, 13, 9], ""roi_margin"": 0.0}"
phase7b__input_11__morph_close_iterations=1__morph_kernel=31__morph_open_iterations=2__morph_shape=ellipse,input_11,True,0.9171333531756689,0.9561769187561296,0.4148555856776345,0.9544834735585092,6.106240623630583,,"{""colorspace"": ""CIELAB"", ""channel_weights"": ""1,0,0"", ""darken_only"": true, ""peak_reference"": true, ""ref_mode"": [""first""], ""ref_running_alpha"": 0.05, ""dynamic_target_fraction"": 0.2, ""dynamic_lag_scale"": 1, ""pre_delta_blur"": ""none"", ""blur"": ""gaussian:9"", ""threshold"": ""otsu"", ""threshold_offset"": -30, ""morph_kernel"": 31, ""morph_shape"": ""ellipse"", ""morph_close_iterations"": 1, ""morph_open_iterations"": 2, ""min_area"": 1600, ""lock_frames"": 0, ""camera_stable"": false, ""motion_model"": ""affine"", ""motion_per_frame_threshold"": 1.5, ""cumulative_motion_threshold"": 3, ""peak_on_shift"": ""reset"", ""write_mask_pngs"": ""true"", ""write_overlay_pngs"": ""false"", ""write_heatmap_pngs"": ""false"", ""backend"": ""cuda"", ""__top5_kernels__"": [31, 51, 21, 13, 9], ""roi_margin"": 0.0}"
phase7b__input_11__morph_close_iterations=2__morph_kernel=31__morph_open_iterations=2__morph_shape=ellipse,input_11,True,0.9171333531756689,0.9561769187561296,0.4148555856776345,0.9544834735585092,6.701044733636081,,"{""colorspace"": ""CIELAB"", ""channel_weights"": ""1,0,0"", ""darken_only"": true, ""peak_reference"": true, ""ref_mode"": [""first""], ""ref_running_alpha"": 0.05, ""dynamic_target_fraction"": 0.2, ""dynamic_lag_scale"": 1, ""pre_delta_blur"": ""none"", ""blur"": ""gaussian:9"", ""threshold"": ""otsu"", ""threshold_offset"": -30, ""morph_kernel"": 31, ""morph_shape"": ""ellipse"", ""morph_close_iterations"": 2, ""morph_open_iterations"": 2, ""min_area"": 1600, ""lock_frames"": 0, ""camera_stable"": false, ""motion_model"": ""affine"", ""motion_per_frame_threshold"": 1.5, ""cumulative_motion_threshold"": 3, ""peak_on_shift"": ""reset"", ""write_mask_pngs"": ""true"", ""write_overlay_pngs"": ""false"", ""write_heatmap_pngs"": ""false"", ""backend"": ""cuda"", ""__top5_kernels__"": [31, 51, 21, 13, 9], ""roi_margin"": 0.0}"
phase7b__input_11__morph_close_iterations=1__morph_kernel=51__morph_open_iterations=1__morph_shape=ellipse,input_11,True,0.9152772862475018,0.9552107016828991,0.4115369353260929,0.9416460099797254,6.976851245388389,,"{""colorspace"": ""CIELAB"", ""channel_weights"": ""1,0,0"", ""darken_only"": true, ""peak_reference"": true, ""ref_mode"": [""first""], ""ref_running_alpha"": 0.05, ""dynamic_target_fraction"": 0.2, ""dynamic_lag_scale"": 1, ""pre_delta_blur"": ""none"", ""blur"": ""gaussian:9"", ""threshold"": ""otsu"", ""threshold_offset"": -30, ""morph_kernel"": 51, ""morph_shape"": ""ellipse"", ""morph_close_iterations"": 1, ""morph_open_iterations"": 1, ""min_area"": 1600, ""lock_frames"": 0, ""camera_stable"": false, ""motion_model"": ""affine"", ""motion_per_frame_threshold"": 1.5, ""cumulative_motion_threshold"": 3, ""peak_on_shift"": ""reset"", ""write_mask_pngs"": ""true"", ""write_overlay_pngs"": ""false"", ""write_heatmap_pngs"": ""false"", ""backend"": ""cuda"", ""__top5_kernels__"": [31, 51, 21, 13, 9], ""roi_margin"": 0.0}"
phase7b__input_11__morph_close_iterations=1__morph_kernel=51__morph_open_iterations=2__morph_shape=ellipse,input_11,True,0.9152772862475018,0.9552107016828991,0.4115369353260929,0.9416460099797254,8.42091890797019,,"{""colorspace"": ""CIELAB"", ""channel_weights"": ""1,0,0"", ""darken_only"": true, ""peak_reference"": true, ""ref_mode"": [""first""], ""ref_running_alpha"": 0.05, ""dynamic_target_fraction"": 0.2, ""dynamic_lag_scale"": 1, ""pre_delta_blur"": ""none"", ""blur"": ""gaussian:9"", ""threshold"": ""otsu"", ""threshold_offset"": -30, ""morph_kernel"": 51, ""morph_shape"": ""ellipse"", ""morph_close_iterations"": 1, ""morph_open_iterations"": 2, ""min_area"": 1600, ""lock_frames"": 0, ""camera_stable"": false, ""motion_model"": ""affine"", ""motion_per_frame_threshold"": 1.5, ""cumulative_motion_threshold"": 3, ""peak_on_shift"": ""reset"", ""write_mask_pngs"": ""true"", ""write_overlay_pngs"": ""false"", ""write_heatmap_pngs"": ""false"", ""backend"": ""cuda"", ""__top5_kernels__"": [31, 51, 21, 13, 9], ""roi_margin"": 0.0}"
phase7b__input_11__morph_close_iterations=2__morph_kernel=51__morph_open_iterations=1__morph_shape=ellipse,input_11,True,0.9152772862475018,0.9552107016828991,0.4115369353260929,0.9416460099797254,8.498740171082318,,"{""colorspace"": ""CIELAB"", ""channel_weights"": ""1,0,0"", ""darken_only"": true, ""peak_reference"": true, ""ref_mode"": [""first""], ""ref_running_alpha"": 0.05, ""dynamic_target_fraction"": 0.2, ""dynamic_lag_scale"": 1, ""pre_delta_blur"": ""none"", ""blur"": ""gaussian:9"", ""threshold"": ""otsu"", ""threshold_offset"": -30, ""morph_kernel"": 51, ""morph_shape"": ""ellipse"", ""morph_close_iterations"": 2, ""morph_open_iterations"": 1, ""min_area"": 1600, ""lock_frames"": 0, ""camera_stable"": false, ""motion_model"": ""affine"", ""motion_per_frame_threshold"": 1.5, ""cumulative_motion_threshold"": 3, ""peak_on_shift"": ""reset"", ""write_mask_pngs"": ""true"", ""write_overlay_pngs"": ""false"", ""write_heatmap_pngs"": ""false"", ""backend"": ""cuda"", ""__top5_kernels__"": [31, 51, 21, 13, 9], ""roi_margin"": 0.0}"
phase7b__input_11__morph_close_iterations=1__morph_kernel=21__morph_open_iterations=1__morph_shape=ellipse,input_11,True,0.9136335921597848,0.9541727701293073,0.3723213626315504,0.9598169852701484,4.826867911964655,,"{""colorspace"": ""CIELAB"", ""channel_weights"": ""1,0,0"", ""darken_only"": true, ""peak_reference"": true, ""ref_mode"": [""first""], ""ref_running_alpha"": 0.05, ""dynamic_target_fraction"": 0.2, ""dynamic_lag_scale"": 1, ""pre_delta_blur"": ""none"", ""blur"": ""gaussian:9"", ""threshold"": ""otsu"", ""threshold_offset"": -30, ""morph_kernel"": 21, ""morph_shape"": ""ellipse"", ""morph_close_iterations"": 1, ""morph_open_iterations"": 1, ""min_area"": 1600, ""lock_frames"": 0, ""camera_stable"": false, ""motion_model"": ""affine"", ""motion_per_frame_threshold"": 1.5, ""cumulative_motion_threshold"": 3, ""peak_on_shift"": ""reset"", ""write_mask_pngs"": ""true"", ""write_overlay_pngs"": ""false"", ""write_heatmap_pngs"": ""false"", ""backend"": ""cuda"", ""__top5_kernels__"": [31, 51, 21, 13, 9], ""roi_margin"": 0.0}"
phase7b__input_11__morph_close_iterations=2__morph_kernel=51__morph_open_iterations=2__morph_shape=ellipse,input_11,True,0.9152772862475018,0.9552107016828991,0.4115369353260929,0.9416460099797254,10.062311243265867,,"{""colorspace"": ""CIELAB"", ""channel_weights"": ""1,0,0"", ""darken_only"": true, ""peak_reference"": true, ""ref_mode"": [""first""], ""ref_running_alpha"": 0.05, ""dynamic_target_fraction"": 0.2, ""dynamic_lag_scale"": 1, ""pre_delta_blur"": ""none"", ""blur"": ""gaussian:9"", ""threshold"": ""otsu"", ""threshold_offset"": -30, ""morph_kernel"": 51, ""morph_shape"": ""ellipse"", ""morph_close_iterations"": 2, ""morph_open_iterations"": 2, ""min_area"": 1600, ""lock_frames"": 0, ""camera_stable"": false, ""motion_model"": ""affine"", ""motion_per_frame_threshold"": 1.5, ""cumulative_motion_threshold"": 3, ""peak_on_shift"": ""reset"", ""write_mask_pngs"": ""true"", ""write_overlay_pngs"": ""false"", ""write_heatmap_pngs"": ""false"", ""backend"": ""cuda"", ""__top5_kernels__"": [31, 51, 21, 13, 9], ""roi_margin"": 0.0}"
phase7b__input_11__morph_close_iterations=1__morph_kernel=21__morph_open_iterations=2__morph_shape=ellipse,input_11,True,0.9136335921597848,0.9541727701293073,0.3723213626315504,0.9598169852701484,4.937720168381929,,"{""colorspace"": ""CIELAB"", ""channel_weights"": ""1,0,0"", ""darken_only"": true, ""peak_reference"": true, ""ref_mode"": [""first""], ""ref_running_alpha"": 0.05, ""dynamic_target_fraction"": 0.2, ""dynamic_lag_scale"": 1, ""pre_delta_blur"": ""none"", ""blur"": ""gaussian:9"", ""threshold"": ""otsu"", ""threshold_offset"": -30, ""morph_kernel"": 21, ""morph_shape"": ""ellipse"", ""morph_close_iterations"": 1, ""morph_open_iterations"": 2, ""min_area"": 1600, ""lock_frames"": 0, ""camera_stable"": false, ""motion_model"": ""affine"", ""motion_per_frame_threshold"": 1.5, ""cumulative_motion_threshold"": 3, ""peak_on_shift"": ""reset"", ""write_mask_pngs"": ""true"", ""write_overlay_pngs"": ""false"", ""write_heatmap_pngs"": ""false"", ""backend"": ""cuda"", ""__top5_kernels__"": [31, 51, 21, 13, 9], ""roi_margin"": 0.0}"
phase7b__input_11__morph_close_iterations=2__morph_kernel=21__morph_open_iterations=1__morph_shape=ellipse,input_11,True,0.9136335921597848,0.9541727701293073,0.3723213626315504,0.9598169852701484,4.9021557699888945,,"{""colorspace"": ""CIELAB"", ""channel_weights"": ""1,0,0"", ""darken_only"": true, ""peak_reference"": true, ""ref_mode"": [""first""], ""ref_running_alpha"": 0.05, ""dynamic_target_fraction"": 0.2, ""dynamic_lag_scale"": 1, ""pre_delta_blur"": ""none"", ""blur"": ""gaussian:9"", ""threshold"": ""otsu"", ""threshold_offset"": -30, ""morph_kernel"": 21, ""morph_shape"": ""ellipse"", ""morph_close_iterations"": 2, ""morph_open_iterations"": 1, ""min_area"": 1600, ""lock_frames"": 0, ""camera_stable"": false, ""motion_model"": ""affine"", ""motion_per_frame_threshold"": 1.5, ""cumulative_motion_threshold"": 3, ""peak_on_shift"": ""reset"", ""write_mask_pngs"": ""true"", ""write_overlay_pngs"": ""false"", ""write_heatmap_pngs"": ""false"", ""backend"": ""cuda"", ""__top5_kernels__"": [31, 51, 21, 13, 9], ""roi_margin"": 0.0}"
phase7b__input_11__morph_close_iterations=2__morph_kernel=21__morph_open_iterations=2__morph_shape=ellipse,input_11,True,0.9136335921597848,0.9541727701293073,0.3723213626315504,0.9598169852701484,4.777656043879688,,"{""colorspace"": ""CIELAB"", ""channel_weights"": ""1,0,0"", ""darken_only"": true, ""peak_reference"": true, ""ref_mode"": [""first""], ""ref_running_alpha"": 0.05, ""dynamic_target_fraction"": 0.2, ""dynamic_lag_scale"": 1, ""pre_delta_blur"": ""none"", ""blur"": ""gaussian:9"", ""threshold"": ""otsu"", ""threshold_offset"": -30, ""morph_kernel"": 21, ""morph_shape"": ""ellipse"", ""morph_close_iterations"": 2, ""morph_open_iterations"": 2, ""min_area"": 1600, ""lock_frames"": 0, ""camera_stable"": false, ""motion_model"": ""affine"", ""motion_per_frame_threshold"": 1.5, ""cumulative_motion_threshold"": 3, ""peak_on_shift"": ""reset"", ""write_mask_pngs"": ""true"", ""write_overlay_pngs"": ""false"", ""write_heatmap_pngs"": ""false"", ""backend"": ""cuda"", ""__top5_kernels__"": [31, 51, 21, 13, 9], ""roi_margin"": 0.0}"
