trial_id,sample,ok,iou_mean,dice_mean,boundary_f1_mean,box_iou_mean,runtime_s,error,flags_json
phase2__input_1__channel_weights=0_1_1__colorspace=CIELAB__darken_only=1,input_1,True,0.0,0.0,0.0,0.0,5.681982423178852,,"{""colorspace"": ""CIELAB"", ""channel_weights"": ""0,1,1"", ""darken_only"": true, ""peak_reference"": true, ""ref_mode"": [""first""], ""ref_running_alpha"": 0.05, ""dynamic_target_fraction"": 0.2, ""dynamic_lag_scale"": 1, ""pre_delta_blur"": ""none"", ""blur"": ""gaussian:9"", ""threshold"": ""otsu"", ""threshold_offset"": -10, ""morph_kernel"": 21, ""morph_shape"": ""ellipse"", ""morph_close_iterations"": 1, ""morph_open_iterations"": 1, ""min_area"": 1600, ""lock_frames"": 0, ""camera_stable"": false, ""motion_model"": ""affine"", ""motion_per_frame_threshold"": 1.5, ""cumulative_motion_threshold"": 3, ""peak_on_shift"": ""reset"", ""write_mask_pngs"": ""true"", ""write_overlay_pngs"": ""false"", ""write_heatmap_pngs"": ""false"", ""backend"": ""cuda"", ""roi_mask"": ""/home/j-vaught/bench_vrifa/data/roi_masks/input_1.png""}"
phase2__input_1__channel_weights=1_0_0__colorspace=CIELAB__darken_only=1,input_1,True,0.9362545348159852,0.9656145700182842,0.643258712215355,0.9108172996246584,7.563439413905144,,"{""colorspace"": ""CIELAB"", ""channel_weights"": ""1,0,0"", ""darken_only"": true, ""peak_reference"": true, ""ref_mode"": [""first""], ""ref_running_alpha"": 0.05, ""dynamic_target_fraction"": 0.2, ""dynamic_lag_scale"": 1, ""pre_delta_blur"": ""none"", ""blur"": ""gaussian:9"", ""threshold"": ""otsu"", ""threshold_offset"": -10, ""morph_kernel"": 21, ""morph_shape"": ""ellipse"", ""morph_close_iterations"": 1, ""morph_open_iterations"": 1, ""min_area"": 1600, ""lock_frames"": 0, ""camera_stable"": false, ""motion_model"": ""affine"", ""motion_per_frame_threshold"": 1.5, ""cumulative_motion_threshold"": 3, ""peak_on_shift"": ""reset"", ""write_mask_pngs"": ""true"", ""write_overlay_pngs"": ""false"", ""write_heatmap_pngs"": ""false"", ""backend"": ""cuda"", ""roi_mask"": ""/home/j-vaught/bench_vrifa/data/roi_masks/input_1.png""}"
phase2__input_1__channel_weights=1_1_1__colorspace=CIELAB__darken_only=1,input_1,True,0.9362545348159852,0.9656145700182842,0.643258712215355,0.9108172996246584,7.605772792361677,,"{""colorspace"": ""CIELAB"", ""channel_weights"": ""1,1,1"", ""darken_only"": true, ""peak_reference"": true, ""ref_mode"": [""first""], ""ref_running_alpha"": 0.05, ""dynamic_target_fraction"": 0.2, ""dynamic_lag_scale"": 1, ""pre_delta_blur"": ""none"", ""blur"": ""gaussian:9"", ""threshold"": ""otsu"", ""threshold_offset"": -10, ""morph_kernel"": 21, ""morph_shape"": ""ellipse"", ""morph_close_iterations"": 1, ""morph_open_iterations"": 1, ""min_area"": 1600, ""lock_frames"": 0, ""camera_stable"": false, ""motion_model"": ""affine"", ""motion_per_frame_threshold"": 1.5, ""cumulative_motion_threshold"": 3, ""peak_on_shift"": ""reset"", ""write_mask_pngs"": ""true"", ""write_overlay_pngs"": ""false"", ""write_heatmap_pngs"": ""false"", ""backend"": ""cuda"", ""roi_mask"": ""/home/j-vaught/bench_vrifa/data/roi_masks/input_1.png""}"
phase2__input_1__channel_weights=1_0.5_0.5__colorspace=CIELAB__darken_only=1,input_1,True,0.9362545348159852,0.9656145700182842,0.643258712215355,0.9108172996246584,7.636559712700546,,"{""colorspace"": ""CIELAB"", ""channel_weights"": ""1,0.5,0.5"", ""darken_only"": true, ""peak_reference"": true, ""ref_mode"": [""first""], ""ref_running_alpha"": 0.05, ""dynamic_target_fraction"": 0.2, ""dynamic_lag_scale"": 1, ""pre_delta_blur"": ""none"", ""blur"": ""gaussian:9"", ""threshold"": ""otsu"", ""threshold_offset"": -10, ""morph_kernel"": 21, ""morph_shape"": ""ellipse"", ""morph_close_iterations"": 1, ""morph_open_iterations"": 1, ""min_area"": 1600, ""lock_frames"": 0, ""camera_stable"": false, ""motion_model"": ""affine"", ""motion_per_frame_threshold"": 1.5, ""cumulative_motion_threshold"": 3, ""peak_on_shift"": ""reset"", ""write_mask_pngs"": ""true"", ""write_overlay_pngs"": ""false"", ""write_heatmap_pngs"": ""false"", ""backend"": ""cuda"", ""roi_mask"": ""/home/j-vaught/bench_vrifa/data/roi_masks/input_1.png""}"
phase2__input_1__channel_weights=1_1_1__colorspace=RGB__darken_only=1,input_1,True,0.924276387598719,0.9582264534828759,0.659800632716793,0.901465781418427,72.40904664807022,,"{""colorspace"": ""RGB"", ""channel_weights"": ""1,1,1"", ""darken_only"": true, ""peak_reference"": true, ""ref_mode"": [""first""], ""ref_running_alpha"": 0.05, ""dynamic_target_fraction"": 0.2, ""dynamic_lag_scale"": 1, ""pre_delta_blur"": ""none"", ""blur"": ""gaussian:9"", ""threshold"": ""otsu"", ""threshold_offset"": -10, ""morph_kernel"": 21, ""morph_shape"": ""ellipse"", ""morph_close_iterations"": 1, ""morph_open_iterations"": 1, ""min_area"": 1600, ""lock_frames"": 0, ""camera_stable"": false, ""motion_model"": ""affine"", ""motion_per_frame_threshold"": 1.5, ""cumulative_motion_threshold"": 3, ""peak_on_shift"": ""reset"", ""write_mask_pngs"": ""true"", ""write_overlay_pngs"": ""false"", ""write_heatmap_pngs"": ""false"", ""backend"": ""cuda"", ""roi_mask"": ""/home/j-vaught/bench_vrifa/data/roi_masks/input_1.png""}"
phase2__input_1__channel_weights=0_0_1__colorspace=RGB__darken_only=1,input_1,True,0.0,0.0,0.0,0.0,70.34491867106408,,"{""colorspace"": ""RGB"", ""channel_weights"": ""0,0,1"", ""darken_only"": true, ""peak_reference"": true, ""ref_mode"": [""first""], ""ref_running_alpha"": 0.05, ""dynamic_target_fraction"": 0.2, ""dynamic_lag_scale"": 1, ""pre_delta_blur"": ""none"", ""blur"": ""gaussian:9"", ""threshold"": ""otsu"", ""threshold_offset"": -10, ""morph_kernel"": 21, ""morph_shape"": ""ellipse"", ""morph_close_iterations"": 1, ""morph_open_iterations"": 1, ""min_area"": 1600, ""lock_frames"": 0, ""camera_stable"": false, ""motion_model"": ""affine"", ""motion_per_frame_threshold"": 1.5, ""cumulative_motion_threshold"": 3, ""peak_on_shift"": ""reset"", ""write_mask_pngs"": ""true"", ""write_overlay_pngs"": ""false"", ""write_heatmap_pngs"": ""false"", ""backend"": ""cuda"", ""roi_mask"": ""/home/j-vaught/bench_vrifa/data/roi_masks/input_1.png""}"
phase2__input_1__channel_weights=0.299_0.587_0.114__colorspace=RGB__darken_only=1,input_1,True,0.924276387598719,0.9582264534828759,0.659800632716793,0.901465781418427,71.98944938462228,,"{""colorspace"": ""RGB"", ""channel_weights"": ""0.299,0.587,0.114"", ""darken_only"": true, ""peak_reference"": true, ""ref_mode"": [""first""], ""ref_running_alpha"": 0.05, ""dynamic_target_fraction"": 0.2, ""dynamic_lag_scale"": 1, ""pre_delta_blur"": ""none"", ""blur"": ""gaussian:9"", ""threshold"": ""otsu"", ""threshold_offset"": -10, ""morph_kernel"": 21, ""morph_shape"": ""ellipse"", ""morph_close_iterations"": 1, ""morph_open_iterations"": 1, ""min_area"": 1600, ""lock_frames"": 0, ""camera_stable"": false, ""motion_model"": ""affine"", ""motion_per_frame_threshold"": 1.5, ""cumulative_motion_threshold"": 3, ""peak_on_shift"": ""reset"", ""write_mask_pngs"": ""true"", ""write_overlay_pngs"": ""false"", ""write_heatmap_pngs"": ""false"", ""backend"": ""cuda"", ""roi_mask"": ""/home/j-vaught/bench_vrifa/data/roi_masks/input_1.png""}"
phase2__input_1__channel_weights=1_0_0__colorspace=RGB__darken_only=1,input_1,True,0.924276387598719,0.9582264534828759,0.659800632716793,0.901465781418427,72.00149319320917,,"{""colorspace"": ""RGB"", ""channel_weights"": ""1,0,0"", ""darken_only"": true, ""peak_reference"": true, ""ref_mode"": [""first""], ""ref_running_alpha"": 0.05, ""dynamic_target_fraction"": 0.2, ""dynamic_lag_scale"": 1, ""pre_delta_blur"": ""none"", ""blur"": ""gaussian:9"", ""threshold"": ""otsu"", ""threshold_offset"": -10, ""morph_kernel"": 21, ""morph_shape"": ""ellipse"", ""morph_close_iterations"": 1, ""morph_open_iterations"": 1, ""min_area"": 1600, ""lock_frames"": 0, ""camera_stable"": false, ""motion_model"": ""affine"", ""motion_per_frame_threshold"": 1.5, ""cumulative_motion_threshold"": 3, ""peak_on_shift"": ""reset"", ""write_mask_pngs"": ""true"", ""write_overlay_pngs"": ""false"", ""write_heatmap_pngs"": ""false"", ""backend"": ""cuda"", ""roi_mask"": ""/home/j-vaught/bench_vrifa/data/roi_masks/input_1.png""}"
phase2__input_1__channel_weights=1__colorspace=GRAYSCALE__darken_only=1,input_1,True,0.9296837794442372,0.9613477738773419,0.6686830682611156,0.8959938373468743,60.65006858110428,,"{""colorspace"": ""GRAYSCALE"", ""channel_weights"": ""1"", ""darken_only"": true, ""peak_reference"": true, ""ref_mode"": [""first""], ""ref_running_alpha"": 0.05, ""dynamic_target_fraction"": 0.2, ""dynamic_lag_scale"": 1, ""pre_delta_blur"": ""none"", ""blur"": ""gaussian:9"", ""threshold"": ""otsu"", ""threshold_offset"": -10, ""morph_kernel"": 21, ""morph_shape"": ""ellipse"", ""morph_close_iterations"": 1, ""morph_open_iterations"": 1, ""min_area"": 1600, ""lock_frames"": 0, ""camera_stable"": false, ""motion_model"": ""affine"", ""motion_per_frame_threshold"": 1.5, ""cumulative_motion_threshold"": 3, ""peak_on_shift"": ""reset"", ""write_mask_pngs"": ""true"", ""write_overlay_pngs"": ""false"", ""write_heatmap_pngs"": ""false"", ""backend"": ""cuda"", ""roi_mask"": ""/home/j-vaught/bench_vrifa/data/roi_masks/input_1.png""}"
phase2__input_2__channel_weights=1_0_0__colorspace=CIELAB__darken_only=1,input_2,True,0.9627260600020338,0.9808007479747995,0.4470124185495088,0.967851747278007,1.651309764944017,,"{""colorspace"": ""CIELAB"", ""channel_weights"": ""1,0,0"", ""darken_only"": true, ""peak_reference"": true, ""ref_mode"": [""first""], ""ref_running_alpha"": 0.05, ""dynamic_target_fraction"": 0.2, ""dynamic_lag_scale"": 1, ""pre_delta_blur"": ""none"", ""blur"": ""gaussian:9"", ""threshold"": ""otsu"", ""threshold_offset"": -50, ""morph_kernel"": 21, ""morph_shape"": ""ellipse"", ""morph_close_iterations"": 1, ""morph_open_iterations"": 1, ""min_area"": 100, ""lock_frames"": 10, ""camera_stable"": false, ""motion_model"": ""affine"", ""motion_per_frame_threshold"": 1.5, ""cumulative_motion_threshold"": 3, ""peak_on_shift"": ""reset"", ""write_mask_pngs"": ""true"", ""write_overlay_pngs"": ""false"", ""write_heatmap_pngs"": ""false"", ""backend"": ""cuda"", ""roi_margin"": 0.0}"
phase2__input_2__channel_weights=1_1_1__colorspace=CIELAB__darken_only=1,input_2,True,0.9627260600020338,0.9808007479747995,0.4470124185495088,0.967851747278007,1.6244920017197728,,"{""colorspace"": ""CIELAB"", ""channel_weights"": ""1,1,1"", ""darken_only"": true, ""peak_reference"": true, ""ref_mode"": [""first""], ""ref_running_alpha"": 0.05, ""dynamic_target_fraction"": 0.2, ""dynamic_lag_scale"": 1, ""pre_delta_blur"": ""none"", ""blur"": ""gaussian:9"", ""threshold"": ""otsu"", ""threshold_offset"": -50, ""morph_kernel"": 21, ""morph_shape"": ""ellipse"", ""morph_close_iterations"": 1, ""morph_open_iterations"": 1, ""min_area"": 100, ""lock_frames"": 10, ""camera_stable"": false, ""motion_model"": ""affine"", ""motion_per_frame_threshold"": 1.5, ""cumulative_motion_threshold"": 3, ""peak_on_shift"": ""reset"", ""write_mask_pngs"": ""true"", ""write_overlay_pngs"": ""false"", ""write_heatmap_pngs"": ""false"", ""backend"": ""cuda"", ""roi_margin"": 0.0}"
phase2__input_2__channel_weights=0_1_1__colorspace=CIELAB__darken_only=1,input_2,True,0.0,0.0,0.0,0.0,1.3603048408403993,,"{""colorspace"": ""CIELAB"", ""channel_weights"": ""0,1,1"", ""darken_only"": true, ""peak_reference"": true, ""ref_mode"": [""first""], ""ref_running_alpha"": 0.05, ""dynamic_target_fraction"": 0.2, ""dynamic_lag_scale"": 1, ""pre_delta_blur"": ""none"", ""blur"": ""gaussian:9"", ""threshold"": ""otsu"", ""threshold_offset"": -50, ""morph_kernel"": 21, ""morph_shape"": ""ellipse"", ""morph_close_iterations"": 1, ""morph_open_iterations"": 1, ""min_area"": 100, ""lock_frames"": 10, ""camera_stable"": false, ""motion_model"": ""affine"", ""motion_per_frame_threshold"": 1.5, ""cumulative_motion_threshold"": 3, ""peak_on_shift"": ""reset"", ""write_mask_pngs"": ""true"", ""write_overlay_pngs"": ""false"", ""write_heatmap_pngs"": ""false"", ""backend"": ""cuda"", ""roi_margin"": 0.0}"
phase2__input_1__channel_weights=0_0_1__colorspace=HSV__darken_only=1,input_1,True,0.0,0.0,0.0,0.0,70.01564105600119,,"{""colorspace"": ""HSV"", ""channel_weights"": ""0,0,1"", ""darken_only"": true, ""peak_reference"": true, ""ref_mode"": [""first""], ""ref_running_alpha"": 0.05, ""dynamic_target_fraction"": 0.2, ""dynamic_lag_scale"": 1, ""pre_delta_blur"": ""none"", ""blur"": ""gaussian:9"", ""threshold"": ""otsu"", ""threshold_offset"": -10, ""morph_kernel"": 21, ""morph_shape"": ""ellipse"", ""morph_close_iterations"": 1, ""morph_open_iterations"": 1, ""min_area"": 1600, ""lock_frames"": 0, ""camera_stable"": false, ""motion_model"": ""affine"", ""motion_per_frame_threshold"": 1.5, ""cumulative_motion_threshold"": 3, ""peak_on_shift"": ""reset"", ""write_mask_pngs"": ""true"", ""write_overlay_pngs"": ""false"", ""write_heatmap_pngs"": ""false"", ""backend"": ""cuda"", ""roi_mask"": ""/home/j-vaught/bench_vrifa/data/roi_masks/input_1.png""}"
phase2__input_1__channel_weights=0_1_1__colorspace=HSV__darken_only=1,input_1,True,0.0,0.0,0.0,0.0,69.96536745596677,,"{""colorspace"": ""HSV"", ""channel_weights"": ""0,1,1"", ""darken_only"": true, ""peak_reference"": true, ""ref_mode"": [""first""], ""ref_running_alpha"": 0.05, ""dynamic_target_fraction"": 0.2, ""dynamic_lag_scale"": 1, ""pre_delta_blur"": ""none"", ""blur"": ""gaussian:9"", ""threshold"": ""otsu"", ""threshold_offset"": -10, ""morph_kernel"": 21, ""morph_shape"": ""ellipse"", ""morph_close_iterations"": 1, ""morph_open_iterations"": 1, ""min_area"": 1600, ""lock_frames"": 0, ""camera_stable"": false, ""motion_model"": ""affine"", ""motion_per_frame_threshold"": 1.5, ""cumulative_motion_threshold"": 3, ""peak_on_shift"": ""reset"", ""write_mask_pngs"": ""true"", ""write_overlay_pngs"": ""false"", ""write_heatmap_pngs"": ""false"", ""backend"": ""cuda"", ""roi_mask"": ""/home/j-vaught/bench_vrifa/data/roi_masks/input_1.png""}"
phase2__input_2__channel_weights=1_0.5_0.5__colorspace=CIELAB__darken_only=1,input_2,True,0.9627260600020338,0.9808007479747995,0.4470124185495088,0.967851747278007,1.903413130901754,,"{""colorspace"": ""CIELAB"", ""channel_weights"": ""1,0.5,0.5"", ""darken_only"": true, ""peak_reference"": true, ""ref_mode"": [""first""], ""ref_running_alpha"": 0.05, ""dynamic_target_fraction"": 0.2, ""dynamic_lag_scale"": 1, ""pre_delta_blur"": ""none"", ""blur"": ""gaussian:9"", ""threshold"": ""otsu"", ""threshold_offset"": -50, ""morph_kernel"": 21, ""morph_shape"": ""ellipse"", ""morph_close_iterations"": 1, ""morph_open_iterations"": 1, ""min_area"": 100, ""lock_frames"": 10, ""camera_stable"": false, ""motion_model"": ""affine"", ""motion_per_frame_threshold"": 1.5, ""cumulative_motion_threshold"": 3, ""peak_on_shift"": ""reset"", ""write_mask_pngs"": ""true"", ""write_overlay_pngs"": ""false"", ""write_heatmap_pngs"": ""false"", ""backend"": ""cuda"", ""roi_margin"": 0.0}"
phase2__input_1__channel_weights=1_1_1__colorspace=HSV__darken_only=1,input_1,True,0.2685440117432797,0.41887610886522986,0.09205462688232476,0.7808606214726457,74.76069429051131,,"{""colorspace"": ""HSV"", ""channel_weights"": ""1,1,1"", ""darken_only"": true, ""peak_reference"": true, ""ref_mode"": [""first""], ""ref_running_alpha"": 0.05, ""dynamic_target_fraction"": 0.2, ""dynamic_lag_scale"": 1, ""pre_delta_blur"": ""none"", ""blur"": ""gaussian:9"", ""threshold"": ""otsu"", ""threshold_offset"": -10, ""morph_kernel"": 21, ""morph_shape"": ""ellipse"", ""morph_close_iterations"": 1, ""morph_open_iterations"": 1, ""min_area"": 1600, ""lock_frames"": 0, ""camera_stable"": false, ""motion_model"": ""affine"", ""motion_per_frame_threshold"": 1.5, ""cumulative_motion_threshold"": 3, ""peak_on_shift"": ""reset"", ""write_mask_pngs"": ""true"", ""write_overlay_pngs"": ""false"", ""write_heatmap_pngs"": ""false"", ""backend"": ""cuda"", ""roi_mask"": ""/home/j-vaught/bench_vrifa/data/roi_masks/input_1.png""}"
phase2__input_2__channel_weights=1_1_1__colorspace=RGB__darken_only=1,input_2,True,0.9605901469599825,0.9797029713307023,0.3960961631726682,0.954495724423022,12.551721130497754,,"{""colorspace"": ""RGB"", ""channel_weights"": ""1,1,1"", ""darken_only"": true, ""peak_reference"": true, ""ref_mode"": [""first""], ""ref_running_alpha"": 0.05, ""dynamic_target_fraction"": 0.2, ""dynamic_lag_scale"": 1, ""pre_delta_blur"": ""none"", ""blur"": ""gaussian:9"", ""threshold"": ""otsu"", ""threshold_offset"": -50, ""morph_kernel"": 21, ""morph_shape"": ""ellipse"", ""morph_close_iterations"": 1, ""morph_open_iterations"": 1, ""min_area"": 100, ""lock_frames"": 10, ""camera_stable"": false, ""motion_model"": ""affine"", ""motion_per_frame_threshold"": 1.5, ""cumulative_motion_threshold"": 3, ""peak_on_shift"": ""reset"", ""write_mask_pngs"": ""true"", ""write_overlay_pngs"": ""false"", ""write_heatmap_pngs"": ""false"", ""backend"": ""cuda"", ""roi_margin"": 0.0}"
phase2__input_2__channel_weights=0.299_0.587_0.114__colorspace=RGB__darken_only=1,input_2,True,0.9605901469599825,0.9797029713307023,0.3960961631726682,0.954495724423022,12.889739540405571,,"{""colorspace"": ""RGB"", ""channel_weights"": ""0.299,0.587,0.114"", ""darken_only"": true, ""peak_reference"": true, ""ref_mode"": [""first""], ""ref_running_alpha"": 0.05, ""dynamic_target_fraction"": 0.2, ""dynamic_lag_scale"": 1, ""pre_delta_blur"": ""none"", ""blur"": ""gaussian:9"", ""threshold"": ""otsu"", ""threshold_offset"": -50, ""morph_kernel"": 21, ""morph_shape"": ""ellipse"", ""morph_close_iterations"": 1, ""morph_open_iterations"": 1, ""min_area"": 100, ""lock_frames"": 10, ""camera_stable"": false, ""motion_model"": ""affine"", ""motion_per_frame_threshold"": 1.5, ""cumulative_motion_threshold"": 3, ""peak_on_shift"": ""reset"", ""write_mask_pngs"": ""true"", ""write_overlay_pngs"": ""false"", ""write_heatmap_pngs"": ""false"", ""backend"": ""cuda"", ""roi_margin"": 0.0}"
phase2__input_2__channel_weights=1_0_0__colorspace=RGB__darken_only=1,input_2,True,0.9605901469599825,0.9797029713307023,0.3960961631726682,0.954495724423022,13.003228710964322,,"{""colorspace"": ""RGB"", ""channel_weights"": ""1,0,0"", ""darken_only"": true, ""peak_reference"": true, ""ref_mode"": [""first""], ""ref_running_alpha"": 0.05, ""dynamic_target_fraction"": 0.2, ""dynamic_lag_scale"": 1, ""pre_delta_blur"": ""none"", ""blur"": ""gaussian:9"", ""threshold"": ""otsu"", ""threshold_offset"": -50, ""morph_kernel"": 21, ""morph_shape"": ""ellipse"", ""morph_close_iterations"": 1, ""morph_open_iterations"": 1, ""min_area"": 100, ""lock_frames"": 10, ""camera_stable"": false, ""motion_model"": ""affine"", ""motion_per_frame_threshold"": 1.5, ""cumulative_motion_threshold"": 3, ""peak_on_shift"": ""reset"", ""write_mask_pngs"": ""true"", ""write_overlay_pngs"": ""false"", ""write_heatmap_pngs"": ""false"", ""backend"": ""cuda"", ""roi_margin"": 0.0}"
phase2__input_2__channel_weights=0_0_1__colorspace=RGB__darken_only=1,input_2,True,0.0,0.0,0.0,0.0,12.367833881638944,,"{""colorspace"": ""RGB"", ""channel_weights"": ""0,0,1"", ""darken_only"": true, ""peak_reference"": true, ""ref_mode"": [""first""], ""ref_running_alpha"": 0.05, ""dynamic_target_fraction"": 0.2, ""dynamic_lag_scale"": 1, ""pre_delta_blur"": ""none"", ""blur"": ""gaussian:9"", ""threshold"": ""otsu"", ""threshold_offset"": -50, ""morph_kernel"": 21, ""morph_shape"": ""ellipse"", ""morph_close_iterations"": 1, ""morph_open_iterations"": 1, ""min_area"": 100, ""lock_frames"": 10, ""camera_stable"": false, ""motion_model"": ""affine"", ""motion_per_frame_threshold"": 1.5, ""cumulative_motion_threshold"": 3, ""peak_on_shift"": ""reset"", ""write_mask_pngs"": ""true"", ""write_overlay_pngs"": ""false"", ""write_heatmap_pngs"": ""false"", ""backend"": ""cuda"", ""roi_margin"": 0.0}"
phase2__input_2__channel_weights=0_1_1__colorspace=HSV__darken_only=1,input_2,True,0.0,0.0,0.0,0.0,12.473410045728087,,"{""colorspace"": ""HSV"", ""channel_weights"": ""0,1,1"", ""darken_only"": true, ""peak_reference"": true, ""ref_mode"": [""first""], ""ref_running_alpha"": 0.05, ""dynamic_target_fraction"": 0.2, ""dynamic_lag_scale"": 1, ""pre_delta_blur"": ""none"", ""blur"": ""gaussian:9"", ""threshold"": ""otsu"", ""threshold_offset"": -50, ""morph_kernel"": 21, ""morph_shape"": ""ellipse"", ""morph_close_iterations"": 1, ""morph_open_iterations"": 1, ""min_area"": 100, ""lock_frames"": 10, ""camera_stable"": false, ""motion_model"": ""affine"", ""motion_per_frame_threshold"": 1.5, ""cumulative_motion_threshold"": 3, ""peak_on_shift"": ""reset"", ""write_mask_pngs"": ""true"", ""write_overlay_pngs"": ""false"", ""write_heatmap_pngs"": ""false"", ""backend"": ""cuda"", ""roi_margin"": 0.0}"
phase2__input_2__channel_weights=0_0_1__colorspace=HSV__darken_only=1,input_2,True,0.0,0.0,0.0,0.0,12.9365160074085,,"{""colorspace"": ""HSV"", ""channel_weights"": ""0,0,1"", ""darken_only"": true, ""peak_reference"": true, ""ref_mode"": [""first""], ""ref_running_alpha"": 0.05, ""dynamic_target_fraction"": 0.2, ""dynamic_lag_scale"": 1, ""pre_delta_blur"": ""none"", ""blur"": ""gaussian:9"", ""threshold"": ""otsu"", ""threshold_offset"": -50, ""morph_kernel"": 21, ""morph_shape"": ""ellipse"", ""morph_close_iterations"": 1, ""morph_open_iterations"": 1, ""min_area"": 100, ""lock_frames"": 10, ""camera_stable"": false, ""motion_model"": ""affine"", ""motion_per_frame_threshold"": 1.5, ""cumulative_motion_threshold"": 3, ""peak_on_shift"": ""reset"", ""write_mask_pngs"": ""true"", ""write_overlay_pngs"": ""false"", ""write_heatmap_pngs"": ""false"", ""backend"": ""cuda"", ""roi_margin"": 0.0}"
phase2__input_2__channel_weights=1_1_1__colorspace=HSV__darken_only=1,input_2,True,0.9241563443425062,0.9602207122620617,0.3023506862892057,0.743256570634673,13.140517661347985,,"{""colorspace"": ""HSV"", ""channel_weights"": ""1,1,1"", ""darken_only"": true, ""peak_reference"": true, ""ref_mode"": [""first""], ""ref_running_alpha"": 0.05, ""dynamic_target_fraction"": 0.2, ""dynamic_lag_scale"": 1, ""pre_delta_blur"": ""none"", ""blur"": ""gaussian:9"", ""threshold"": ""otsu"", ""threshold_offset"": -50, ""morph_kernel"": 21, ""morph_shape"": ""ellipse"", ""morph_close_iterations"": 1, ""morph_open_iterations"": 1, ""min_area"": 100, ""lock_frames"": 10, ""camera_stable"": false, ""motion_model"": ""affine"", ""motion_per_frame_threshold"": 1.5, ""cumulative_motion_threshold"": 3, ""peak_on_shift"": ""reset"", ""write_mask_pngs"": ""true"", ""write_overlay_pngs"": ""false"", ""write_heatmap_pngs"": ""false"", ""backend"": ""cuda"", ""roi_margin"": 0.0}"
phase2__input_3__channel_weights=1_0_0__colorspace=CIELAB__darken_only=1,input_3,True,0.974433781892919,0.9870318763005109,0.4420189972620343,0.9579002857418188,2.7503849556669593,,"{""colorspace"": ""CIELAB"", ""channel_weights"": ""1,0,0"", ""darken_only"": true, ""peak_reference"": true, ""ref_mode"": [""first""], ""ref_running_alpha"": 0.05, ""dynamic_target_fraction"": 0.2, ""dynamic_lag_scale"": 1, ""pre_delta_blur"": ""none"", ""blur"": ""gaussian:9"", ""threshold"": ""otsu"", ""threshold_offset"": -50, ""morph_kernel"": 21, ""morph_shape"": ""ellipse"", ""morph_close_iterations"": 1, ""morph_open_iterations"": 1, ""min_area"": 1600, ""lock_frames"": 3, ""camera_stable"": false, ""motion_model"": ""affine"", ""motion_per_frame_threshold"": 1.5, ""cumulative_motion_threshold"": 3, ""peak_on_shift"": ""reset"", ""write_mask_pngs"": ""true"", ""write_overlay_pngs"": ""false"", ""write_heatmap_pngs"": ""false"", ""backend"": ""cuda"", ""roi_margin"": 0.0}"
phase2__input_3__channel_weights=1_1_1__colorspace=CIELAB__darken_only=1,input_3,True,0.974433781892919,0.9870318763005109,0.4420189972620343,0.9579002857418188,2.6688669808208942,,"{""colorspace"": ""CIELAB"", ""channel_weights"": ""1,1,1"", ""darken_only"": true, ""peak_reference"": true, ""ref_mode"": [""first""], ""ref_running_alpha"": 0.05, ""dynamic_target_fraction"": 0.2, ""dynamic_lag_scale"": 1, ""pre_delta_blur"": ""none"", ""blur"": ""gaussian:9"", ""threshold"": ""otsu"", ""threshold_offset"": -50, ""morph_kernel"": 21, ""morph_shape"": ""ellipse"", ""morph_close_iterations"": 1, ""morph_open_iterations"": 1, ""min_area"": 1600, ""lock_frames"": 3, ""camera_stable"": false, ""motion_model"": ""affine"", ""motion_per_frame_threshold"": 1.5, ""cumulative_motion_threshold"": 3, ""peak_on_shift"": ""reset"", ""write_mask_pngs"": ""true"", ""write_overlay_pngs"": ""false"", ""write_heatmap_pngs"": ""false"", ""backend"": ""cuda"", ""roi_margin"": 0.0}"
phase2__input_2__channel_weights=1__colorspace=GRAYSCALE__darken_only=1,input_2,True,0.9627018158093046,0.9807881616390122,0.44506972804518136,0.9669865796945001,10.655499218031764,,"{""colorspace"": ""GRAYSCALE"", ""channel_weights"": ""1"", ""darken_only"": true, ""peak_reference"": true, ""ref_mode"": [""first""], ""ref_running_alpha"": 0.05, ""dynamic_target_fraction"": 0.2, ""dynamic_lag_scale"": 1, ""pre_delta_blur"": ""none"", ""blur"": ""gaussian:9"", ""threshold"": ""otsu"", ""threshold_offset"": -50, ""morph_kernel"": 21, ""morph_shape"": ""ellipse"", ""morph_close_iterations"": 1, ""morph_open_iterations"": 1, ""min_area"": 100, ""lock_frames"": 10, ""camera_stable"": false, ""motion_model"": ""affine"", ""motion_per_frame_threshold"": 1.5, ""cumulative_motion_threshold"": 3, ""peak_on_shift"": ""reset"", ""write_mask_pngs"": ""true"", ""write_overlay_pngs"": ""false"", ""write_heatmap_pngs"": ""false"", ""backend"": ""cuda"", ""roi_margin"": 0.0}"
phase2__input_3__channel_weights=0_1_1__colorspace=CIELAB__darken_only=1,input_3,True,0.0,0.0,0.0,0.0,2.291991088539362,,"{""colorspace"": ""CIELAB"", ""channel_weights"": ""0,1,1"", ""darken_only"": true, ""peak_reference"": true, ""ref_mode"": [""first""], ""ref_running_alpha"": 0.05, ""dynamic_target_fraction"": 0.2, ""dynamic_lag_scale"": 1, ""pre_delta_blur"": ""none"", ""blur"": ""gaussian:9"", ""threshold"": ""otsu"", ""threshold_offset"": -50, ""morph_kernel"": 21, ""morph_shape"": ""ellipse"", ""morph_close_iterations"": 1, ""morph_open_iterations"": 1, ""min_area"": 1600, ""lock_frames"": 3, ""camera_stable"": false, ""motion_model"": ""affine"", ""motion_per_frame_threshold"": 1.5, ""cumulative_motion_threshold"": 3, ""peak_on_shift"": ""reset"", ""write_mask_pngs"": ""true"", ""write_overlay_pngs"": ""false"", ""write_heatmap_pngs"": ""false"", ""backend"": ""cuda"", ""roi_margin"": 0.0}"
phase2__input_3__channel_weights=1_0.5_0.5__colorspace=CIELAB__darken_only=1,input_3,True,0.974433781892919,0.9870318763005109,0.4420189972620343,0.9579002857418188,2.726639670319855,,"{""colorspace"": ""CIELAB"", ""channel_weights"": ""1,0.5,0.5"", ""darken_only"": true, ""peak_reference"": true, ""ref_mode"": [""first""], ""ref_running_alpha"": 0.05, ""dynamic_target_fraction"": 0.2, ""dynamic_lag_scale"": 1, ""pre_delta_blur"": ""none"", ""blur"": ""gaussian:9"", ""threshold"": ""otsu"", ""threshold_offset"": -50, ""morph_kernel"": 21, ""morph_shape"": ""ellipse"", ""morph_close_iterations"": 1, ""morph_open_iterations"": 1, ""min_area"": 1600, ""lock_frames"": 3, ""camera_stable"": false, ""motion_model"": ""affine"", ""motion_per_frame_threshold"": 1.5, ""cumulative_motion_threshold"": 3, ""peak_on_shift"": ""reset"", ""write_mask_pngs"": ""true"", ""write_overlay_pngs"": ""false"", ""write_heatmap_pngs"": ""false"", ""backend"": ""cuda"", ""roi_margin"": 0.0}"
phase2__input_3__channel_weights=1_1_1__colorspace=RGB__darken_only=1,input_3,True,0.972307264250945,0.9859430335789435,0.40933617081987156,0.9567219727766517,21.902712168172002,,"{""colorspace"": ""RGB"", ""channel_weights"": ""1,1,1"", ""darken_only"": true, ""peak_reference"": true, ""ref_mode"": [""first""], ""ref_running_alpha"": 0.05, ""dynamic_target_fraction"": 0.2, ""dynamic_lag_scale"": 1, ""pre_delta_blur"": ""none"", ""blur"": ""gaussian:9"", ""threshold"": ""otsu"", ""threshold_offset"": -50, ""morph_kernel"": 21, ""morph_shape"": ""ellipse"", ""morph_close_iterations"": 1, ""morph_open_iterations"": 1, ""min_area"": 1600, ""lock_frames"": 3, ""camera_stable"": false, ""motion_model"": ""affine"", ""motion_per_frame_threshold"": 1.5, ""cumulative_motion_threshold"": 3, ""peak_on_shift"": ""reset"", ""write_mask_pngs"": ""true"", ""write_overlay_pngs"": ""false"", ""write_heatmap_pngs"": ""false"", ""backend"": ""cuda"", ""roi_margin"": 0.0}"
phase2__input_3__channel_weights=0.299_0.587_0.114__colorspace=RGB__darken_only=1,input_3,True,0.972307264250945,0.9859430335789435,0.40933617081987156,0.9567219727766517,24.94753505475819,,"{""colorspace"": ""RGB"", ""channel_weights"": ""0.299,0.587,0.114"", ""darken_only"": true, ""peak_reference"": true, ""ref_mode"": [""first""], ""ref_running_alpha"": 0.05, ""dynamic_target_fraction"": 0.2, ""dynamic_lag_scale"": 1, ""pre_delta_blur"": ""none"", ""blur"": ""gaussian:9"", ""threshold"": ""otsu"", ""threshold_offset"": -50, ""morph_kernel"": 21, ""morph_shape"": ""ellipse"", ""morph_close_iterations"": 1, ""morph_open_iterations"": 1, ""min_area"": 1600, ""lock_frames"": 3, ""camera_stable"": false, ""motion_model"": ""affine"", ""motion_per_frame_threshold"": 1.5, ""cumulative_motion_threshold"": 3, ""peak_on_shift"": ""reset"", ""write_mask_pngs"": ""true"", ""write_overlay_pngs"": ""false"", ""write_heatmap_pngs"": ""false"", ""backend"": ""cuda"", ""roi_margin"": 0.0}"
phase2__input_3__channel_weights=1_0_0__colorspace=RGB__darken_only=1,input_3,True,0.972307264250945,0.9859430335789435,0.40933617081987156,0.9567219727766517,24.610372946597636,,"{""colorspace"": ""RGB"", ""channel_weights"": ""1,0,0"", ""darken_only"": true, ""peak_reference"": true, ""ref_mode"": [""first""], ""ref_running_alpha"": 0.05, ""dynamic_target_fraction"": 0.2, ""dynamic_lag_scale"": 1, ""pre_delta_blur"": ""none"", ""blur"": ""gaussian:9"", ""threshold"": ""otsu"", ""threshold_offset"": -50, ""morph_kernel"": 21, ""morph_shape"": ""ellipse"", ""morph_close_iterations"": 1, ""morph_open_iterations"": 1, ""min_area"": 1600, ""lock_frames"": 3, ""camera_stable"": false, ""motion_model"": ""affine"", ""motion_per_frame_threshold"": 1.5, ""cumulative_motion_threshold"": 3, ""peak_on_shift"": ""reset"", ""write_mask_pngs"": ""true"", ""write_overlay_pngs"": ""false"", ""write_heatmap_pngs"": ""false"", ""backend"": ""cuda"", ""roi_margin"": 0.0}"
phase2__input_3__channel_weights=0_0_1__colorspace=RGB__darken_only=1,input_3,True,0.0,0.0,0.0,0.0,24.325522501021624,,"{""colorspace"": ""RGB"", ""channel_weights"": ""0,0,1"", ""darken_only"": true, ""peak_reference"": true, ""ref_mode"": [""first""], ""ref_running_alpha"": 0.05, ""dynamic_target_fraction"": 0.2, ""dynamic_lag_scale"": 1, ""pre_delta_blur"": ""none"", ""blur"": ""gaussian:9"", ""threshold"": ""otsu"", ""threshold_offset"": -50, ""morph_kernel"": 21, ""morph_shape"": ""ellipse"", ""morph_close_iterations"": 1, ""morph_open_iterations"": 1, ""min_area"": 1600, ""lock_frames"": 3, ""camera_stable"": false, ""motion_model"": ""affine"", ""motion_per_frame_threshold"": 1.5, ""cumulative_motion_threshold"": 3, ""peak_on_shift"": ""reset"", ""write_mask_pngs"": ""true"", ""write_overlay_pngs"": ""false"", ""write_heatmap_pngs"": ""false"", ""backend"": ""cuda"", ""roi_margin"": 0.0}"
phase2__input_3__channel_weights=0_0_1__colorspace=HSV__darken_only=1,input_3,True,0.0,0.0,0.0,0.0,23.647237734869123,,"{""colorspace"": ""HSV"", ""channel_weights"": ""0,0,1"", ""darken_only"": true, ""peak_reference"": true, ""ref_mode"": [""first""], ""ref_running_alpha"": 0.05, ""dynamic_target_fraction"": 0.2, ""dynamic_lag_scale"": 1, ""pre_delta_blur"": ""none"", ""blur"": ""gaussian:9"", ""threshold"": ""otsu"", ""threshold_offset"": -50, ""morph_kernel"": 21, ""morph_shape"": ""ellipse"", ""morph_close_iterations"": 1, ""morph_open_iterations"": 1, ""min_area"": 1600, ""lock_frames"": 3, ""camera_stable"": false, ""motion_model"": ""affine"", ""motion_per_frame_threshold"": 1.5, ""cumulative_motion_threshold"": 3, ""peak_on_shift"": ""reset"", ""write_mask_pngs"": ""true"", ""write_overlay_pngs"": ""false"", ""write_heatmap_pngs"": ""false"", ""backend"": ""cuda"", ""roi_margin"": 0.0}"
phase2__input_3__channel_weights=1__colorspace=GRAYSCALE__darken_only=1,input_3,True,0.9744177803826715,0.9870218584170644,0.4489587515768331,0.9577627308946415,19.580711401998997,,"{""colorspace"": ""GRAYSCALE"", ""channel_weights"": ""1"", ""darken_only"": true, ""peak_reference"": true, ""ref_mode"": [""first""], ""ref_running_alpha"": 0.05, ""dynamic_target_fraction"": 0.2, ""dynamic_lag_scale"": 1, ""pre_delta_blur"": ""none"", ""blur"": ""gaussian:9"", ""threshold"": ""otsu"", ""threshold_offset"": -50, ""morph_kernel"": 21, ""morph_shape"": ""ellipse"", ""morph_close_iterations"": 1, ""morph_open_iterations"": 1, ""min_area"": 1600, ""lock_frames"": 3, ""camera_stable"": false, ""motion_model"": ""affine"", ""motion_per_frame_threshold"": 1.5, ""cumulative_motion_threshold"": 3, ""peak_on_shift"": ""reset"", ""write_mask_pngs"": ""true"", ""write_overlay_pngs"": ""false"", ""write_heatmap_pngs"": ""false"", ""backend"": ""cuda"", ""roi_margin"": 0.0}"
phase2__input_4__channel_weights=1_0_0__colorspace=CIELAB__darken_only=1,input_4,True,0.9330690520387085,0.9652874253307875,0.34694708403570373,0.9130431688068061,2.5453692162409425,,"{""colorspace"": ""CIELAB"", ""channel_weights"": ""1,0,0"", ""darken_only"": true, ""peak_reference"": true, ""ref_mode"": [""first""], ""ref_running_alpha"": 0.05, ""dynamic_target_fraction"": 0.2, ""dynamic_lag_scale"": 1, ""pre_delta_blur"": ""none"", ""blur"": ""gaussian:9"", ""threshold"": ""otsu"", ""threshold_offset"": -30, ""morph_kernel"": 13, ""morph_shape"": ""ellipse"", ""morph_close_iterations"": 1, ""morph_open_iterations"": 1, ""min_area"": 400, ""lock_frames"": 0, ""camera_stable"": false, ""motion_model"": ""affine"", ""motion_per_frame_threshold"": 1.5, ""cumulative_motion_threshold"": 3, ""peak_on_shift"": ""reset"", ""write_mask_pngs"": ""true"", ""write_overlay_pngs"": ""false"", ""write_heatmap_pngs"": ""false"", ""backend"": ""cuda"", ""roi_margin"": 0.0}"
phase2__input_3__channel_weights=0_1_1__colorspace=HSV__darken_only=1,input_3,True,0.0,0.0,0.0,0.0,23.556989384815097,,"{""colorspace"": ""HSV"", ""channel_weights"": ""0,1,1"", ""darken_only"": true, ""peak_reference"": true, ""ref_mode"": [""first""], ""ref_running_alpha"": 0.05, ""dynamic_target_fraction"": 0.2, ""dynamic_lag_scale"": 1, ""pre_delta_blur"": ""none"", ""blur"": ""gaussian:9"", ""threshold"": ""otsu"", ""threshold_offset"": -50, ""morph_kernel"": 21, ""morph_shape"": ""ellipse"", ""morph_close_iterations"": 1, ""morph_open_iterations"": 1, ""min_area"": 1600, ""lock_frames"": 3, ""camera_stable"": false, ""motion_model"": ""affine"", ""motion_per_frame_threshold"": 1.5, ""cumulative_motion_threshold"": 3, ""peak_on_shift"": ""reset"", ""write_mask_pngs"": ""true"", ""write_overlay_pngs"": ""false"", ""write_heatmap_pngs"": ""false"", ""backend"": ""cuda"", ""roi_margin"": 0.0}"
phase2__input_4__channel_weights=1_1_1__colorspace=CIELAB__darken_only=1,input_4,True,0.9330690520387085,0.9652874253307875,0.34694708403570373,0.9130431688068061,2.5257795061916113,,"{""colorspace"": ""CIELAB"", ""channel_weights"": ""1,1,1"", ""darken_only"": true, ""peak_reference"": true, ""ref_mode"": [""first""], ""ref_running_alpha"": 0.05, ""dynamic_target_fraction"": 0.2, ""dynamic_lag_scale"": 1, ""pre_delta_blur"": ""none"", ""blur"": ""gaussian:9"", ""threshold"": ""otsu"", ""threshold_offset"": -30, ""morph_kernel"": 13, ""morph_shape"": ""ellipse"", ""morph_close_iterations"": 1, ""morph_open_iterations"": 1, ""min_area"": 400, ""lock_frames"": 0, ""camera_stable"": false, ""motion_model"": ""affine"", ""motion_per_frame_threshold"": 1.5, ""cumulative_motion_threshold"": 3, ""peak_on_shift"": ""reset"", ""write_mask_pngs"": ""true"", ""write_overlay_pngs"": ""false"", ""write_heatmap_pngs"": ""false"", ""backend"": ""cuda"", ""roi_margin"": 0.0}"
phase2__input_4__channel_weights=0_1_1__colorspace=CIELAB__darken_only=1,input_4,True,0.0,0.0,0.0,0.0,1.7397958533838391,,"{""colorspace"": ""CIELAB"", ""channel_weights"": ""0,1,1"", ""darken_only"": true, ""peak_reference"": true, ""ref_mode"": [""first""], ""ref_running_alpha"": 0.05, ""dynamic_target_fraction"": 0.2, ""dynamic_lag_scale"": 1, ""pre_delta_blur"": ""none"", ""blur"": ""gaussian:9"", ""threshold"": ""otsu"", ""threshold_offset"": -30, ""morph_kernel"": 13, ""morph_shape"": ""ellipse"", ""morph_close_iterations"": 1, ""morph_open_iterations"": 1, ""min_area"": 400, ""lock_frames"": 0, ""camera_stable"": false, ""motion_model"": ""affine"", ""motion_per_frame_threshold"": 1.5, ""cumulative_motion_threshold"": 3, ""peak_on_shift"": ""reset"", ""write_mask_pngs"": ""true"", ""write_overlay_pngs"": ""false"", ""write_heatmap_pngs"": ""false"", ""backend"": ""cuda"", ""roi_margin"": 0.0}"
phase2__input_3__channel_weights=1_1_1__colorspace=HSV__darken_only=1,input_3,True,0.6863390326138233,0.8098210757701816,0.05689936650470717,0.6340156995139002,23.301870715804398,,"{""colorspace"": ""HSV"", ""channel_weights"": ""1,1,1"", ""darken_only"": true, ""peak_reference"": true, ""ref_mode"": [""first""], ""ref_running_alpha"": 0.05, ""dynamic_target_fraction"": 0.2, ""dynamic_lag_scale"": 1, ""pre_delta_blur"": ""none"", ""blur"": ""gaussian:9"", ""threshold"": ""otsu"", ""threshold_offset"": -50, ""morph_kernel"": 21, ""morph_shape"": ""ellipse"", ""morph_close_iterations"": 1, ""morph_open_iterations"": 1, ""min_area"": 1600, ""lock_frames"": 3, ""camera_stable"": false, ""motion_model"": ""affine"", ""motion_per_frame_threshold"": 1.5, ""cumulative_motion_threshold"": 3, ""peak_on_shift"": ""reset"", ""write_mask_pngs"": ""true"", ""write_overlay_pngs"": ""false"", ""write_heatmap_pngs"": ""false"", ""backend"": ""cuda"", ""roi_margin"": 0.0}"
phase2__input_4__channel_weights=1_0.5_0.5__colorspace=CIELAB__darken_only=1,input_4,True,0.9330690520387085,0.9652874253307875,0.34694708403570373,0.9130431688068061,2.637605741620064,,"{""colorspace"": ""CIELAB"", ""channel_weights"": ""1,0.5,0.5"", ""darken_only"": true, ""peak_reference"": true, ""ref_mode"": [""first""], ""ref_running_alpha"": 0.05, ""dynamic_target_fraction"": 0.2, ""dynamic_lag_scale"": 1, ""pre_delta_blur"": ""none"", ""blur"": ""gaussian:9"", ""threshold"": ""otsu"", ""threshold_offset"": -30, ""morph_kernel"": 13, ""morph_shape"": ""ellipse"", ""morph_close_iterations"": 1, ""morph_open_iterations"": 1, ""min_area"": 400, ""lock_frames"": 0, ""camera_stable"": false, ""motion_model"": ""affine"", ""motion_per_frame_threshold"": 1.5, ""cumulative_motion_threshold"": 3, ""peak_on_shift"": ""reset"", ""write_mask_pngs"": ""true"", ""write_overlay_pngs"": ""false"", ""write_heatmap_pngs"": ""false"", ""backend"": ""cuda"", ""roi_margin"": 0.0}"
phase2__input_4__channel_weights=0.299_0.587_0.114__colorspace=RGB__darken_only=1,input_4,True,0.9328883755226922,0.9651958670713071,0.34437172483152434,0.9134664719506713,13.873116316273808,,"{""colorspace"": ""RGB"", ""channel_weights"": ""0.299,0.587,0.114"", ""darken_only"": true, ""peak_reference"": true, ""ref_mode"": [""first""], ""ref_running_alpha"": 0.05, ""dynamic_target_fraction"": 0.2, ""dynamic_lag_scale"": 1, ""pre_delta_blur"": ""none"", ""blur"": ""gaussian:9"", ""threshold"": ""otsu"", ""threshold_offset"": -30, ""morph_kernel"": 13, ""morph_shape"": ""ellipse"", ""morph_close_iterations"": 1, ""morph_open_iterations"": 1, ""min_area"": 400, ""lock_frames"": 0, ""camera_stable"": false, ""motion_model"": ""affine"", ""motion_per_frame_threshold"": 1.5, ""cumulative_motion_threshold"": 3, ""peak_on_shift"": ""reset"", ""write_mask_pngs"": ""true"", ""write_overlay_pngs"": ""false"", ""write_heatmap_pngs"": ""false"", ""backend"": ""cuda"", ""roi_margin"": 0.0}"
phase2__input_4__channel_weights=1_1_1__colorspace=RGB__darken_only=1,input_4,True,0.9328883755226922,0.9651958670713071,0.34437172483152434,0.9134664719506713,13.91329862549901,,"{""colorspace"": ""RGB"", ""channel_weights"": ""1,1,1"", ""darken_only"": true, ""peak_reference"": true, ""ref_mode"": [""first""], ""ref_running_alpha"": 0.05, ""dynamic_target_fraction"": 0.2, ""dynamic_lag_scale"": 1, ""pre_delta_blur"": ""none"", ""blur"": ""gaussian:9"", ""threshold"": ""otsu"", ""threshold_offset"": -30, ""morph_kernel"": 13, ""morph_shape"": ""ellipse"", ""morph_close_iterations"": 1, ""morph_open_iterations"": 1, ""min_area"": 400, ""lock_frames"": 0, ""camera_stable"": false, ""motion_model"": ""affine"", ""motion_per_frame_threshold"": 1.5, ""cumulative_motion_threshold"": 3, ""peak_on_shift"": ""reset"", ""write_mask_pngs"": ""true"", ""write_overlay_pngs"": ""false"", ""write_heatmap_pngs"": ""false"", ""backend"": ""cuda"", ""roi_margin"": 0.0}"
phase2__input_4__channel_weights=0_0_1__colorspace=RGB__darken_only=1,input_4,True,0.0,0.0,0.0,0.0,12.571503582410514,,"{""colorspace"": ""RGB"", ""channel_weights"": ""0,0,1"", ""darken_only"": true, ""peak_reference"": true, ""ref_mode"": [""first""], ""ref_running_alpha"": 0.05, ""dynamic_target_fraction"": 0.2, ""dynamic_lag_scale"": 1, ""pre_delta_blur"": ""none"", ""blur"": ""gaussian:9"", ""threshold"": ""otsu"", ""threshold_offset"": -30, ""morph_kernel"": 13, ""morph_shape"": ""ellipse"", ""morph_close_iterations"": 1, ""morph_open_iterations"": 1, ""min_area"": 400, ""lock_frames"": 0, ""camera_stable"": false, ""motion_model"": ""affine"", ""motion_per_frame_threshold"": 1.5, ""cumulative_motion_threshold"": 3, ""peak_on_shift"": ""reset"", ""write_mask_pngs"": ""true"", ""write_overlay_pngs"": ""false"", ""write_heatmap_pngs"": ""false"", ""backend"": ""cuda"", ""roi_margin"": 0.0}"
phase2__input_4__channel_weights=1_0_0__colorspace=RGB__darken_only=1,input_4,True,0.9328883755226922,0.9651958670713071,0.34437172483152434,0.9134664719506713,14.315135553479195,,"{""colorspace"": ""RGB"", ""channel_weights"": ""1,0,0"", ""darken_only"": true, ""peak_reference"": true, ""ref_mode"": [""first""], ""ref_running_alpha"": 0.05, ""dynamic_target_fraction"": 0.2, ""dynamic_lag_scale"": 1, ""pre_delta_blur"": ""none"", ""blur"": ""gaussian:9"", ""threshold"": ""otsu"", ""threshold_offset"": -30, ""morph_kernel"": 13, ""morph_shape"": ""ellipse"", ""morph_close_iterations"": 1, ""morph_open_iterations"": 1, ""min_area"": 400, ""lock_frames"": 0, ""camera_stable"": false, ""motion_model"": ""affine"", ""motion_per_frame_threshold"": 1.5, ""cumulative_motion_threshold"": 3, ""peak_on_shift"": ""reset"", ""write_mask_pngs"": ""true"", ""write_overlay_pngs"": ""false"", ""write_heatmap_pngs"": ""false"", ""backend"": ""cuda"", ""roi_margin"": 0.0}"
phase2__input_4__channel_weights=0_0_1__colorspace=HSV__darken_only=1,input_4,True,0.0,0.0,0.0,0.0,12.654029387049377,,"{""colorspace"": ""HSV"", ""channel_weights"": ""0,0,1"", ""darken_only"": true, ""peak_reference"": true, ""ref_mode"": [""first""], ""ref_running_alpha"": 0.05, ""dynamic_target_fraction"": 0.2, ""dynamic_lag_scale"": 1, ""pre_delta_blur"": ""none"", ""blur"": ""gaussian:9"", ""threshold"": ""otsu"", ""threshold_offset"": -30, ""morph_kernel"": 13, ""morph_shape"": ""ellipse"", ""morph_close_iterations"": 1, ""morph_open_iterations"": 1, ""min_area"": 400, ""lock_frames"": 0, ""camera_stable"": false, ""motion_model"": ""affine"", ""motion_per_frame_threshold"": 1.5, ""cumulative_motion_threshold"": 3, ""peak_on_shift"": ""reset"", ""write_mask_pngs"": ""true"", ""write_overlay_pngs"": ""false"", ""write_heatmap_pngs"": ""false"", ""backend"": ""cuda"", ""roi_margin"": 0.0}"
phase2__input_4__channel_weights=1__colorspace=GRAYSCALE__darken_only=1,input_4,True,0.9346667616800511,0.9661380917451836,0.3510247723662568,0.9146730542347067,11.755550106056035,,"{""colorspace"": ""GRAYSCALE"", ""channel_weights"": ""1"", ""darken_only"": true, ""peak_reference"": true, ""ref_mode"": [""first""], ""ref_running_alpha"": 0.05, ""dynamic_target_fraction"": 0.2, ""dynamic_lag_scale"": 1, ""pre_delta_blur"": ""none"", ""blur"": ""gaussian:9"", ""threshold"": ""otsu"", ""threshold_offset"": -30, ""morph_kernel"": 13, ""morph_shape"": ""ellipse"", ""morph_close_iterations"": 1, ""morph_open_iterations"": 1, ""min_area"": 400, ""lock_frames"": 0, ""camera_stable"": false, ""motion_model"": ""affine"", ""motion_per_frame_threshold"": 1.5, ""cumulative_motion_threshold"": 3, ""peak_on_shift"": ""reset"", ""write_mask_pngs"": ""true"", ""write_overlay_pngs"": ""false"", ""write_heatmap_pngs"": ""false"", ""backend"": ""cuda"", ""roi_margin"": 0.0}"
phase2__input_4__channel_weights=0_1_1__colorspace=HSV__darken_only=1,input_4,True,0.0,0.0,0.0,0.0,13.59320516884327,,"{""colorspace"": ""HSV"", ""channel_weights"": ""0,1,1"", ""darken_only"": true, ""peak_reference"": true, ""ref_mode"": [""first""], ""ref_running_alpha"": 0.05, ""dynamic_target_fraction"": 0.2, ""dynamic_lag_scale"": 1, ""pre_delta_blur"": ""none"", ""blur"": ""gaussian:9"", ""threshold"": ""otsu"", ""threshold_offset"": -30, ""morph_kernel"": 13, ""morph_shape"": ""ellipse"", ""morph_close_iterations"": 1, ""morph_open_iterations"": 1, ""min_area"": 400, ""lock_frames"": 0, ""camera_stable"": false, ""motion_model"": ""affine"", ""motion_per_frame_threshold"": 1.5, ""cumulative_motion_threshold"": 3, ""peak_on_shift"": ""reset"", ""write_mask_pngs"": ""true"", ""write_overlay_pngs"": ""false"", ""write_heatmap_pngs"": ""false"", ""backend"": ""cuda"", ""roi_margin"": 0.0}"
phase2__input_5__channel_weights=0_1_1__colorspace=CIELAB__darken_only=1,input_5,True,0.0,0.0,0.0,0.0,1.7162110852077603,,"{""colorspace"": ""CIELAB"", ""channel_weights"": ""0,1,1"", ""darken_only"": true, ""peak_reference"": true, ""ref_mode"": [""first""], ""ref_running_alpha"": 0.05, ""dynamic_target_fraction"": 0.2, ""dynamic_lag_scale"": 1, ""pre_delta_blur"": ""none"", ""blur"": ""gaussian:9"", ""threshold"": ""otsu"", ""threshold_offset"": -10, ""morph_kernel"": 21, ""morph_shape"": ""ellipse"", ""morph_close_iterations"": 1, ""morph_open_iterations"": 1, ""min_area"": 1600, ""lock_frames"": 10, ""camera_stable"": false, ""motion_model"": ""affine"", ""motion_per_frame_threshold"": 1.5, ""cumulative_motion_threshold"": 3, ""peak_on_shift"": ""reset"", ""write_mask_pngs"": ""true"", ""write_overlay_pngs"": ""false"", ""write_heatmap_pngs"": ""false"", ""backend"": ""cuda"", ""roi_margin"": 0.0}"
phase2__input_5__channel_weights=1_0_0__colorspace=CIELAB__darken_only=1,input_5,True,0.9613998362593892,0.9802998116466032,0.5757659145557735,0.957336538577606,2.8364342050626874,,"{""colorspace"": ""CIELAB"", ""channel_weights"": ""1,0,0"", ""darken_only"": true, ""peak_reference"": true, ""ref_mode"": [""first""], ""ref_running_alpha"": 0.05, ""dynamic_target_fraction"": 0.2, ""dynamic_lag_scale"": 1, ""pre_delta_blur"": ""none"", ""blur"": ""gaussian:9"", ""threshold"": ""otsu"", ""threshold_offset"": -10, ""morph_kernel"": 21, ""morph_shape"": ""ellipse"", ""morph_close_iterations"": 1, ""morph_open_iterations"": 1, ""min_area"": 1600, ""lock_frames"": 10, ""camera_stable"": false, ""motion_model"": ""affine"", ""motion_per_frame_threshold"": 1.5, ""cumulative_motion_threshold"": 3, ""peak_on_shift"": ""reset"", ""write_mask_pngs"": ""true"", ""write_overlay_pngs"": ""false"", ""write_heatmap_pngs"": ""false"", ""backend"": ""cuda"", ""roi_margin"": 0.0}"
phase2__input_5__channel_weights=1_1_1__colorspace=CIELAB__darken_only=1,input_5,True,0.9613998362593892,0.9802998116466032,0.5757659145557735,0.957336538577606,2.6990685183554888,,"{""colorspace"": ""CIELAB"", ""channel_weights"": ""1,1,1"", ""darken_only"": true, ""peak_reference"": true, ""ref_mode"": [""first""], ""ref_running_alpha"": 0.05, ""dynamic_target_fraction"": 0.2, ""dynamic_lag_scale"": 1, ""pre_delta_blur"": ""none"", ""blur"": ""gaussian:9"", ""threshold"": ""otsu"", ""threshold_offset"": -10, ""morph_kernel"": 21, ""morph_shape"": ""ellipse"", ""morph_close_iterations"": 1, ""morph_open_iterations"": 1, ""min_area"": 1600, ""lock_frames"": 10, ""camera_stable"": false, ""motion_model"": ""affine"", ""motion_per_frame_threshold"": 1.5, ""cumulative_motion_threshold"": 3, ""peak_on_shift"": ""reset"", ""write_mask_pngs"": ""true"", ""write_overlay_pngs"": ""false"", ""write_heatmap_pngs"": ""false"", ""backend"": ""cuda"", ""roi_margin"": 0.0}"
phase2__input_4__channel_weights=1_1_1__colorspace=HSV__darken_only=1,input_4,True,0.1593270066598087,0.263036877552294,0.10813212907122727,0.7197533840589502,15.587313602678478,,"{""colorspace"": ""HSV"", ""channel_weights"": ""1,1,1"", ""darken_only"": true, ""peak_reference"": true, ""ref_mode"": [""first""], ""ref_running_alpha"": 0.05, ""dynamic_target_fraction"": 0.2, ""dynamic_lag_scale"": 1, ""pre_delta_blur"": ""none"", ""blur"": ""gaussian:9"", ""threshold"": ""otsu"", ""threshold_offset"": -30, ""morph_kernel"": 13, ""morph_shape"": ""ellipse"", ""morph_close_iterations"": 1, ""morph_open_iterations"": 1, ""min_area"": 400, ""lock_frames"": 0, ""camera_stable"": false, ""motion_model"": ""affine"", ""motion_per_frame_threshold"": 1.5, ""cumulative_motion_threshold"": 3, ""peak_on_shift"": ""reset"", ""write_mask_pngs"": ""true"", ""write_overlay_pngs"": ""false"", ""write_heatmap_pngs"": ""false"", ""backend"": ""cuda"", ""roi_margin"": 0.0}"
phase2__input_5__channel_weights=1_0.5_0.5__colorspace=CIELAB__darken_only=1,input_5,True,0.9613998362593892,0.9802998116466032,0.5757659145557735,0.957336538577606,2.8867765171453357,,"{""colorspace"": ""CIELAB"", ""channel_weights"": ""1,0.5,0.5"", ""darken_only"": true, ""peak_reference"": true, ""ref_mode"": [""first""], ""ref_running_alpha"": 0.05, ""dynamic_target_fraction"": 0.2, ""dynamic_lag_scale"": 1, ""pre_delta_blur"": ""none"", ""blur"": ""gaussian:9"", ""threshold"": ""otsu"", ""threshold_offset"": -10, ""morph_kernel"": 21, ""morph_shape"": ""ellipse"", ""morph_close_iterations"": 1, ""morph_open_iterations"": 1, ""min_area"": 1600, ""lock_frames"": 10, ""camera_stable"": false, ""motion_model"": ""affine"", ""motion_per_frame_threshold"": 1.5, ""cumulative_motion_threshold"": 3, ""peak_on_shift"": ""reset"", ""write_mask_pngs"": ""true"", ""write_overlay_pngs"": ""false"", ""write_heatmap_pngs"": ""false"", ""backend"": ""cuda"", ""roi_margin"": 0.0}"
phase2__input_5__channel_weights=0.299_0.587_0.114__colorspace=RGB__darken_only=1,input_5,True,0.9568748905118794,0.9779451907188715,0.5519193821023209,0.9395767020980911,19.31667886581272,,"{""colorspace"": ""RGB"", ""channel_weights"": ""0.299,0.587,0.114"", ""darken_only"": true, ""peak_reference"": true, ""ref_mode"": [""first""], ""ref_running_alpha"": 0.05, ""dynamic_target_fraction"": 0.2, ""dynamic_lag_scale"": 1, ""pre_delta_blur"": ""none"", ""blur"": ""gaussian:9"", ""threshold"": ""otsu"", ""threshold_offset"": -10, ""morph_kernel"": 21, ""morph_shape"": ""ellipse"", ""morph_close_iterations"": 1, ""morph_open_iterations"": 1, ""min_area"": 1600, ""lock_frames"": 10, ""camera_stable"": false, ""motion_model"": ""affine"", ""motion_per_frame_threshold"": 1.5, ""cumulative_motion_threshold"": 3, ""peak_on_shift"": ""reset"", ""write_mask_pngs"": ""true"", ""write_overlay_pngs"": ""false"", ""write_heatmap_pngs"": ""false"", ""backend"": ""cuda"", ""roi_margin"": 0.0}"
phase2__input_5__channel_weights=1_0_0__colorspace=RGB__darken_only=1,input_5,True,0.9568748905118794,0.9779451907188715,0.5519193821023209,0.9395767020980911,18.669000281021,,"{""colorspace"": ""RGB"", ""channel_weights"": ""1,0,0"", ""darken_only"": true, ""peak_reference"": true, ""ref_mode"": [""first""], ""ref_running_alpha"": 0.05, ""dynamic_target_fraction"": 0.2, ""dynamic_lag_scale"": 1, ""pre_delta_blur"": ""none"", ""blur"": ""gaussian:9"", ""threshold"": ""otsu"", ""threshold_offset"": -10, ""morph_kernel"": 21, ""morph_shape"": ""ellipse"", ""morph_close_iterations"": 1, ""morph_open_iterations"": 1, ""min_area"": 1600, ""lock_frames"": 10, ""camera_stable"": false, ""motion_model"": ""affine"", ""motion_per_frame_threshold"": 1.5, ""cumulative_motion_threshold"": 3, ""peak_on_shift"": ""reset"", ""write_mask_pngs"": ""true"", ""write_overlay_pngs"": ""false"", ""write_heatmap_pngs"": ""false"", ""backend"": ""cuda"", ""roi_margin"": 0.0}"
phase2__input_5__channel_weights=1_1_1__colorspace=RGB__darken_only=1,input_5,True,0.9568748905118794,0.9779451907188715,0.5519193821023209,0.9395767020980911,19.93065071757883,,"{""colorspace"": ""RGB"", ""channel_weights"": ""1,1,1"", ""darken_only"": true, ""peak_reference"": true, ""ref_mode"": [""first""], ""ref_running_alpha"": 0.05, ""dynamic_target_fraction"": 0.2, ""dynamic_lag_scale"": 1, ""pre_delta_blur"": ""none"", ""blur"": ""gaussian:9"", ""threshold"": ""otsu"", ""threshold_offset"": -10, ""morph_kernel"": 21, ""morph_shape"": ""ellipse"", ""morph_close_iterations"": 1, ""morph_open_iterations"": 1, ""min_area"": 1600, ""lock_frames"": 10, ""camera_stable"": false, ""motion_model"": ""affine"", ""motion_per_frame_threshold"": 1.5, ""cumulative_motion_threshold"": 3, ""peak_on_shift"": ""reset"", ""write_mask_pngs"": ""true"", ""write_overlay_pngs"": ""false"", ""write_heatmap_pngs"": ""false"", ""backend"": ""cuda"", ""roi_margin"": 0.0}"
phase2__input_5__channel_weights=0_0_1__colorspace=RGB__darken_only=1,input_5,True,0.0,0.0,0.0,0.0,18.51535707525909,,"{""colorspace"": ""RGB"", ""channel_weights"": ""0,0,1"", ""darken_only"": true, ""peak_reference"": true, ""ref_mode"": [""first""], ""ref_running_alpha"": 0.05, ""dynamic_target_fraction"": 0.2, ""dynamic_lag_scale"": 1, ""pre_delta_blur"": ""none"", ""blur"": ""gaussian:9"", ""threshold"": ""otsu"", ""threshold_offset"": -10, ""morph_kernel"": 21, ""morph_shape"": ""ellipse"", ""morph_close_iterations"": 1, ""morph_open_iterations"": 1, ""min_area"": 1600, ""lock_frames"": 10, ""camera_stable"": false, ""motion_model"": ""affine"", ""motion_per_frame_threshold"": 1.5, ""cumulative_motion_threshold"": 3, ""peak_on_shift"": ""reset"", ""write_mask_pngs"": ""true"", ""write_overlay_pngs"": ""false"", ""write_heatmap_pngs"": ""false"", ""backend"": ""cuda"", ""roi_margin"": 0.0}"
phase2__input_5__channel_weights=0_1_1__colorspace=HSV__darken_only=1,input_5,True,0.0,0.0,0.0,0.0,17.623425439931452,,"{""colorspace"": ""HSV"", ""channel_weights"": ""0,1,1"", ""darken_only"": true, ""peak_reference"": true, ""ref_mode"": [""first""], ""ref_running_alpha"": 0.05, ""dynamic_target_fraction"": 0.2, ""dynamic_lag_scale"": 1, ""pre_delta_blur"": ""none"", ""blur"": ""gaussian:9"", ""threshold"": ""otsu"", ""threshold_offset"": -10, ""morph_kernel"": 21, ""morph_shape"": ""ellipse"", ""morph_close_iterations"": 1, ""morph_open_iterations"": 1, ""min_area"": 1600, ""lock_frames"": 10, ""camera_stable"": false, ""motion_model"": ""affine"", ""motion_per_frame_threshold"": 1.5, ""cumulative_motion_threshold"": 3, ""peak_on_shift"": ""reset"", ""write_mask_pngs"": ""true"", ""write_overlay_pngs"": ""false"", ""write_heatmap_pngs"": ""false"", ""backend"": ""cuda"", ""roi_margin"": 0.0}"
phase2__input_5__channel_weights=0_0_1__colorspace=HSV__darken_only=1,input_5,True,0.0,0.0,0.0,0.0,17.837821500375867,,"{""colorspace"": ""HSV"", ""channel_weights"": ""0,0,1"", ""darken_only"": true, ""peak_reference"": true, ""ref_mode"": [""first""], ""ref_running_alpha"": 0.05, ""dynamic_target_fraction"": 0.2, ""dynamic_lag_scale"": 1, ""pre_delta_blur"": ""none"", ""blur"": ""gaussian:9"", ""threshold"": ""otsu"", ""threshold_offset"": -10, ""morph_kernel"": 21, ""morph_shape"": ""ellipse"", ""morph_close_iterations"": 1, ""morph_open_iterations"": 1, ""min_area"": 1600, ""lock_frames"": 10, ""camera_stable"": false, ""motion_model"": ""affine"", ""motion_per_frame_threshold"": 1.5, ""cumulative_motion_threshold"": 3, ""peak_on_shift"": ""reset"", ""write_mask_pngs"": ""true"", ""write_overlay_pngs"": ""false"", ""write_heatmap_pngs"": ""false"", ""backend"": ""cuda"", ""roi_margin"": 0.0}"
phase2__input_5__channel_weights=1__colorspace=GRAYSCALE__darken_only=1,input_5,True,0.9594293395051652,0.9792737358757984,0.5801760031890701,0.9409904567059986,16.119456188753247,,"{""colorspace"": ""GRAYSCALE"", ""channel_weights"": ""1"", ""darken_only"": true, ""peak_reference"": true, ""ref_mode"": [""first""], ""ref_running_alpha"": 0.05, ""dynamic_target_fraction"": 0.2, ""dynamic_lag_scale"": 1, ""pre_delta_blur"": ""none"", ""blur"": ""gaussian:9"", ""threshold"": ""otsu"", ""threshold_offset"": -10, ""morph_kernel"": 21, ""morph_shape"": ""ellipse"", ""morph_close_iterations"": 1, ""morph_open_iterations"": 1, ""min_area"": 1600, ""lock_frames"": 10, ""camera_stable"": false, ""motion_model"": ""affine"", ""motion_per_frame_threshold"": 1.5, ""cumulative_motion_threshold"": 3, ""peak_on_shift"": ""reset"", ""write_mask_pngs"": ""true"", ""write_overlay_pngs"": ""false"", ""write_heatmap_pngs"": ""false"", ""backend"": ""cuda"", ""roi_margin"": 0.0}"
phase2__input_6__channel_weights=0_1_1__colorspace=CIELAB__darken_only=1,input_6,True,0.0,0.0,0.0,0.0,1.6310559771955013,,"{""colorspace"": ""CIELAB"", ""channel_weights"": ""0,1,1"", ""darken_only"": true, ""peak_reference"": true, ""ref_mode"": [""first""], ""ref_running_alpha"": 0.05, ""dynamic_target_fraction"": 0.2, ""dynamic_lag_scale"": 1, ""pre_delta_blur"": ""none"", ""blur"": ""gaussian:9"", ""threshold"": ""otsu"", ""threshold_offset"": -30, ""morph_kernel"": 13, ""morph_shape"": ""ellipse"", ""morph_close_iterations"": 1, ""morph_open_iterations"": 1, ""min_area"": 1600, ""lock_frames"": 0, ""camera_stable"": false, ""motion_model"": ""affine"", ""motion_per_frame_threshold"": 1.5, ""cumulative_motion_threshold"": 3, ""peak_on_shift"": ""reset"", ""write_mask_pngs"": ""true"", ""write_overlay_pngs"": ""false"", ""write_heatmap_pngs"": ""false"", ""backend"": ""cuda"", ""roi_margin"": 0.0}"
phase2__input_5__channel_weights=1_1_1__colorspace=HSV__darken_only=1,input_5,True,0.5906697097752278,0.7352045158483209,0.18167492965297077,0.8244076368762847,19.870350348763168,,"{""colorspace"": ""HSV"", ""channel_weights"": ""1,1,1"", ""darken_only"": true, ""peak_reference"": true, ""ref_mode"": [""first""], ""ref_running_alpha"": 0.05, ""dynamic_target_fraction"": 0.2, ""dynamic_lag_scale"": 1, ""pre_delta_blur"": ""none"", ""blur"": ""gaussian:9"", ""threshold"": ""otsu"", ""threshold_offset"": -10, ""morph_kernel"": 21, ""morph_shape"": ""ellipse"", ""morph_close_iterations"": 1, ""morph_open_iterations"": 1, ""min_area"": 1600, ""lock_frames"": 10, ""camera_stable"": false, ""motion_model"": ""affine"", ""motion_per_frame_threshold"": 1.5, ""cumulative_motion_threshold"": 3, ""peak_on_shift"": ""reset"", ""write_mask_pngs"": ""true"", ""write_overlay_pngs"": ""false"", ""write_heatmap_pngs"": ""false"", ""backend"": ""cuda"", ""roi_margin"": 0.0}"
phase2__input_6__channel_weights=1_0_0__colorspace=CIELAB__darken_only=1,input_6,True,0.9374936816658579,0.9673644203044656,0.40881300195126435,0.9328189049920255,2.5285766376182437,,"{""colorspace"": ""CIELAB"", ""channel_weights"": ""1,0,0"", ""darken_only"": true, ""peak_reference"": true, ""ref_mode"": [""first""], ""ref_running_alpha"": 0.05, ""dynamic_target_fraction"": 0.2, ""dynamic_lag_scale"": 1, ""pre_delta_blur"": ""none"", ""blur"": ""gaussian:9"", ""threshold"": ""otsu"", ""threshold_offset"": -30, ""morph_kernel"": 13, ""morph_shape"": ""ellipse"", ""morph_close_iterations"": 1, ""morph_open_iterations"": 1, ""min_area"": 1600, ""lock_frames"": 0, ""camera_stable"": false, ""motion_model"": ""affine"", ""motion_per_frame_threshold"": 1.5, ""cumulative_motion_threshold"": 3, ""peak_on_shift"": ""reset"", ""write_mask_pngs"": ""true"", ""write_overlay_pngs"": ""false"", ""write_heatmap_pngs"": ""false"", ""backend"": ""cuda"", ""roi_margin"": 0.0}"
phase2__input_6__channel_weights=1_1_1__colorspace=CIELAB__darken_only=1,input_6,True,0.9374936816658579,0.9673644203044656,0.40881300195126435,0.9328189049920255,2.4819158744066954,,"{""colorspace"": ""CIELAB"", ""channel_weights"": ""1,1,1"", ""darken_only"": true, ""peak_reference"": true, ""ref_mode"": [""first""], ""ref_running_alpha"": 0.05, ""dynamic_target_fraction"": 0.2, ""dynamic_lag_scale"": 1, ""pre_delta_blur"": ""none"", ""blur"": ""gaussian:9"", ""threshold"": ""otsu"", ""threshold_offset"": -30, ""morph_kernel"": 13, ""morph_shape"": ""ellipse"", ""morph_close_iterations"": 1, ""morph_open_iterations"": 1, ""min_area"": 1600, ""lock_frames"": 0, ""camera_stable"": false, ""motion_model"": ""affine"", ""motion_per_frame_threshold"": 1.5, ""cumulative_motion_threshold"": 3, ""peak_on_shift"": ""reset"", ""write_mask_pngs"": ""true"", ""write_overlay_pngs"": ""false"", ""write_heatmap_pngs"": ""false"", ""backend"": ""cuda"", ""roi_margin"": 0.0}"
phase2__input_6__channel_weights=1_0.5_0.5__colorspace=CIELAB__darken_only=1,input_6,True,0.9374936816658579,0.9673644203044656,0.40881300195126435,0.9328189049920255,2.6219277773052454,,"{""colorspace"": ""CIELAB"", ""channel_weights"": ""1,0.5,0.5"", ""darken_only"": true, ""peak_reference"": true, ""ref_mode"": [""first""], ""ref_running_alpha"": 0.05, ""dynamic_target_fraction"": 0.2, ""dynamic_lag_scale"": 1, ""pre_delta_blur"": ""none"", ""blur"": ""gaussian:9"", ""threshold"": ""otsu"", ""threshold_offset"": -30, ""morph_kernel"": 13, ""morph_shape"": ""ellipse"", ""morph_close_iterations"": 1, ""morph_open_iterations"": 1, ""min_area"": 1600, ""lock_frames"": 0, ""camera_stable"": false, ""motion_model"": ""affine"", ""motion_per_frame_threshold"": 1.5, ""cumulative_motion_threshold"": 3, ""peak_on_shift"": ""reset"", ""write_mask_pngs"": ""true"", ""write_overlay_pngs"": ""false"", ""write_heatmap_pngs"": ""false"", ""backend"": ""cuda"", ""roi_margin"": 0.0}"
phase2__input_6__channel_weights=1_0_0__colorspace=RGB__darken_only=1,input_6,True,0.9349562654337087,0.9659249736172978,0.3957241068406849,0.9126137779889302,13.90170690510422,,"{""colorspace"": ""RGB"", ""channel_weights"": ""1,0,0"", ""darken_only"": true, ""peak_reference"": true, ""ref_mode"": [""first""], ""ref_running_alpha"": 0.05, ""dynamic_target_fraction"": 0.2, ""dynamic_lag_scale"": 1, ""pre_delta_blur"": ""none"", ""blur"": ""gaussian:9"", ""threshold"": ""otsu"", ""threshold_offset"": -30, ""morph_kernel"": 13, ""morph_shape"": ""ellipse"", ""morph_close_iterations"": 1, ""morph_open_iterations"": 1, ""min_area"": 1600, ""lock_frames"": 0, ""camera_stable"": false, ""motion_model"": ""affine"", ""motion_per_frame_threshold"": 1.5, ""cumulative_motion_threshold"": 3, ""peak_on_shift"": ""reset"", ""write_mask_pngs"": ""true"", ""write_overlay_pngs"": ""false"", ""write_heatmap_pngs"": ""false"", ""backend"": ""cuda"", ""roi_margin"": 0.0}"
phase2__input_6__channel_weights=1_1_1__colorspace=RGB__darken_only=1,input_6,True,0.9349562654337087,0.9659249736172978,0.3957241068406849,0.9126137779889302,14.440295348875225,,"{""colorspace"": ""RGB"", ""channel_weights"": ""1,1,1"", ""darken_only"": true, ""peak_reference"": true, ""ref_mode"": [""first""], ""ref_running_alpha"": 0.05, ""dynamic_target_fraction"": 0.2, ""dynamic_lag_scale"": 1, ""pre_delta_blur"": ""none"", ""blur"": ""gaussian:9"", ""threshold"": ""otsu"", ""threshold_offset"": -30, ""morph_kernel"": 13, ""morph_shape"": ""ellipse"", ""morph_close_iterations"": 1, ""morph_open_iterations"": 1, ""min_area"": 1600, ""lock_frames"": 0, ""camera_stable"": false, ""motion_model"": ""affine"", ""motion_per_frame_threshold"": 1.5, ""cumulative_motion_threshold"": 3, ""peak_on_shift"": ""reset"", ""write_mask_pngs"": ""true"", ""write_overlay_pngs"": ""false"", ""write_heatmap_pngs"": ""false"", ""backend"": ""cuda"", ""roi_margin"": 0.0}"
phase2__input_6__channel_weights=0.299_0.587_0.114__colorspace=RGB__darken_only=1,input_6,True,0.9349562654337087,0.9659249736172978,0.3957241068406849,0.9126137779889302,14.585945460014045,,"{""colorspace"": ""RGB"", ""channel_weights"": ""0.299,0.587,0.114"", ""darken_only"": true, ""peak_reference"": true, ""ref_mode"": [""first""], ""ref_running_alpha"": 0.05, ""dynamic_target_fraction"": 0.2, ""dynamic_lag_scale"": 1, ""pre_delta_blur"": ""none"", ""blur"": ""gaussian:9"", ""threshold"": ""otsu"", ""threshold_offset"": -30, ""morph_kernel"": 13, ""morph_shape"": ""ellipse"", ""morph_close_iterations"": 1, ""morph_open_iterations"": 1, ""min_area"": 1600, ""lock_frames"": 0, ""camera_stable"": false, ""motion_model"": ""affine"", ""motion_per_frame_threshold"": 1.5, ""cumulative_motion_threshold"": 3, ""peak_on_shift"": ""reset"", ""write_mask_pngs"": ""true"", ""write_overlay_pngs"": ""false"", ""write_heatmap_pngs"": ""false"", ""backend"": ""cuda"", ""roi_margin"": 0.0}"
phase2__input_6__channel_weights=0_0_1__colorspace=RGB__darken_only=1,input_6,True,0.0,0.0,0.0,0.0,13.284246834926307,,"{""colorspace"": ""RGB"", ""channel_weights"": ""0,0,1"", ""darken_only"": true, ""peak_reference"": true, ""ref_mode"": [""first""], ""ref_running_alpha"": 0.05, ""dynamic_target_fraction"": 0.2, ""dynamic_lag_scale"": 1, ""pre_delta_blur"": ""none"", ""blur"": ""gaussian:9"", ""threshold"": ""otsu"", ""threshold_offset"": -30, ""morph_kernel"": 13, ""morph_shape"": ""ellipse"", ""morph_close_iterations"": 1, ""morph_open_iterations"": 1, ""min_area"": 1600, ""lock_frames"": 0, ""camera_stable"": false, ""motion_model"": ""affine"", ""motion_per_frame_threshold"": 1.5, ""cumulative_motion_threshold"": 3, ""peak_on_shift"": ""reset"", ""write_mask_pngs"": ""true"", ""write_overlay_pngs"": ""false"", ""write_heatmap_pngs"": ""false"", ""backend"": ""cuda"", ""roi_margin"": 0.0}"
phase2__input_6__channel_weights=0_0_1__colorspace=HSV__darken_only=1,input_6,True,0.0,0.0,0.0,0.0,12.926204058341682,,"{""colorspace"": ""HSV"", ""channel_weights"": ""0,0,1"", ""darken_only"": true, ""peak_reference"": true, ""ref_mode"": [""first""], ""ref_running_alpha"": 0.05, ""dynamic_target_fraction"": 0.2, ""dynamic_lag_scale"": 1, ""pre_delta_blur"": ""none"", ""blur"": ""gaussian:9"", ""threshold"": ""otsu"", ""threshold_offset"": -30, ""morph_kernel"": 13, ""morph_shape"": ""ellipse"", ""morph_close_iterations"": 1, ""morph_open_iterations"": 1, ""min_area"": 1600, ""lock_frames"": 0, ""camera_stable"": false, ""motion_model"": ""affine"", ""motion_per_frame_threshold"": 1.5, ""cumulative_motion_threshold"": 3, ""peak_on_shift"": ""reset"", ""write_mask_pngs"": ""true"", ""write_overlay_pngs"": ""false"", ""write_heatmap_pngs"": ""false"", ""backend"": ""cuda"", ""roi_margin"": 0.0}"
phase2__input_6__channel_weights=1__colorspace=GRAYSCALE__darken_only=1,input_6,True,0.9395409990167061,0.9684588774957559,0.42748538573285694,0.9393765885641422,11.580207160674036,,"{""colorspace"": ""GRAYSCALE"", ""channel_weights"": ""1"", ""darken_only"": true, ""peak_reference"": true, ""ref_mode"": [""first""], ""ref_running_alpha"": 0.05, ""dynamic_target_fraction"": 0.2, ""dynamic_lag_scale"": 1, ""pre_delta_blur"": ""none"", ""blur"": ""gaussian:9"", ""threshold"": ""otsu"", ""threshold_offset"": -30, ""morph_kernel"": 13, ""morph_shape"": ""ellipse"", ""morph_close_iterations"": 1, ""morph_open_iterations"": 1, ""min_area"": 1600, ""lock_frames"": 0, ""camera_stable"": false, ""motion_model"": ""affine"", ""motion_per_frame_threshold"": 1.5, ""cumulative_motion_threshold"": 3, ""peak_on_shift"": ""reset"", ""write_mask_pngs"": ""true"", ""write_overlay_pngs"": ""false"", ""write_heatmap_pngs"": ""false"", ""backend"": ""cuda"", ""roi_margin"": 0.0}"
phase2__input_6__channel_weights=0_1_1__colorspace=HSV__darken_only=1,input_6,True,0.0,0.0,0.0,0.0,13.322598423808813,,"{""colorspace"": ""HSV"", ""channel_weights"": ""0,1,1"", ""darken_only"": true, ""peak_reference"": true, ""ref_mode"": [""first""], ""ref_running_alpha"": 0.05, ""dynamic_target_fraction"": 0.2, ""dynamic_lag_scale"": 1, ""pre_delta_blur"": ""none"", ""blur"": ""gaussian:9"", ""threshold"": ""otsu"", ""threshold_offset"": -30, ""morph_kernel"": 13, ""morph_shape"": ""ellipse"", ""morph_close_iterations"": 1, ""morph_open_iterations"": 1, ""min_area"": 1600, ""lock_frames"": 0, ""camera_stable"": false, ""motion_model"": ""affine"", ""motion_per_frame_threshold"": 1.5, ""cumulative_motion_threshold"": 3, ""peak_on_shift"": ""reset"", ""write_mask_pngs"": ""true"", ""write_overlay_pngs"": ""false"", ""write_heatmap_pngs"": ""false"", ""backend"": ""cuda"", ""roi_margin"": 0.0}"
phase2__input_7__channel_weights=0_1_1__colorspace=CIELAB__darken_only=1,input_7,True,0.0,0.0,0.0,0.0,1.6129550281912088,,"{""colorspace"": ""CIELAB"", ""channel_weights"": ""0,1,1"", ""darken_only"": true, ""peak_reference"": true, ""ref_mode"": [""first""], ""ref_running_alpha"": 0.05, ""dynamic_target_fraction"": 0.2, ""dynamic_lag_scale"": 1, ""pre_delta_blur"": ""none"", ""blur"": ""gaussian:9"", ""threshold"": ""otsu"", ""threshold_offset"": -10, ""morph_kernel"": 13, ""morph_shape"": ""ellipse"", ""morph_close_iterations"": 1, ""morph_open_iterations"": 1, ""min_area"": 400, ""lock_frames"": 10, ""camera_stable"": false, ""motion_model"": ""affine"", ""motion_per_frame_threshold"": 1.5, ""cumulative_motion_threshold"": 3, ""peak_on_shift"": ""reset"", ""write_mask_pngs"": ""true"", ""write_overlay_pngs"": ""false"", ""write_heatmap_pngs"": ""false"", ""backend"": ""cuda"", ""roi_margin"": 0.0}"
phase2__input_7__channel_weights=1_0_0__colorspace=CIELAB__darken_only=1,input_7,True,0.9537805349810451,0.9762147413850759,0.5055605327424237,0.9142752148918598,2.6121698142960668,,"{""colorspace"": ""CIELAB"", ""channel_weights"": ""1,0,0"", ""darken_only"": true, ""peak_reference"": true, ""ref_mode"": [""first""], ""ref_running_alpha"": 0.05, ""dynamic_target_fraction"": 0.2, ""dynamic_lag_scale"": 1, ""pre_delta_blur"": ""none"", ""blur"": ""gaussian:9"", ""threshold"": ""otsu"", ""threshold_offset"": -10, ""morph_kernel"": 13, ""morph_shape"": ""ellipse"", ""morph_close_iterations"": 1, ""morph_open_iterations"": 1, ""min_area"": 400, ""lock_frames"": 10, ""camera_stable"": false, ""motion_model"": ""affine"", ""motion_per_frame_threshold"": 1.5, ""cumulative_motion_threshold"": 3, ""peak_on_shift"": ""reset"", ""write_mask_pngs"": ""true"", ""write_overlay_pngs"": ""false"", ""write_heatmap_pngs"": ""false"", ""backend"": ""cuda"", ""roi_margin"": 0.0}"
phase2__input_7__channel_weights=1_1_1__colorspace=CIELAB__darken_only=1,input_7,True,0.9537911906680918,0.9762202794427601,0.5056297901046076,0.9142752148918598,2.5460316836833954,,"{""colorspace"": ""CIELAB"", ""channel_weights"": ""1,1,1"", ""darken_only"": true, ""peak_reference"": true, ""ref_mode"": [""first""], ""ref_running_alpha"": 0.05, ""dynamic_target_fraction"": 0.2, ""dynamic_lag_scale"": 1, ""pre_delta_blur"": ""none"", ""blur"": ""gaussian:9"", ""threshold"": ""otsu"", ""threshold_offset"": -10, ""morph_kernel"": 13, ""morph_shape"": ""ellipse"", ""morph_close_iterations"": 1, ""morph_open_iterations"": 1, ""min_area"": 400, ""lock_frames"": 10, ""camera_stable"": false, ""motion_model"": ""affine"", ""motion_per_frame_threshold"": 1.5, ""cumulative_motion_threshold"": 3, ""peak_on_shift"": ""reset"", ""write_mask_pngs"": ""true"", ""write_overlay_pngs"": ""false"", ""write_heatmap_pngs"": ""false"", ""backend"": ""cuda"", ""roi_margin"": 0.0}"
phase2__input_6__channel_weights=1_1_1__colorspace=HSV__darken_only=1,input_6,True,0.38370723806687107,0.5266485606697298,0.17359069289973372,0.7246283467839642,15.58746856637299,,"{""colorspace"": ""HSV"", ""channel_weights"": ""1,1,1"", ""darken_only"": true, ""peak_reference"": true, ""ref_mode"": [""first""], ""ref_running_alpha"": 0.05, ""dynamic_target_fraction"": 0.2, ""dynamic_lag_scale"": 1, ""pre_delta_blur"": ""none"", ""blur"": ""gaussian:9"", ""threshold"": ""otsu"", ""threshold_offset"": -30, ""morph_kernel"": 13, ""morph_shape"": ""ellipse"", ""morph_close_iterations"": 1, ""morph_open_iterations"": 1, ""min_area"": 1600, ""lock_frames"": 0, ""camera_stable"": false, ""motion_model"": ""affine"", ""motion_per_frame_threshold"": 1.5, ""cumulative_motion_threshold"": 3, ""peak_on_shift"": ""reset"", ""write_mask_pngs"": ""true"", ""write_overlay_pngs"": ""false"", ""write_heatmap_pngs"": ""false"", ""backend"": ""cuda"", ""roi_margin"": 0.0}"
phase2__input_7__channel_weights=1_0.5_0.5__colorspace=CIELAB__darken_only=1,input_7,True,0.9537911906680918,0.9762202794427601,0.5056297901046076,0.9142752148918598,2.755522440187633,,"{""colorspace"": ""CIELAB"", ""channel_weights"": ""1,0.5,0.5"", ""darken_only"": true, ""peak_reference"": true, ""ref_mode"": [""first""], ""ref_running_alpha"": 0.05, ""dynamic_target_fraction"": 0.2, ""dynamic_lag_scale"": 1, ""pre_delta_blur"": ""none"", ""blur"": ""gaussian:9"", ""threshold"": ""otsu"", ""threshold_offset"": -10, ""morph_kernel"": 13, ""morph_shape"": ""ellipse"", ""morph_close_iterations"": 1, ""morph_open_iterations"": 1, ""min_area"": 400, ""lock_frames"": 10, ""camera_stable"": false, ""motion_model"": ""affine"", ""motion_per_frame_threshold"": 1.5, ""cumulative_motion_threshold"": 3, ""peak_on_shift"": ""reset"", ""write_mask_pngs"": ""true"", ""write_overlay_pngs"": ""false"", ""write_heatmap_pngs"": ""false"", ""backend"": ""cuda"", ""roi_margin"": 0.0}"
phase2__input_7__channel_weights=1_1_1__colorspace=RGB__darken_only=1,input_7,True,0.9540437587710564,0.9763535266676188,0.5070386466445284,0.9145131849971561,15.150292002595961,,"{""colorspace"": ""RGB"", ""channel_weights"": ""1,1,1"", ""darken_only"": true, ""peak_reference"": true, ""ref_mode"": [""first""], ""ref_running_alpha"": 0.05, ""dynamic_target_fraction"": 0.2, ""dynamic_lag_scale"": 1, ""pre_delta_blur"": ""none"", ""blur"": ""gaussian:9"", ""threshold"": ""otsu"", ""threshold_offset"": -10, ""morph_kernel"": 13, ""morph_shape"": ""ellipse"", ""morph_close_iterations"": 1, ""morph_open_iterations"": 1, ""min_area"": 400, ""lock_frames"": 10, ""camera_stable"": false, ""motion_model"": ""affine"", ""motion_per_frame_threshold"": 1.5, ""cumulative_motion_threshold"": 3, ""peak_on_shift"": ""reset"", ""write_mask_pngs"": ""true"", ""write_overlay_pngs"": ""false"", ""write_heatmap_pngs"": ""false"", ""backend"": ""cuda"", ""roi_margin"": 0.0}"
phase2__input_7__channel_weights=0.299_0.587_0.114__colorspace=RGB__darken_only=1,input_7,True,0.9540437587710564,0.9763535266676188,0.5070386466445284,0.9145131849971561,15.615608126856387,,"{""colorspace"": ""RGB"", ""channel_weights"": ""0.299,0.587,0.114"", ""darken_only"": true, ""peak_reference"": true, ""ref_mode"": [""first""], ""ref_running_alpha"": 0.05, ""dynamic_target_fraction"": 0.2, ""dynamic_lag_scale"": 1, ""pre_delta_blur"": ""none"", ""blur"": ""gaussian:9"", ""threshold"": ""otsu"", ""threshold_offset"": -10, ""morph_kernel"": 13, ""morph_shape"": ""ellipse"", ""morph_close_iterations"": 1, ""morph_open_iterations"": 1, ""min_area"": 400, ""lock_frames"": 10, ""camera_stable"": false, ""motion_model"": ""affine"", ""motion_per_frame_threshold"": 1.5, ""cumulative_motion_threshold"": 3, ""peak_on_shift"": ""reset"", ""write_mask_pngs"": ""true"", ""write_overlay_pngs"": ""false"", ""write_heatmap_pngs"": ""false"", ""backend"": ""cuda"", ""roi_margin"": 0.0}"
phase2__input_7__channel_weights=1_0_0__colorspace=RGB__darken_only=1,input_7,True,0.9540437587710564,0.9763535266676188,0.5070386466445284,0.9145131849971561,15.534946092404425,,"{""colorspace"": ""RGB"", ""channel_weights"": ""1,0,0"", ""darken_only"": true, ""peak_reference"": true, ""ref_mode"": [""first""], ""ref_running_alpha"": 0.05, ""dynamic_target_fraction"": 0.2, ""dynamic_lag_scale"": 1, ""pre_delta_blur"": ""none"", ""blur"": ""gaussian:9"", ""threshold"": ""otsu"", ""threshold_offset"": -10, ""morph_kernel"": 13, ""morph_shape"": ""ellipse"", ""morph_close_iterations"": 1, ""morph_open_iterations"": 1, ""min_area"": 400, ""lock_frames"": 10, ""camera_stable"": false, ""motion_model"": ""affine"", ""motion_per_frame_threshold"": 1.5, ""cumulative_motion_threshold"": 3, ""peak_on_shift"": ""reset"", ""write_mask_pngs"": ""true"", ""write_overlay_pngs"": ""false"", ""write_heatmap_pngs"": ""false"", ""backend"": ""cuda"", ""roi_margin"": 0.0}"
phase2__input_7__channel_weights=0_0_1__colorspace=RGB__darken_only=1,input_7,True,0.0,0.0,0.0,0.0,14.859806634485722,,"{""colorspace"": ""RGB"", ""channel_weights"": ""0,0,1"", ""darken_only"": true, ""peak_reference"": true, ""ref_mode"": [""first""], ""ref_running_alpha"": 0.05, ""dynamic_target_fraction"": 0.2, ""dynamic_lag_scale"": 1, ""pre_delta_blur"": ""none"", ""blur"": ""gaussian:9"", ""threshold"": ""otsu"", ""threshold_offset"": -10, ""morph_kernel"": 13, ""morph_shape"": ""ellipse"", ""morph_close_iterations"": 1, ""morph_open_iterations"": 1, ""min_area"": 400, ""lock_frames"": 10, ""camera_stable"": false, ""motion_model"": ""affine"", ""motion_per_frame_threshold"": 1.5, ""cumulative_motion_threshold"": 3, ""peak_on_shift"": ""reset"", ""write_mask_pngs"": ""true"", ""write_overlay_pngs"": ""false"", ""write_heatmap_pngs"": ""false"", ""backend"": ""cuda"", ""roi_margin"": 0.0}"
phase2__input_7__channel_weights=0_0_1__colorspace=HSV__darken_only=1,input_7,True,0.0,0.0,0.0,0.0,14.717854459770024,,"{""colorspace"": ""HSV"", ""channel_weights"": ""0,0,1"", ""darken_only"": true, ""peak_reference"": true, ""ref_mode"": [""first""], ""ref_running_alpha"": 0.05, ""dynamic_target_fraction"": 0.2, ""dynamic_lag_scale"": 1, ""pre_delta_blur"": ""none"", ""blur"": ""gaussian:9"", ""threshold"": ""otsu"", ""threshold_offset"": -10, ""morph_kernel"": 13, ""morph_shape"": ""ellipse"", ""morph_close_iterations"": 1, ""morph_open_iterations"": 1, ""min_area"": 400, ""lock_frames"": 10, ""camera_stable"": false, ""motion_model"": ""affine"", ""motion_per_frame_threshold"": 1.5, ""cumulative_motion_threshold"": 3, ""peak_on_shift"": ""reset"", ""write_mask_pngs"": ""true"", ""write_overlay_pngs"": ""false"", ""write_heatmap_pngs"": ""false"", ""backend"": ""cuda"", ""roi_margin"": 0.0}"
phase2__input_7__channel_weights=0_1_1__colorspace=HSV__darken_only=1,input_7,True,0.0,0.0,0.0,0.0,14.396122274920344,,"{""colorspace"": ""HSV"", ""channel_weights"": ""0,1,1"", ""darken_only"": true, ""peak_reference"": true, ""ref_mode"": [""first""], ""ref_running_alpha"": 0.05, ""dynamic_target_fraction"": 0.2, ""dynamic_lag_scale"": 1, ""pre_delta_blur"": ""none"", ""blur"": ""gaussian:9"", ""threshold"": ""otsu"", ""threshold_offset"": -10, ""morph_kernel"": 13, ""morph_shape"": ""ellipse"", ""morph_close_iterations"": 1, ""morph_open_iterations"": 1, ""min_area"": 400, ""lock_frames"": 10, ""camera_stable"": false, ""motion_model"": ""affine"", ""motion_per_frame_threshold"": 1.5, ""cumulative_motion_threshold"": 3, ""peak_on_shift"": ""reset"", ""write_mask_pngs"": ""true"", ""write_overlay_pngs"": ""false"", ""write_heatmap_pngs"": ""false"", ""backend"": ""cuda"", ""roi_margin"": 0.0}"
phase2__input_7__channel_weights=1__colorspace=GRAYSCALE__darken_only=1,input_7,True,0.9539832269728485,0.9763135439498297,0.507668750900274,0.914363190098433,12.919594924896955,,"{""colorspace"": ""GRAYSCALE"", ""channel_weights"": ""1"", ""darken_only"": true, ""peak_reference"": true, ""ref_mode"": [""first""], ""ref_running_alpha"": 0.05, ""dynamic_target_fraction"": 0.2, ""dynamic_lag_scale"": 1, ""pre_delta_blur"": ""none"", ""blur"": ""gaussian:9"", ""threshold"": ""otsu"", ""threshold_offset"": -10, ""morph_kernel"": 13, ""morph_shape"": ""ellipse"", ""morph_close_iterations"": 1, ""morph_open_iterations"": 1, ""min_area"": 400, ""lock_frames"": 10, ""camera_stable"": false, ""motion_model"": ""affine"", ""motion_per_frame_threshold"": 1.5, ""cumulative_motion_threshold"": 3, ""peak_on_shift"": ""reset"", ""write_mask_pngs"": ""true"", ""write_overlay_pngs"": ""false"", ""write_heatmap_pngs"": ""false"", ""backend"": ""cuda"", ""roi_margin"": 0.0}"
phase2__input_7__channel_weights=1_1_1__colorspace=HSV__darken_only=1,input_7,True,0.6596693643724645,0.7753724572443325,0.2019489776694762,0.8398084279319322,15.613936049863696,,"{""colorspace"": ""HSV"", ""channel_weights"": ""1,1,1"", ""darken_only"": true, ""peak_reference"": true, ""ref_mode"": [""first""], ""ref_running_alpha"": 0.05, ""dynamic_target_fraction"": 0.2, ""dynamic_lag_scale"": 1, ""pre_delta_blur"": ""none"", ""blur"": ""gaussian:9"", ""threshold"": ""otsu"", ""threshold_offset"": -10, ""morph_kernel"": 13, ""morph_shape"": ""ellipse"", ""morph_close_iterations"": 1, ""morph_open_iterations"": 1, ""min_area"": 400, ""lock_frames"": 10, ""camera_stable"": false, ""motion_model"": ""affine"", ""motion_per_frame_threshold"": 1.5, ""cumulative_motion_threshold"": 3, ""peak_on_shift"": ""reset"", ""write_mask_pngs"": ""true"", ""write_overlay_pngs"": ""false"", ""write_heatmap_pngs"": ""false"", ""backend"": ""cuda"", ""roi_margin"": 0.0}"
phase2__input_8__channel_weights=0_1_1__colorspace=CIELAB__darken_only=1,input_8,True,0.0,0.0,0.0,0.0,2.381039045751095,,"{""colorspace"": ""CIELAB"", ""channel_weights"": ""0,1,1"", ""darken_only"": true, ""peak_reference"": true, ""ref_mode"": [""first""], ""ref_running_alpha"": 0.05, ""dynamic_target_fraction"": 0.2, ""dynamic_lag_scale"": 1, ""pre_delta_blur"": ""none"", ""blur"": ""gaussian:9"", ""threshold"": ""otsu"", ""threshold_offset"": -10, ""morph_kernel"": 21, ""morph_shape"": ""ellipse"", ""morph_close_iterations"": 1, ""morph_open_iterations"": 1, ""min_area"": 1600, ""lock_frames"": 10, ""camera_stable"": false, ""motion_model"": ""affine"", ""motion_per_frame_threshold"": 1.5, ""cumulative_motion_threshold"": 3, ""peak_on_shift"": ""reset"", ""write_mask_pngs"": ""true"", ""write_overlay_pngs"": ""false"", ""write_heatmap_pngs"": ""false"", ""backend"": ""cuda"", ""roi_margin"": 0.0}"
phase2__input_8__channel_weights=1_0_0__colorspace=CIELAB__darken_only=1,input_8,True,0.94085803299351,0.9694941226368616,0.4108759329992012,0.9438470161794005,4.413137993775308,,"{""colorspace"": ""CIELAB"", ""channel_weights"": ""1,0,0"", ""darken_only"": true, ""peak_reference"": true, ""ref_mode"": [""first""], ""ref_running_alpha"": 0.05, ""dynamic_target_fraction"": 0.2, ""dynamic_lag_scale"": 1, ""pre_delta_blur"": ""none"", ""blur"": ""gaussian:9"", ""threshold"": ""otsu"", ""threshold_offset"": -10, ""morph_kernel"": 21, ""morph_shape"": ""ellipse"", ""morph_close_iterations"": 1, ""morph_open_iterations"": 1, ""min_area"": 1600, ""lock_frames"": 10, ""camera_stable"": false, ""motion_model"": ""affine"", ""motion_per_frame_threshold"": 1.5, ""cumulative_motion_threshold"": 3, ""peak_on_shift"": ""reset"", ""write_mask_pngs"": ""true"", ""write_overlay_pngs"": ""false"", ""write_heatmap_pngs"": ""false"", ""backend"": ""cuda"", ""roi_margin"": 0.0}"
phase2__input_8__channel_weights=1_1_1__colorspace=CIELAB__darken_only=1,input_8,True,0.94085803299351,0.9694941226368616,0.4108759329992012,0.9438470161794005,4.351262241601944,,"{""colorspace"": ""CIELAB"", ""channel_weights"": ""1,1,1"", ""darken_only"": true, ""peak_reference"": true, ""ref_mode"": [""first""], ""ref_running_alpha"": 0.05, ""dynamic_target_fraction"": 0.2, ""dynamic_lag_scale"": 1, ""pre_delta_blur"": ""none"", ""blur"": ""gaussian:9"", ""threshold"": ""otsu"", ""threshold_offset"": -10, ""morph_kernel"": 21, ""morph_shape"": ""ellipse"", ""morph_close_iterations"": 1, ""morph_open_iterations"": 1, ""min_area"": 1600, ""lock_frames"": 10, ""camera_stable"": false, ""motion_model"": ""affine"", ""motion_per_frame_threshold"": 1.5, ""cumulative_motion_threshold"": 3, ""peak_on_shift"": ""reset"", ""write_mask_pngs"": ""true"", ""write_overlay_pngs"": ""false"", ""write_heatmap_pngs"": ""false"", ""backend"": ""cuda"", ""roi_margin"": 0.0}"
phase2__input_8__channel_weights=1_0.5_0.5__colorspace=CIELAB__darken_only=1,input_8,True,0.94085803299351,0.9694941226368616,0.4108759329992012,0.9438470161794005,4.360797509551048,,"{""colorspace"": ""CIELAB"", ""channel_weights"": ""1,0.5,0.5"", ""darken_only"": true, ""peak_reference"": true, ""ref_mode"": [""first""], ""ref_running_alpha"": 0.05, ""dynamic_target_fraction"": 0.2, ""dynamic_lag_scale"": 1, ""pre_delta_blur"": ""none"", ""blur"": ""gaussian:9"", ""threshold"": ""otsu"", ""threshold_offset"": -10, ""morph_kernel"": 21, ""morph_shape"": ""ellipse"", ""morph_close_iterations"": 1, ""morph_open_iterations"": 1, ""min_area"": 1600, ""lock_frames"": 10, ""camera_stable"": false, ""motion_model"": ""affine"", ""motion_per_frame_threshold"": 1.5, ""cumulative_motion_threshold"": 3, ""peak_on_shift"": ""reset"", ""write_mask_pngs"": ""true"", ""write_overlay_pngs"": ""false"", ""write_heatmap_pngs"": ""false"", ""backend"": ""cuda"", ""roi_margin"": 0.0}"
phase2__input_8__channel_weights=1_1_1__colorspace=RGB__darken_only=1,input_8,True,0.9397359754210486,0.9688979610199239,0.40722712727244825,0.9291393387454197,29.333886734209955,,"{""colorspace"": ""RGB"", ""channel_weights"": ""1,1,1"", ""darken_only"": true, ""peak_reference"": true, ""ref_mode"": [""first""], ""ref_running_alpha"": 0.05, ""dynamic_target_fraction"": 0.2, ""dynamic_lag_scale"": 1, ""pre_delta_blur"": ""none"", ""blur"": ""gaussian:9"", ""threshold"": ""otsu"", ""threshold_offset"": -10, ""morph_kernel"": 21, ""morph_shape"": ""ellipse"", ""morph_close_iterations"": 1, ""morph_open_iterations"": 1, ""min_area"": 1600, ""lock_frames"": 10, ""camera_stable"": false, ""motion_model"": ""affine"", ""motion_per_frame_threshold"": 1.5, ""cumulative_motion_threshold"": 3, ""peak_on_shift"": ""reset"", ""write_mask_pngs"": ""true"", ""write_overlay_pngs"": ""false"", ""write_heatmap_pngs"": ""false"", ""backend"": ""cuda"", ""roi_margin"": 0.0}"
phase2__input_8__channel_weights=0_0_1__colorspace=RGB__darken_only=1,input_8,True,0.0,0.0,0.0,0.0,26.878163904882967,,"{""colorspace"": ""RGB"", ""channel_weights"": ""0,0,1"", ""darken_only"": true, ""peak_reference"": true, ""ref_mode"": [""first""], ""ref_running_alpha"": 0.05, ""dynamic_target_fraction"": 0.2, ""dynamic_lag_scale"": 1, ""pre_delta_blur"": ""none"", ""blur"": ""gaussian:9"", ""threshold"": ""otsu"", ""threshold_offset"": -10, ""morph_kernel"": 21, ""morph_shape"": ""ellipse"", ""morph_close_iterations"": 1, ""morph_open_iterations"": 1, ""min_area"": 1600, ""lock_frames"": 10, ""camera_stable"": false, ""motion_model"": ""affine"", ""motion_per_frame_threshold"": 1.5, ""cumulative_motion_threshold"": 3, ""peak_on_shift"": ""reset"", ""write_mask_pngs"": ""true"", ""write_overlay_pngs"": ""false"", ""write_heatmap_pngs"": ""false"", ""backend"": ""cuda"", ""roi_margin"": 0.0}"
phase2__input_8__channel_weights=0.299_0.587_0.114__colorspace=RGB__darken_only=1,input_8,True,0.9397359754210486,0.9688979610199239,0.40722712727244825,0.9291393387454197,29.066509641706944,,"{""colorspace"": ""RGB"", ""channel_weights"": ""0.299,0.587,0.114"", ""darken_only"": true, ""peak_reference"": true, ""ref_mode"": [""first""], ""ref_running_alpha"": 0.05, ""dynamic_target_fraction"": 0.2, ""dynamic_lag_scale"": 1, ""pre_delta_blur"": ""none"", ""blur"": ""gaussian:9"", ""threshold"": ""otsu"", ""threshold_offset"": -10, ""morph_kernel"": 21, ""morph_shape"": ""ellipse"", ""morph_close_iterations"": 1, ""morph_open_iterations"": 1, ""min_area"": 1600, ""lock_frames"": 10, ""camera_stable"": false, ""motion_model"": ""affine"", ""motion_per_frame_threshold"": 1.5, ""cumulative_motion_threshold"": 3, ""peak_on_shift"": ""reset"", ""write_mask_pngs"": ""true"", ""write_overlay_pngs"": ""false"", ""write_heatmap_pngs"": ""false"", ""backend"": ""cuda"", ""roi_margin"": 0.0}"
phase2__input_8__channel_weights=1_0_0__colorspace=RGB__darken_only=1,input_8,True,0.9397359754210486,0.9688979610199239,0.40722712727244825,0.9291393387454197,29.38076724112034,,"{""colorspace"": ""RGB"", ""channel_weights"": ""1,0,0"", ""darken_only"": true, ""peak_reference"": true, ""ref_mode"": [""first""], ""ref_running_alpha"": 0.05, ""dynamic_target_fraction"": 0.2, ""dynamic_lag_scale"": 1, ""pre_delta_blur"": ""none"", ""blur"": ""gaussian:9"", ""threshold"": ""otsu"", ""threshold_offset"": -10, ""morph_kernel"": 21, ""morph_shape"": ""ellipse"", ""morph_close_iterations"": 1, ""morph_open_iterations"": 1, ""min_area"": 1600, ""lock_frames"": 10, ""camera_stable"": false, ""motion_model"": ""affine"", ""motion_per_frame_threshold"": 1.5, ""cumulative_motion_threshold"": 3, ""peak_on_shift"": ""reset"", ""write_mask_pngs"": ""true"", ""write_overlay_pngs"": ""false"", ""write_heatmap_pngs"": ""false"", ""backend"": ""cuda"", ""roi_margin"": 0.0}"
phase2__input_8__channel_weights=1__colorspace=GRAYSCALE__darken_only=1,input_8,True,0.9416065297680752,0.9698879545116318,0.42678956051681843,0.9323550093405959,24.73225478734821,,"{""colorspace"": ""GRAYSCALE"", ""channel_weights"": ""1"", ""darken_only"": true, ""peak_reference"": true, ""ref_mode"": [""first""], ""ref_running_alpha"": 0.05, ""dynamic_target_fraction"": 0.2, ""dynamic_lag_scale"": 1, ""pre_delta_blur"": ""none"", ""blur"": ""gaussian:9"", ""threshold"": ""otsu"", ""threshold_offset"": -10, ""morph_kernel"": 21, ""morph_shape"": ""ellipse"", ""morph_close_iterations"": 1, ""morph_open_iterations"": 1, ""min_area"": 1600, ""lock_frames"": 10, ""camera_stable"": false, ""motion_model"": ""affine"", ""motion_per_frame_threshold"": 1.5, ""cumulative_motion_threshold"": 3, ""peak_on_shift"": ""reset"", ""write_mask_pngs"": ""true"", ""write_overlay_pngs"": ""false"", ""write_heatmap_pngs"": ""false"", ""backend"": ""cuda"", ""roi_margin"": 0.0}"
phase2__input_8__channel_weights=0_1_1__colorspace=HSV__darken_only=1,input_8,True,0.0,0.0,0.0,0.0,26.65538407303393,,"{""colorspace"": ""HSV"", ""channel_weights"": ""0,1,1"", ""darken_only"": true, ""peak_reference"": true, ""ref_mode"": [""first""], ""ref_running_alpha"": 0.05, ""dynamic_target_fraction"": 0.2, ""dynamic_lag_scale"": 1, ""pre_delta_blur"": ""none"", ""blur"": ""gaussian:9"", ""threshold"": ""otsu"", ""threshold_offset"": -10, ""morph_kernel"": 21, ""morph_shape"": ""ellipse"", ""morph_close_iterations"": 1, ""morph_open_iterations"": 1, ""min_area"": 1600, ""lock_frames"": 10, ""camera_stable"": false, ""motion_model"": ""affine"", ""motion_per_frame_threshold"": 1.5, ""cumulative_motion_threshold"": 3, ""peak_on_shift"": ""reset"", ""write_mask_pngs"": ""true"", ""write_overlay_pngs"": ""false"", ""write_heatmap_pngs"": ""false"", ""backend"": ""cuda"", ""roi_margin"": 0.0}"
phase2__input_8__channel_weights=0_0_1__colorspace=HSV__darken_only=1,input_8,True,0.0,0.0,0.0,0.0,28.75930895563215,,"{""colorspace"": ""HSV"", ""channel_weights"": ""0,0,1"", ""darken_only"": true, ""peak_reference"": true, ""ref_mode"": [""first""], ""ref_running_alpha"": 0.05, ""dynamic_target_fraction"": 0.2, ""dynamic_lag_scale"": 1, ""pre_delta_blur"": ""none"", ""blur"": ""gaussian:9"", ""threshold"": ""otsu"", ""threshold_offset"": -10, ""morph_kernel"": 21, ""morph_shape"": ""ellipse"", ""morph_close_iterations"": 1, ""morph_open_iterations"": 1, ""min_area"": 1600, ""lock_frames"": 10, ""camera_stable"": false, ""motion_model"": ""affine"", ""motion_per_frame_threshold"": 1.5, ""cumulative_motion_threshold"": 3, ""peak_on_shift"": ""reset"", ""write_mask_pngs"": ""true"", ""write_overlay_pngs"": ""false"", ""write_heatmap_pngs"": ""false"", ""backend"": ""cuda"", ""roi_margin"": 0.0}"
phase2__input_8__channel_weights=1_1_1__colorspace=HSV__darken_only=1,input_8,True,0.04862565843697295,0.09196353986036619,0.03965966596097673,0.3757399039791266,29.710320534184575,,"{""colorspace"": ""HSV"", ""channel_weights"": ""1,1,1"", ""darken_only"": true, ""peak_reference"": true, ""ref_mode"": [""first""], ""ref_running_alpha"": 0.05, ""dynamic_target_fraction"": 0.2, ""dynamic_lag_scale"": 1, ""pre_delta_blur"": ""none"", ""blur"": ""gaussian:9"", ""threshold"": ""otsu"", ""threshold_offset"": -10, ""morph_kernel"": 21, ""morph_shape"": ""ellipse"", ""morph_close_iterations"": 1, ""morph_open_iterations"": 1, ""min_area"": 1600, ""lock_frames"": 10, ""camera_stable"": false, ""motion_model"": ""affine"", ""motion_per_frame_threshold"": 1.5, ""cumulative_motion_threshold"": 3, ""peak_on_shift"": ""reset"", ""write_mask_pngs"": ""true"", ""write_overlay_pngs"": ""false"", ""write_heatmap_pngs"": ""false"", ""backend"": ""cuda"", ""roi_margin"": 0.0}"
phase2__input_9__channel_weights=0_1_1__colorspace=CIELAB__darken_only=1,input_9,True,0.0,0.0,0.0,0.0,2.495570302940905,,"{""colorspace"": ""CIELAB"", ""channel_weights"": ""0,1,1"", ""darken_only"": true, ""peak_reference"": true, ""ref_mode"": [""first""], ""ref_running_alpha"": 0.05, ""dynamic_target_fraction"": 0.2, ""dynamic_lag_scale"": 1, ""pre_delta_blur"": ""none"", ""blur"": ""gaussian:9"", ""threshold"": ""otsu"", ""threshold_offset"": -30, ""morph_kernel"": 13, ""morph_shape"": ""ellipse"", ""morph_close_iterations"": 1, ""morph_open_iterations"": 1, ""min_area"": 400, ""lock_frames"": 0, ""camera_stable"": false, ""motion_model"": ""affine"", ""motion_per_frame_threshold"": 1.5, ""cumulative_motion_threshold"": 3, ""peak_on_shift"": ""reset"", ""write_mask_pngs"": ""true"", ""write_overlay_pngs"": ""false"", ""write_heatmap_pngs"": ""false"", ""backend"": ""cuda"", ""roi_margin"": 0.0}"
phase2__input_9__channel_weights=1_0_0__colorspace=CIELAB__darken_only=1,input_9,True,0.9475803913778418,0.9730455429233025,0.45180035762089243,0.9527220315611107,4.453640562482178,,"{""colorspace"": ""CIELAB"", ""channel_weights"": ""1,0,0"", ""darken_only"": true, ""peak_reference"": true, ""ref_mode"": [""first""], ""ref_running_alpha"": 0.05, ""dynamic_target_fraction"": 0.2, ""dynamic_lag_scale"": 1, ""pre_delta_blur"": ""none"", ""blur"": ""gaussian:9"", ""threshold"": ""otsu"", ""threshold_offset"": -30, ""morph_kernel"": 13, ""morph_shape"": ""ellipse"", ""morph_close_iterations"": 1, ""morph_open_iterations"": 1, ""min_area"": 400, ""lock_frames"": 0, ""camera_stable"": false, ""motion_model"": ""affine"", ""motion_per_frame_threshold"": 1.5, ""cumulative_motion_threshold"": 3, ""peak_on_shift"": ""reset"", ""write_mask_pngs"": ""true"", ""write_overlay_pngs"": ""false"", ""write_heatmap_pngs"": ""false"", ""backend"": ""cuda"", ""roi_margin"": 0.0}"
phase2__input_9__channel_weights=1_1_1__colorspace=CIELAB__darken_only=1,input_9,True,0.9475803913778418,0.9730455429233025,0.45180035762089243,0.9527220315611107,4.412318667396903,,"{""colorspace"": ""CIELAB"", ""channel_weights"": ""1,1,1"", ""darken_only"": true, ""peak_reference"": true, ""ref_mode"": [""first""], ""ref_running_alpha"": 0.05, ""dynamic_target_fraction"": 0.2, ""dynamic_lag_scale"": 1, ""pre_delta_blur"": ""none"", ""blur"": ""gaussian:9"", ""threshold"": ""otsu"", ""threshold_offset"": -30, ""morph_kernel"": 13, ""morph_shape"": ""ellipse"", ""morph_close_iterations"": 1, ""morph_open_iterations"": 1, ""min_area"": 400, ""lock_frames"": 0, ""camera_stable"": false, ""motion_model"": ""affine"", ""motion_per_frame_threshold"": 1.5, ""cumulative_motion_threshold"": 3, ""peak_on_shift"": ""reset"", ""write_mask_pngs"": ""true"", ""write_overlay_pngs"": ""false"", ""write_heatmap_pngs"": ""false"", ""backend"": ""cuda"", ""roi_margin"": 0.0}"
phase2__input_9__channel_weights=1_0.5_0.5__colorspace=CIELAB__darken_only=1,input_9,True,0.9475803913778418,0.9730455429233025,0.45180035762089243,0.9527220315611107,4.555678795091808,,"{""colorspace"": ""CIELAB"", ""channel_weights"": ""1,0.5,0.5"", ""darken_only"": true, ""peak_reference"": true, ""ref_mode"": [""first""], ""ref_running_alpha"": 0.05, ""dynamic_target_fraction"": 0.2, ""dynamic_lag_scale"": 1, ""pre_delta_blur"": ""none"", ""blur"": ""gaussian:9"", ""threshold"": ""otsu"", ""threshold_offset"": -30, ""morph_kernel"": 13, ""morph_shape"": ""ellipse"", ""morph_close_iterations"": 1, ""morph_open_iterations"": 1, ""min_area"": 400, ""lock_frames"": 0, ""camera_stable"": false, ""motion_model"": ""affine"", ""motion_per_frame_threshold"": 1.5, ""cumulative_motion_threshold"": 3, ""peak_on_shift"": ""reset"", ""write_mask_pngs"": ""true"", ""write_overlay_pngs"": ""false"", ""write_heatmap_pngs"": ""false"", ""backend"": ""cuda"", ""roi_margin"": 0.0}"
phase2__input_9__channel_weights=1_1_1__colorspace=RGB__darken_only=1,input_9,True,0.9477186188226691,0.9731248059019982,0.44994917267948387,0.9520329958161232,25.807155347429216,,"{""colorspace"": ""RGB"", ""channel_weights"": ""1,1,1"", ""darken_only"": true, ""peak_reference"": true, ""ref_mode"": [""first""], ""ref_running_alpha"": 0.05, ""dynamic_target_fraction"": 0.2, ""dynamic_lag_scale"": 1, ""pre_delta_blur"": ""none"", ""blur"": ""gaussian:9"", ""threshold"": ""otsu"", ""threshold_offset"": -30, ""morph_kernel"": 13, ""morph_shape"": ""ellipse"", ""morph_close_iterations"": 1, ""morph_open_iterations"": 1, ""min_area"": 400, ""lock_frames"": 0, ""camera_stable"": false, ""motion_model"": ""affine"", ""motion_per_frame_threshold"": 1.5, ""cumulative_motion_threshold"": 3, ""peak_on_shift"": ""reset"", ""write_mask_pngs"": ""true"", ""write_overlay_pngs"": ""false"", ""write_heatmap_pngs"": ""false"", ""backend"": ""cuda"", ""roi_margin"": 0.0}"
phase2__input_9__channel_weights=1_0_0__colorspace=RGB__darken_only=1,input_9,True,0.9477186188226691,0.9731248059019982,0.44994917267948387,0.9520329958161232,25.69768901448697,,"{""colorspace"": ""RGB"", ""channel_weights"": ""1,0,0"", ""darken_only"": true, ""peak_reference"": true, ""ref_mode"": [""first""], ""ref_running_alpha"": 0.05, ""dynamic_target_fraction"": 0.2, ""dynamic_lag_scale"": 1, ""pre_delta_blur"": ""none"", ""blur"": ""gaussian:9"", ""threshold"": ""otsu"", ""threshold_offset"": -30, ""morph_kernel"": 13, ""morph_shape"": ""ellipse"", ""morph_close_iterations"": 1, ""morph_open_iterations"": 1, ""min_area"": 400, ""lock_frames"": 0, ""camera_stable"": false, ""motion_model"": ""affine"", ""motion_per_frame_threshold"": 1.5, ""cumulative_motion_threshold"": 3, ""peak_on_shift"": ""reset"", ""write_mask_pngs"": ""true"", ""write_overlay_pngs"": ""false"", ""write_heatmap_pngs"": ""false"", ""backend"": ""cuda"", ""roi_margin"": 0.0}"
phase2__input_9__channel_weights=0.299_0.587_0.114__colorspace=RGB__darken_only=1,input_9,True,0.9477186188226691,0.9731248059019982,0.44994917267948387,0.9520329958161232,27.3918053554371,,"{""colorspace"": ""RGB"", ""channel_weights"": ""0.299,0.587,0.114"", ""darken_only"": true, ""peak_reference"": true, ""ref_mode"": [""first""], ""ref_running_alpha"": 0.05, ""dynamic_target_fraction"": 0.2, ""dynamic_lag_scale"": 1, ""pre_delta_blur"": ""none"", ""blur"": ""gaussian:9"", ""threshold"": ""otsu"", ""threshold_offset"": -30, ""morph_kernel"": 13, ""morph_shape"": ""ellipse"", ""morph_close_iterations"": 1, ""morph_open_iterations"": 1, ""min_area"": 400, ""lock_frames"": 0, ""camera_stable"": false, ""motion_model"": ""affine"", ""motion_per_frame_threshold"": 1.5, ""cumulative_motion_threshold"": 3, ""peak_on_shift"": ""reset"", ""write_mask_pngs"": ""true"", ""write_overlay_pngs"": ""false"", ""write_heatmap_pngs"": ""false"", ""backend"": ""cuda"", ""roi_margin"": 0.0}"
phase2__input_9__channel_weights=0_0_1__colorspace=RGB__darken_only=1,input_9,True,0.0,0.0,0.0,0.0,24.284239545464516,,"{""colorspace"": ""RGB"", ""channel_weights"": ""0,0,1"", ""darken_only"": true, ""peak_reference"": true, ""ref_mode"": [""first""], ""ref_running_alpha"": 0.05, ""dynamic_target_fraction"": 0.2, ""dynamic_lag_scale"": 1, ""pre_delta_blur"": ""none"", ""blur"": ""gaussian:9"", ""threshold"": ""otsu"", ""threshold_offset"": -30, ""morph_kernel"": 13, ""morph_shape"": ""ellipse"", ""morph_close_iterations"": 1, ""morph_open_iterations"": 1, ""min_area"": 400, ""lock_frames"": 0, ""camera_stable"": false, ""motion_model"": ""affine"", ""motion_per_frame_threshold"": 1.5, ""cumulative_motion_threshold"": 3, ""peak_on_shift"": ""reset"", ""write_mask_pngs"": ""true"", ""write_overlay_pngs"": ""false"", ""write_heatmap_pngs"": ""false"", ""backend"": ""cuda"", ""roi_margin"": 0.0}"
phase2__input_9__channel_weights=1__colorspace=GRAYSCALE__darken_only=1,input_9,True,0.9488922927306064,0.9737426818402094,0.46032574058884784,0.9526023666585972,18.397807393223047,,"{""colorspace"": ""GRAYSCALE"", ""channel_weights"": ""1"", ""darken_only"": true, ""peak_reference"": true, ""ref_mode"": [""first""], ""ref_running_alpha"": 0.05, ""dynamic_target_fraction"": 0.2, ""dynamic_lag_scale"": 1, ""pre_delta_blur"": ""none"", ""blur"": ""gaussian:9"", ""threshold"": ""otsu"", ""threshold_offset"": -30, ""morph_kernel"": 13, ""morph_shape"": ""ellipse"", ""morph_close_iterations"": 1, ""morph_open_iterations"": 1, ""min_area"": 400, ""lock_frames"": 0, ""camera_stable"": false, ""motion_model"": ""affine"", ""motion_per_frame_threshold"": 1.5, ""cumulative_motion_threshold"": 3, ""peak_on_shift"": ""reset"", ""write_mask_pngs"": ""true"", ""write_overlay_pngs"": ""false"", ""write_heatmap_pngs"": ""false"", ""backend"": ""cuda"", ""roi_margin"": 0.0}"
phase2__input_9__channel_weights=0_1_1__colorspace=HSV__darken_only=1,input_9,True,0.0,0.0,0.0,0.0,23.92057283874601,,"{""colorspace"": ""HSV"", ""channel_weights"": ""0,1,1"", ""darken_only"": true, ""peak_reference"": true, ""ref_mode"": [""first""], ""ref_running_alpha"": 0.05, ""dynamic_target_fraction"": 0.2, ""dynamic_lag_scale"": 1, ""pre_delta_blur"": ""none"", ""blur"": ""gaussian:9"", ""threshold"": ""otsu"", ""threshold_offset"": -30, ""morph_kernel"": 13, ""morph_shape"": ""ellipse"", ""morph_close_iterations"": 1, ""morph_open_iterations"": 1, ""min_area"": 400, ""lock_frames"": 0, ""camera_stable"": false, ""motion_model"": ""affine"", ""motion_per_frame_threshold"": 1.5, ""cumulative_motion_threshold"": 3, ""peak_on_shift"": ""reset"", ""write_mask_pngs"": ""true"", ""write_overlay_pngs"": ""false"", ""write_heatmap_pngs"": ""false"", ""backend"": ""cuda"", ""roi_margin"": 0.0}"
phase2__input_9__channel_weights=0_0_1__colorspace=HSV__darken_only=1,input_9,True,0.0,0.0,0.0,0.0,24.93069147039205,,"{""colorspace"": ""HSV"", ""channel_weights"": ""0,0,1"", ""darken_only"": true, ""peak_reference"": true, ""ref_mode"": [""first""], ""ref_running_alpha"": 0.05, ""dynamic_target_fraction"": 0.2, ""dynamic_lag_scale"": 1, ""pre_delta_blur"": ""none"", ""blur"": ""gaussian:9"", ""threshold"": ""otsu"", ""threshold_offset"": -30, ""morph_kernel"": 13, ""morph_shape"": ""ellipse"", ""morph_close_iterations"": 1, ""morph_open_iterations"": 1, ""min_area"": 400, ""lock_frames"": 0, ""camera_stable"": false, ""motion_model"": ""affine"", ""motion_per_frame_threshold"": 1.5, ""cumulative_motion_threshold"": 3, ""peak_on_shift"": ""reset"", ""write_mask_pngs"": ""true"", ""write_overlay_pngs"": ""false"", ""write_heatmap_pngs"": ""false"", ""backend"": ""cuda"", ""roi_margin"": 0.0}"
phase2__input_10__channel_weights=1_0_0__colorspace=CIELAB__darken_only=1,input_10,True,0.9523592418034099,0.9755894627301649,0.4628193565695842,0.9536766229365208,3.883068213239312,,"{""colorspace"": ""CIELAB"", ""channel_weights"": ""1,0,0"", ""darken_only"": true, ""peak_reference"": true, ""ref_mode"": [""first""], ""ref_running_alpha"": 0.05, ""dynamic_target_fraction"": 0.2, ""dynamic_lag_scale"": 1, ""pre_delta_blur"": ""none"", ""blur"": ""gaussian:9"", ""threshold"": ""otsu"", ""threshold_offset"": -30, ""morph_kernel"": 21, ""morph_shape"": ""ellipse"", ""morph_close_iterations"": 1, ""morph_open_iterations"": 1, ""min_area"": 100, ""lock_frames"": 0, ""camera_stable"": false, ""motion_model"": ""affine"", ""motion_per_frame_threshold"": 1.5, ""cumulative_motion_threshold"": 3, ""peak_on_shift"": ""reset"", ""write_mask_pngs"": ""true"", ""write_overlay_pngs"": ""false"", ""write_heatmap_pngs"": ""false"", ""backend"": ""cuda"", ""roi_margin"": 0.0}"
phase2__input_10__channel_weights=0_1_1__colorspace=CIELAB__darken_only=1,input_10,True,0.0,0.0,0.0,0.0,2.2839175034314394,,"{""colorspace"": ""CIELAB"", ""channel_weights"": ""0,1,1"", ""darken_only"": true, ""peak_reference"": true, ""ref_mode"": [""first""], ""ref_running_alpha"": 0.05, ""dynamic_target_fraction"": 0.2, ""dynamic_lag_scale"": 1, ""pre_delta_blur"": ""none"", ""blur"": ""gaussian:9"", ""threshold"": ""otsu"", ""threshold_offset"": -30, ""morph_kernel"": 21, ""morph_shape"": ""ellipse"", ""morph_close_iterations"": 1, ""morph_open_iterations"": 1, ""min_area"": 100, ""lock_frames"": 0, ""camera_stable"": false, ""motion_model"": ""affine"", ""motion_per_frame_threshold"": 1.5, ""cumulative_motion_threshold"": 3, ""peak_on_shift"": ""reset"", ""write_mask_pngs"": ""true"", ""write_overlay_pngs"": ""false"", ""write_heatmap_pngs"": ""false"", ""backend"": ""cuda"", ""roi_margin"": 0.0}"
phase2__input_10__channel_weights=1_1_1__colorspace=CIELAB__darken_only=1,input_10,True,0.9523592418034099,0.9755894627301649,0.4628193565695842,0.9536766229365208,4.06574419606477,,"{""colorspace"": ""CIELAB"", ""channel_weights"": ""1,1,1"", ""darken_only"": true, ""peak_reference"": true, ""ref_mode"": [""first""], ""ref_running_alpha"": 0.05, ""dynamic_target_fraction"": 0.2, ""dynamic_lag_scale"": 1, ""pre_delta_blur"": ""none"", ""blur"": ""gaussian:9"", ""threshold"": ""otsu"", ""threshold_offset"": -30, ""morph_kernel"": 21, ""morph_shape"": ""ellipse"", ""morph_close_iterations"": 1, ""morph_open_iterations"": 1, ""min_area"": 100, ""lock_frames"": 0, ""camera_stable"": false, ""motion_model"": ""affine"", ""motion_per_frame_threshold"": 1.5, ""cumulative_motion_threshold"": 3, ""peak_on_shift"": ""reset"", ""write_mask_pngs"": ""true"", ""write_overlay_pngs"": ""false"", ""write_heatmap_pngs"": ""false"", ""backend"": ""cuda"", ""roi_margin"": 0.0}"
phase2__input_10__channel_weights=1_0.5_0.5__colorspace=CIELAB__darken_only=1,input_10,True,0.9523592418034099,0.9755894627301649,0.4628193565695842,0.9536766229365208,3.889243266545236,,"{""colorspace"": ""CIELAB"", ""channel_weights"": ""1,0.5,0.5"", ""darken_only"": true, ""peak_reference"": true, ""ref_mode"": [""first""], ""ref_running_alpha"": 0.05, ""dynamic_target_fraction"": 0.2, ""dynamic_lag_scale"": 1, ""pre_delta_blur"": ""none"", ""blur"": ""gaussian:9"", ""threshold"": ""otsu"", ""threshold_offset"": -30, ""morph_kernel"": 21, ""morph_shape"": ""ellipse"", ""morph_close_iterations"": 1, ""morph_open_iterations"": 1, ""min_area"": 100, ""lock_frames"": 0, ""camera_stable"": false, ""motion_model"": ""affine"", ""motion_per_frame_threshold"": 1.5, ""cumulative_motion_threshold"": 3, ""peak_on_shift"": ""reset"", ""write_mask_pngs"": ""true"", ""write_overlay_pngs"": ""false"", ""write_heatmap_pngs"": ""false"", ""backend"": ""cuda"", ""roi_margin"": 0.0}"
phase2__input_9__channel_weights=1_1_1__colorspace=HSV__darken_only=1,input_9,True,0.4675349198817795,0.6134939450190002,0.11247836732222034,0.8173704890155727,28.458916338160634,,"{""colorspace"": ""HSV"", ""channel_weights"": ""1,1,1"", ""darken_only"": true, ""peak_reference"": true, ""ref_mode"": [""first""], ""ref_running_alpha"": 0.05, ""dynamic_target_fraction"": 0.2, ""dynamic_lag_scale"": 1, ""pre_delta_blur"": ""none"", ""blur"": ""gaussian:9"", ""threshold"": ""otsu"", ""threshold_offset"": -30, ""morph_kernel"": 13, ""morph_shape"": ""ellipse"", ""morph_close_iterations"": 1, ""morph_open_iterations"": 1, ""min_area"": 400, ""lock_frames"": 0, ""camera_stable"": false, ""motion_model"": ""affine"", ""motion_per_frame_threshold"": 1.5, ""cumulative_motion_threshold"": 3, ""peak_on_shift"": ""reset"", ""write_mask_pngs"": ""true"", ""write_overlay_pngs"": ""false"", ""write_heatmap_pngs"": ""false"", ""backend"": ""cuda"", ""roi_margin"": 0.0}"
phase2__input_10__channel_weights=1_1_1__colorspace=RGB__darken_only=1,input_10,True,0.9498308613030024,0.9742536673285123,0.48110753720941285,0.9376433614607631,24.897085033357143,,"{""colorspace"": ""RGB"", ""channel_weights"": ""1,1,1"", ""darken_only"": true, ""peak_reference"": true, ""ref_mode"": [""first""], ""ref_running_alpha"": 0.05, ""dynamic_target_fraction"": 0.2, ""dynamic_lag_scale"": 1, ""pre_delta_blur"": ""none"", ""blur"": ""gaussian:9"", ""threshold"": ""otsu"", ""threshold_offset"": -30, ""morph_kernel"": 21, ""morph_shape"": ""ellipse"", ""morph_close_iterations"": 1, ""morph_open_iterations"": 1, ""min_area"": 100, ""lock_frames"": 0, ""camera_stable"": false, ""motion_model"": ""affine"", ""motion_per_frame_threshold"": 1.5, ""cumulative_motion_threshold"": 3, ""peak_on_shift"": ""reset"", ""write_mask_pngs"": ""true"", ""write_overlay_pngs"": ""false"", ""write_heatmap_pngs"": ""false"", ""backend"": ""cuda"", ""roi_margin"": 0.0}"
phase2__input_10__channel_weights=0.299_0.587_0.114__colorspace=RGB__darken_only=1,input_10,True,0.9498308613030024,0.9742536673285123,0.48110753720941285,0.9376433614607631,24.554261254146695,,"{""colorspace"": ""RGB"", ""channel_weights"": ""0.299,0.587,0.114"", ""darken_only"": true, ""peak_reference"": true, ""ref_mode"": [""first""], ""ref_running_alpha"": 0.05, ""dynamic_target_fraction"": 0.2, ""dynamic_lag_scale"": 1, ""pre_delta_blur"": ""none"", ""blur"": ""gaussian:9"", ""threshold"": ""otsu"", ""threshold_offset"": -30, ""morph_kernel"": 21, ""morph_shape"": ""ellipse"", ""morph_close_iterations"": 1, ""morph_open_iterations"": 1, ""min_area"": 100, ""lock_frames"": 0, ""camera_stable"": false, ""motion_model"": ""affine"", ""motion_per_frame_threshold"": 1.5, ""cumulative_motion_threshold"": 3, ""peak_on_shift"": ""reset"", ""write_mask_pngs"": ""true"", ""write_overlay_pngs"": ""false"", ""write_heatmap_pngs"": ""false"", ""backend"": ""cuda"", ""roi_margin"": 0.0}"
phase2__input_10__channel_weights=0_0_1__colorspace=RGB__darken_only=1,input_10,True,0.0,0.0,0.0,0.0,23.83535283152014,,"{""colorspace"": ""RGB"", ""channel_weights"": ""0,0,1"", ""darken_only"": true, ""peak_reference"": true, ""ref_mode"": [""first""], ""ref_running_alpha"": 0.05, ""dynamic_target_fraction"": 0.2, ""dynamic_lag_scale"": 1, ""pre_delta_blur"": ""none"", ""blur"": ""gaussian:9"", ""threshold"": ""otsu"", ""threshold_offset"": -30, ""morph_kernel"": 21, ""morph_shape"": ""ellipse"", ""morph_close_iterations"": 1, ""morph_open_iterations"": 1, ""min_area"": 100, ""lock_frames"": 0, ""camera_stable"": false, ""motion_model"": ""affine"", ""motion_per_frame_threshold"": 1.5, ""cumulative_motion_threshold"": 3, ""peak_on_shift"": ""reset"", ""write_mask_pngs"": ""true"", ""write_overlay_pngs"": ""false"", ""write_heatmap_pngs"": ""false"", ""backend"": ""cuda"", ""roi_margin"": 0.0}"
phase2__input_10__channel_weights=1_0_0__colorspace=RGB__darken_only=1,input_10,True,0.9498308613030024,0.9742536673285123,0.48110753720941285,0.9376433614607631,24.510371018201113,,"{""colorspace"": ""RGB"", ""channel_weights"": ""1,0,0"", ""darken_only"": true, ""peak_reference"": true, ""ref_mode"": [""first""], ""ref_running_alpha"": 0.05, ""dynamic_target_fraction"": 0.2, ""dynamic_lag_scale"": 1, ""pre_delta_blur"": ""none"", ""blur"": ""gaussian:9"", ""threshold"": ""otsu"", ""threshold_offset"": -30, ""morph_kernel"": 21, ""morph_shape"": ""ellipse"", ""morph_close_iterations"": 1, ""morph_open_iterations"": 1, ""min_area"": 100, ""lock_frames"": 0, ""camera_stable"": false, ""motion_model"": ""affine"", ""motion_per_frame_threshold"": 1.5, ""cumulative_motion_threshold"": 3, ""peak_on_shift"": ""reset"", ""write_mask_pngs"": ""true"", ""write_overlay_pngs"": ""false"", ""write_heatmap_pngs"": ""false"", ""backend"": ""cuda"", ""roi_margin"": 0.0}"
phase2__input_10__channel_weights=0_0_1__colorspace=HSV__darken_only=1,input_10,True,0.0,0.0,0.0,0.0,23.035949202254415,,"{""colorspace"": ""HSV"", ""channel_weights"": ""0,0,1"", ""darken_only"": true, ""peak_reference"": true, ""ref_mode"": [""first""], ""ref_running_alpha"": 0.05, ""dynamic_target_fraction"": 0.2, ""dynamic_lag_scale"": 1, ""pre_delta_blur"": ""none"", ""blur"": ""gaussian:9"", ""threshold"": ""otsu"", ""threshold_offset"": -30, ""morph_kernel"": 21, ""morph_shape"": ""ellipse"", ""morph_close_iterations"": 1, ""morph_open_iterations"": 1, ""min_area"": 100, ""lock_frames"": 0, ""camera_stable"": false, ""motion_model"": ""affine"", ""motion_per_frame_threshold"": 1.5, ""cumulative_motion_threshold"": 3, ""peak_on_shift"": ""reset"", ""write_mask_pngs"": ""true"", ""write_overlay_pngs"": ""false"", ""write_heatmap_pngs"": ""false"", ""backend"": ""cuda"", ""roi_margin"": 0.0}"
phase2__input_10__channel_weights=1_1_1__colorspace=HSV__darken_only=1,input_10,True,0.5474986739686957,0.7059118693708564,0.2329571791729416,0.8384105033678602,21.60160597972572,,"{""colorspace"": ""HSV"", ""channel_weights"": ""1,1,1"", ""darken_only"": true, ""peak_reference"": true, ""ref_mode"": [""first""], ""ref_running_alpha"": 0.05, ""dynamic_target_fraction"": 0.2, ""dynamic_lag_scale"": 1, ""pre_delta_blur"": ""none"", ""blur"": ""gaussian:9"", ""threshold"": ""otsu"", ""threshold_offset"": -30, ""morph_kernel"": 21, ""morph_shape"": ""ellipse"", ""morph_close_iterations"": 1, ""morph_open_iterations"": 1, ""min_area"": 100, ""lock_frames"": 0, ""camera_stable"": false, ""motion_model"": ""affine"", ""motion_per_frame_threshold"": 1.5, ""cumulative_motion_threshold"": 3, ""peak_on_shift"": ""reset"", ""write_mask_pngs"": ""true"", ""write_overlay_pngs"": ""false"", ""write_heatmap_pngs"": ""false"", ""backend"": ""cuda"", ""roi_margin"": 0.0}"
phase2__input_10__channel_weights=1__colorspace=GRAYSCALE__darken_only=1,input_10,True,0.9498454056946354,0.9742614405584711,0.4790519728309217,0.9380243420453848,21.245078928768635,,"{""colorspace"": ""GRAYSCALE"", ""channel_weights"": ""1"", ""darken_only"": true, ""peak_reference"": true, ""ref_mode"": [""first""], ""ref_running_alpha"": 0.05, ""dynamic_target_fraction"": 0.2, ""dynamic_lag_scale"": 1, ""pre_delta_blur"": ""none"", ""blur"": ""gaussian:9"", ""threshold"": ""otsu"", ""threshold_offset"": -30, ""morph_kernel"": 21, ""morph_shape"": ""ellipse"", ""morph_close_iterations"": 1, ""morph_open_iterations"": 1, ""min_area"": 100, ""lock_frames"": 0, ""camera_stable"": false, ""motion_model"": ""affine"", ""motion_per_frame_threshold"": 1.5, ""cumulative_motion_threshold"": 3, ""peak_on_shift"": ""reset"", ""write_mask_pngs"": ""true"", ""write_overlay_pngs"": ""false"", ""write_heatmap_pngs"": ""false"", ""backend"": ""cuda"", ""roi_margin"": 0.0}"
phase2__input_10__channel_weights=0_1_1__colorspace=HSV__darken_only=1,input_10,True,0.0,0.0,0.0,0.0,23.573222565464675,,"{""colorspace"": ""HSV"", ""channel_weights"": ""0,1,1"", ""darken_only"": true, ""peak_reference"": true, ""ref_mode"": [""first""], ""ref_running_alpha"": 0.05, ""dynamic_target_fraction"": 0.2, ""dynamic_lag_scale"": 1, ""pre_delta_blur"": ""none"", ""blur"": ""gaussian:9"", ""threshold"": ""otsu"", ""threshold_offset"": -30, ""morph_kernel"": 21, ""morph_shape"": ""ellipse"", ""morph_close_iterations"": 1, ""morph_open_iterations"": 1, ""min_area"": 100, ""lock_frames"": 0, ""camera_stable"": false, ""motion_model"": ""affine"", ""motion_per_frame_threshold"": 1.5, ""cumulative_motion_threshold"": 3, ""peak_on_shift"": ""reset"", ""write_mask_pngs"": ""true"", ""write_overlay_pngs"": ""false"", ""write_heatmap_pngs"": ""false"", ""backend"": ""cuda"", ""roi_margin"": 0.0}"
phase2__input_11__channel_weights=0_1_1__colorspace=CIELAB__darken_only=1,input_11,True,0.0,0.0,0.0,0.0,2.4486314095556736,,"{""colorspace"": ""CIELAB"", ""channel_weights"": ""0,1,1"", ""darken_only"": true, ""peak_reference"": true, ""ref_mode"": [""first""], ""ref_running_alpha"": 0.05, ""dynamic_target_fraction"": 0.2, ""dynamic_lag_scale"": 1, ""pre_delta_blur"": ""none"", ""blur"": ""gaussian:9"", ""threshold"": ""otsu"", ""threshold_offset"": -30, ""morph_kernel"": 13, ""morph_shape"": ""ellipse"", ""morph_close_iterations"": 1, ""morph_open_iterations"": 1, ""min_area"": 1600, ""lock_frames"": 0, ""camera_stable"": false, ""motion_model"": ""affine"", ""motion_per_frame_threshold"": 1.5, ""cumulative_motion_threshold"": 3, ""peak_on_shift"": ""reset"", ""write_mask_pngs"": ""true"", ""write_overlay_pngs"": ""false"", ""write_heatmap_pngs"": ""false"", ""backend"": ""cuda"", ""roi_margin"": 0.0}"
phase2__input_11__channel_weights=1_0_0__colorspace=CIELAB__darken_only=1,input_11,True,0.9117841816272261,0.9531386273889055,0.3600178371426923,0.9526837055883661,4.87748331297189,,"{""colorspace"": ""CIELAB"", ""channel_weights"": ""1,0,0"", ""darken_only"": true, ""peak_reference"": true, ""ref_mode"": [""first""], ""ref_running_alpha"": 0.05, ""dynamic_target_fraction"": 0.2, ""dynamic_lag_scale"": 1, ""pre_delta_blur"": ""none"", ""blur"": ""gaussian:9"", ""threshold"": ""otsu"", ""threshold_offset"": -30, ""morph_kernel"": 13, ""morph_shape"": ""ellipse"", ""morph_close_iterations"": 1, ""morph_open_iterations"": 1, ""min_area"": 1600, ""lock_frames"": 0, ""camera_stable"": false, ""motion_model"": ""affine"", ""motion_per_frame_threshold"": 1.5, ""cumulative_motion_threshold"": 3, ""peak_on_shift"": ""reset"", ""write_mask_pngs"": ""true"", ""write_overlay_pngs"": ""false"", ""write_heatmap_pngs"": ""false"", ""backend"": ""cuda"", ""roi_margin"": 0.0}"
phase2__input_11__channel_weights=1_1_1__colorspace=CIELAB__darken_only=1,input_11,True,0.9117841816272261,0.9531386273889055,0.3600178371426923,0.9526837055883661,4.682737569324672,,"{""colorspace"": ""CIELAB"", ""channel_weights"": ""1,1,1"", ""darken_only"": true, ""peak_reference"": true, ""ref_mode"": [""first""], ""ref_running_alpha"": 0.05, ""dynamic_target_fraction"": 0.2, ""dynamic_lag_scale"": 1, ""pre_delta_blur"": ""none"", ""blur"": ""gaussian:9"", ""threshold"": ""otsu"", ""threshold_offset"": -30, ""morph_kernel"": 13, ""morph_shape"": ""ellipse"", ""morph_close_iterations"": 1, ""morph_open_iterations"": 1, ""min_area"": 1600, ""lock_frames"": 0, ""camera_stable"": false, ""motion_model"": ""affine"", ""motion_per_frame_threshold"": 1.5, ""cumulative_motion_threshold"": 3, ""peak_on_shift"": ""reset"", ""write_mask_pngs"": ""true"", ""write_overlay_pngs"": ""false"", ""write_heatmap_pngs"": ""false"", ""backend"": ""cuda"", ""roi_margin"": 0.0}"
phase2__input_11__channel_weights=1_0.5_0.5__colorspace=CIELAB__darken_only=1,input_11,True,0.9117841816272261,0.9531386273889055,0.3600178371426923,0.9526837055883661,4.728678150102496,,"{""colorspace"": ""CIELAB"", ""channel_weights"": ""1,0.5,0.5"", ""darken_only"": true, ""peak_reference"": true, ""ref_mode"": [""first""], ""ref_running_alpha"": 0.05, ""dynamic_target_fraction"": 0.2, ""dynamic_lag_scale"": 1, ""pre_delta_blur"": ""none"", ""blur"": ""gaussian:9"", ""threshold"": ""otsu"", ""threshold_offset"": -30, ""morph_kernel"": 13, ""morph_shape"": ""ellipse"", ""morph_close_iterations"": 1, ""morph_open_iterations"": 1, ""min_area"": 1600, ""lock_frames"": 0, ""camera_stable"": false, ""motion_model"": ""affine"", ""motion_per_frame_threshold"": 1.5, ""cumulative_motion_threshold"": 3, ""peak_on_shift"": ""reset"", ""write_mask_pngs"": ""true"", ""write_overlay_pngs"": ""false"", ""write_heatmap_pngs"": ""false"", ""backend"": ""cuda"", ""roi_margin"": 0.0}"
phase2__input_11__channel_weights=1_1_1__colorspace=RGB__darken_only=1,input_11,True,0.9123631023646104,0.9535070268572351,0.36517678014688987,0.9446588610965991,25.872453920543194,,"{""colorspace"": ""RGB"", ""channel_weights"": ""1,1,1"", ""darken_only"": true, ""peak_reference"": true, ""ref_mode"": [""first""], ""ref_running_alpha"": 0.05, ""dynamic_target_fraction"": 0.2, ""dynamic_lag_scale"": 1, ""pre_delta_blur"": ""none"", ""blur"": ""gaussian:9"", ""threshold"": ""otsu"", ""threshold_offset"": -30, ""morph_kernel"": 13, ""morph_shape"": ""ellipse"", ""morph_close_iterations"": 1, ""morph_open_iterations"": 1, ""min_area"": 1600, ""lock_frames"": 0, ""camera_stable"": false, ""motion_model"": ""affine"", ""motion_per_frame_threshold"": 1.5, ""cumulative_motion_threshold"": 3, ""peak_on_shift"": ""reset"", ""write_mask_pngs"": ""true"", ""write_overlay_pngs"": ""false"", ""write_heatmap_pngs"": ""false"", ""backend"": ""cuda"", ""roi_margin"": 0.0}"
phase2__input_11__channel_weights=0_0_1__colorspace=RGB__darken_only=1,input_11,True,0.0,0.0,0.0,0.0,22.784120568074286,,"{""colorspace"": ""RGB"", ""channel_weights"": ""0,0,1"", ""darken_only"": true, ""peak_reference"": true, ""ref_mode"": [""first""], ""ref_running_alpha"": 0.05, ""dynamic_target_fraction"": 0.2, ""dynamic_lag_scale"": 1, ""pre_delta_blur"": ""none"", ""blur"": ""gaussian:9"", ""threshold"": ""otsu"", ""threshold_offset"": -30, ""morph_kernel"": 13, ""morph_shape"": ""ellipse"", ""morph_close_iterations"": 1, ""morph_open_iterations"": 1, ""min_area"": 1600, ""lock_frames"": 0, ""camera_stable"": false, ""motion_model"": ""affine"", ""motion_per_frame_threshold"": 1.5, ""cumulative_motion_threshold"": 3, ""peak_on_shift"": ""reset"", ""write_mask_pngs"": ""true"", ""write_overlay_pngs"": ""false"", ""write_heatmap_pngs"": ""false"", ""backend"": ""cuda"", ""roi_margin"": 0.0}"
phase2__input_11__channel_weights=0.299_0.587_0.114__colorspace=RGB__darken_only=1,input_11,True,0.9123631023646104,0.9535070268572351,0.36517678014688987,0.9446588610965991,25.802586370147765,,"{""colorspace"": ""RGB"", ""channel_weights"": ""0.299,0.587,0.114"", ""darken_only"": true, ""peak_reference"": true, ""ref_mode"": [""first""], ""ref_running_alpha"": 0.05, ""dynamic_target_fraction"": 0.2, ""dynamic_lag_scale"": 1, ""pre_delta_blur"": ""none"", ""blur"": ""gaussian:9"", ""threshold"": ""otsu"", ""threshold_offset"": -30, ""morph_kernel"": 13, ""morph_shape"": ""ellipse"", ""morph_close_iterations"": 1, ""morph_open_iterations"": 1, ""min_area"": 1600, ""lock_frames"": 0, ""camera_stable"": false, ""motion_model"": ""affine"", ""motion_per_frame_threshold"": 1.5, ""cumulative_motion_threshold"": 3, ""peak_on_shift"": ""reset"", ""write_mask_pngs"": ""true"", ""write_overlay_pngs"": ""false"", ""write_heatmap_pngs"": ""false"", ""backend"": ""cuda"", ""roi_margin"": 0.0}"
phase2__input_11__channel_weights=1_0_0__colorspace=RGB__darken_only=1,input_11,True,0.9123631023646104,0.9535070268572351,0.36517678014688987,0.9446588610965991,26.723882575519383,,"{""colorspace"": ""RGB"", ""channel_weights"": ""1,0,0"", ""darken_only"": true, ""peak_reference"": true, ""ref_mode"": [""first""], ""ref_running_alpha"": 0.05, ""dynamic_target_fraction"": 0.2, ""dynamic_lag_scale"": 1, ""pre_delta_blur"": ""none"", ""blur"": ""gaussian:9"", ""threshold"": ""otsu"", ""threshold_offset"": -30, ""morph_kernel"": 13, ""morph_shape"": ""ellipse"", ""morph_close_iterations"": 1, ""morph_open_iterations"": 1, ""min_area"": 1600, ""lock_frames"": 0, ""camera_stable"": false, ""motion_model"": ""affine"", ""motion_per_frame_threshold"": 1.5, ""cumulative_motion_threshold"": 3, ""peak_on_shift"": ""reset"", ""write_mask_pngs"": ""true"", ""write_overlay_pngs"": ""false"", ""write_heatmap_pngs"": ""false"", ""backend"": ""cuda"", ""roi_margin"": 0.0}"
phase2__input_11__channel_weights=0_1_1__colorspace=HSV__darken_only=1,input_11,True,0.0,0.0,0.0,0.0,17.910347372293472,,"{""colorspace"": ""HSV"", ""channel_weights"": ""0,1,1"", ""darken_only"": true, ""peak_reference"": true, ""ref_mode"": [""first""], ""ref_running_alpha"": 0.05, ""dynamic_target_fraction"": 0.2, ""dynamic_lag_scale"": 1, ""pre_delta_blur"": ""none"", ""blur"": ""gaussian:9"", ""threshold"": ""otsu"", ""threshold_offset"": -30, ""morph_kernel"": 13, ""morph_shape"": ""ellipse"", ""morph_close_iterations"": 1, ""morph_open_iterations"": 1, ""min_area"": 1600, ""lock_frames"": 0, ""camera_stable"": false, ""motion_model"": ""affine"", ""motion_per_frame_threshold"": 1.5, ""cumulative_motion_threshold"": 3, ""peak_on_shift"": ""reset"", ""write_mask_pngs"": ""true"", ""write_overlay_pngs"": ""false"", ""write_heatmap_pngs"": ""false"", ""backend"": ""cuda"", ""roi_margin"": 0.0}"
phase2__input_11__channel_weights=0_0_1__colorspace=HSV__darken_only=1,input_11,True,0.0,0.0,0.0,0.0,23.324405698105693,,"{""colorspace"": ""HSV"", ""channel_weights"": ""0,0,1"", ""darken_only"": true, ""peak_reference"": true, ""ref_mode"": [""first""], ""ref_running_alpha"": 0.05, ""dynamic_target_fraction"": 0.2, ""dynamic_lag_scale"": 1, ""pre_delta_blur"": ""none"", ""blur"": ""gaussian:9"", ""threshold"": ""otsu"", ""threshold_offset"": -30, ""morph_kernel"": 13, ""morph_shape"": ""ellipse"", ""morph_close_iterations"": 1, ""morph_open_iterations"": 1, ""min_area"": 1600, ""lock_frames"": 0, ""camera_stable"": false, ""motion_model"": ""affine"", ""motion_per_frame_threshold"": 1.5, ""cumulative_motion_threshold"": 3, ""peak_on_shift"": ""reset"", ""write_mask_pngs"": ""true"", ""write_overlay_pngs"": ""false"", ""write_heatmap_pngs"": ""false"", ""backend"": ""cuda"", ""roi_margin"": 0.0}"
phase2__input_11__channel_weights=1__colorspace=GRAYSCALE__darken_only=1,input_11,True,0.9134322754754447,0.9540759537659491,0.36392980156529686,0.944460207896417,20.534815611317754,,"{""colorspace"": ""GRAYSCALE"", ""channel_weights"": ""1"", ""darken_only"": true, ""peak_reference"": true, ""ref_mode"": [""first""], ""ref_running_alpha"": 0.05, ""dynamic_target_fraction"": 0.2, ""dynamic_lag_scale"": 1, ""pre_delta_blur"": ""none"", ""blur"": ""gaussian:9"", ""threshold"": ""otsu"", ""threshold_offset"": -30, ""morph_kernel"": 13, ""morph_shape"": ""ellipse"", ""morph_close_iterations"": 1, ""morph_open_iterations"": 1, ""min_area"": 1600, ""lock_frames"": 0, ""camera_stable"": false, ""motion_model"": ""affine"", ""motion_per_frame_threshold"": 1.5, ""cumulative_motion_threshold"": 3, ""peak_on_shift"": ""reset"", ""write_mask_pngs"": ""true"", ""write_overlay_pngs"": ""false"", ""write_heatmap_pngs"": ""false"", ""backend"": ""cuda"", ""roi_margin"": 0.0}"
phase2__input_11__channel_weights=1_1_1__colorspace=HSV__darken_only=1,input_11,True,0.6483446710559948,0.78565673534505,0.1862237943104557,0.938563916908126,25.567390422336757,,"{""colorspace"": ""HSV"", ""channel_weights"": ""1,1,1"", ""darken_only"": true, ""peak_reference"": true, ""ref_mode"": [""first""], ""ref_running_alpha"": 0.05, ""dynamic_target_fraction"": 0.2, ""dynamic_lag_scale"": 1, ""pre_delta_blur"": ""none"", ""blur"": ""gaussian:9"", ""threshold"": ""otsu"", ""threshold_offset"": -30, ""morph_kernel"": 13, ""morph_shape"": ""ellipse"", ""morph_close_iterations"": 1, ""morph_open_iterations"": 1, ""min_area"": 1600, ""lock_frames"": 0, ""camera_stable"": false, ""motion_model"": ""affine"", ""motion_per_frame_threshold"": 1.5, ""cumulative_motion_threshold"": 3, ""peak_on_shift"": ""reset"", ""write_mask_pngs"": ""true"", ""write_overlay_pngs"": ""false"", ""write_heatmap_pngs"": ""false"", ""backend"": ""cuda"", ""roi_margin"": 0.0}"
